Voucher Ref,Date,Account Code,Account Name,Debit USD,Credit USD,Memo
VOUCHER-20261008-00003,2026-10-10T00:08:24,1010,Assets:Bank:PenFed FBO Operating Cash,15.00,0.00,Waterfall Settlement Sweep - SCMA-FOUNDER (HMAC: AUTHENTICATE...)
VOUCHER-20261008-00003,2026-10-10T00:08:24,3010,Equity:Members:SCMA-FOUNDER,0.00,15.00,Waterfall Settlement Sweep - SCMA-FOUNDER (HMAC: AUTHENTICATE...)
VOUCHER-20261008-00004,2026-10-10T00:08:24,1010,Assets:Bank:PenFed FBO Operating Cash,100.00,0.00,Waterfall Settlement Sweep - SCMA-FOUNDER (HMAC: AUTHENTICATE...)
VOUCHER-20261008-00004,2026-10-10T00:08:24,3010,Equity:Members:SCMA-FOUNDER,0.00,100.00,Waterfall Settlement Sweep - SCMA-FOUNDER (HMAC: AUTHENTICATE...)
VOUCHER-20261008-00001,2026-10-10T00:08:24,1010,Assets:Bank:PenFed FBO Operating Cash,0.00,0.00,Waterfall Settlement Sweep - SCMA-FOUNDER (HMAC: AUTHENTICATE...)
VOUCHER-20261008-00001,2026-10-10T00:08:24,3010,Equity:Members:SCMA-FOUNDER,0.00,0.00,Waterfall Settlement Sweep - SCMA-FOUNDER (HMAC: AUTHENTICATE...)
VOUCHER-20261008-00002,2026-10-10T00:08:24,1010,Assets:Bank:PenFed FBO Operating Cash,0.00,0.00,Waterfall Settlement Sweep - SCMA-MEM-0001 (HMAC: AUTHENTICATE...)
VOUCHER-20261008-00002,2026-10-10T00:08:24,3020,Equity:Members:SCMA-MEM-0001,0.00,0.00,Waterfall Settlement Sweep - SCMA-MEM-0001 (HMAC: AUTHENTICATE...)
VOUCHER-20261009-00001,2026-10-10T00:08:24,1010,Assets:Bank:PenFed FBO Operating Cash,10.00,0.00,Waterfall Settlement Sweep - SCMA-FOUNDER (HMAC: AUTHENTICATE...)
VOUCHER-20261009-00001,2026-10-10T00:08:24,3010,Equity:Members:SCMA-FOUNDER,0.00,10.00,Waterfall Settlement Sweep - SCMA-FOUNDER (HMAC: AUTHENTICATE...)
VOUCHER-20261009-00002,2026-10-10T00:08:24,1010,Assets:Bank:PenFed FBO Operating Cash,35.67,0.00,Waterfall Settlement Sweep - SCMA-FOUNDER (HMAC: AUTHENTICATE...)
VOUCHER-20261009-00002,2026-10-10T00:08:24,3010,Equity:Members:SCMA-FOUNDER,0.00,35.67,Waterfall Settlement Sweep - SCMA-FOUNDER (HMAC: AUTHENTICATE...)
VOUCHER-20261009-00003,2026-10-10T00:08:24,1010,Assets:Bank:PenFed FBO Operating Cash,30.53,0.00,Waterfall Settlement Sweep - SCMA-MEM-0001 (HMAC: AUTHENTICATE...)
VOUCHER-20261009-00003,2026-10-10T00:08:24,3020,Equity:Members:SCMA-MEM-0001,0.00,30.53,Waterfall Settlement Sweep - SCMA-MEM-0001 (HMAC: AUTHENTICATE...)
VOUCHER-20261009-00004,2026-10-10T00:08:24,1010,Assets:Bank:PenFed FBO Operating Cash,35.67,0.00,Waterfall Settlement Sweep - SCMA-FOUNDER (HMAC: AUTHENTICATE...)
VOUCHER-20261009-00004,2026-10-10T00:08:24,3010,Equity:Members:SCMA-FOUNDER,0.00,35.67,Waterfall Settlement Sweep - SCMA-FOUNDER (HMAC: AUTHENTICATE...)
VOUCHER-20261009-00005,2026-10-10T00:08:24,1010,Assets:Bank:PenFed FBO Operating Cash,30.53,0.00,Waterfall Settlement Sweep - SCMA-MEM-0001 (HMAC: AUTHENTICATE...)
VOUCHER-20261009-00005,2026-10-10T00:08:24,3020,Equity:Members:SCMA-MEM-0001,0.00,30.53,Waterfall Settlement Sweep - SCMA-MEM-0001 (HMAC: AUTHENTICATE...)
VOUCHER-20261009-00006,2026-10-10T00:08:24,1010,Assets:Bank:PenFed FBO Operating Cash,35.67,0.00,Waterfall Settlement Sweep - SCMA-FOUNDER (HMAC: AUTHENTICATE...)
VOUCHER-20261009-00006,2026-10-10T00:08:24,3010,Equity:Members:SCMA-FOUNDER,0.00,35.67,Waterfall Settlement Sweep - SCMA-FOUNDER (HMAC: AUTHENTICATE...)
VOUCHER-20261009-00007,2026-10-10T00:08:24,1010,Assets:Bank:PenFed FBO Operating Cash,30.53,0.00,Waterfall Settlement Sweep - SCMA-MEM-0001 (HMAC: AUTHENTICATE...)
VOUCHER-20261009-00007,2026-10-10T00:08:24,3020,Equity:Members:SCMA-MEM-0001,0.00,30.53,Waterfall Settlement Sweep - SCMA-MEM-0001 (HMAC: AUTHENTICATE...)
VOUCHER-20261009-00008,2026-10-10T00:08:24,1010,Assets:Bank:PenFed FBO Operating Cash,35.67,0.00,Waterfall Settlement Sweep - SCMA-FOUNDER (HMAC: AUTHENTICATE...)
VOUCHER-20261009-00008,2026-10-10T00:08:24,3010,Equity:Members:SCMA-FOUNDER,0.00,35.67,Waterfall Settlement Sweep - SCMA-FOUNDER (HMAC: AUTHENTICATE...)
VOUCHER-20261009-00009,2026-10-10T00:08:24,1010,Assets:Bank:PenFed FBO Operating Cash,30.53,0.00,Waterfall Settlement Sweep - SCMA-MEM-0001 (HMAC: AUTHENTICATE...)
VOUCHER-20261009-00009,2026-10-10T00:08:24,3020,Equity:Members:SCMA-MEM-0001,0.00,30.53,Waterfall Settlement Sweep - SCMA-MEM-0001 (HMAC: AUTHENTICATE...)
VOUCHER-20261009-00010,2026-10-10T00:08:24,1010,Assets:Bank:PenFed FBO Operating Cash,35.67,0.00,Waterfall Settlement Sweep - SCMA-FOUNDER (HMAC: AUTHENTICATE...)
VOUCHER-20261009-00010,2026-10-10T00:08:24,3010,Equity:Members:SCMA-FOUNDER,0.00,35.67,Waterfall Settlement Sweep - SCMA-FOUNDER (HMAC: AUTHENTICATE...)
VOUCHER-20261009-00011,2026-10-10T00:08:24,1010,Assets:Bank:PenFed FBO Operating Cash,30.53,0.00,Waterfall Settlement Sweep - SCMA-MEM-0001 (HMAC: AUTHENTICATE...)
VOUCHER-20261009-00011,2026-10-10T00:08:24,3020,Equity:Members:SCMA-MEM-0001,0.00,30.53,Waterfall Settlement Sweep - SCMA-MEM-0001 (HMAC: AUTHENTICATE...)
VOUCHER-20261009-00012,2026-10-10T00:08:24,1010,Assets:Bank:PenFed FBO Operating Cash,35.67,0.00,Waterfall Settlement Sweep - SCMA-FOUNDER (HMAC: AUTHENTICATE...)
VOUCHER-20261009-00012,2026-10-10T00:08:24,3010,Equity:Members:SCMA-FOUNDER,0.00,35.67,Waterfall Settlement Sweep - SCMA-FOUNDER (HMAC: AUTHENTICATE...)
VOUCHER-20261009-00013,2026-10-10T00:08:24,1010,Assets:Bank:PenFed FBO Operating Cash,30.53,0.00,Waterfall Settlement Sweep - SCMA-MEM-0001 (HMAC: AUTHENTICATE...)
VOUCHER-20261009-00013,2026-10-10T00:08:24,3020,Equity:Members:SCMA-MEM-0001,0.00,30.53,Waterfall Settlement Sweep - SCMA-MEM-0001 (HMAC: AUTHENTICATE...)
VOUCHER-20261009-00014,2026-10-10T00:08:24,1010,Assets:Bank:PenFed FBO Operating Cash,35.67,0.00,Waterfall Settlement Sweep - SCMA-FOUNDER (HMAC: AUTHENTICATE...)
VOUCHER-20261009-00014,2026-10-10T00:08:24,3010,Equity:Members:SCMA-FOUNDER,0.00,35.67,Waterfall Settlement Sweep - SCMA-FOUNDER (HMAC: AUTHENTICATE...)
VOUCHER-20261009-00015,2026-10-10T00:08:24,1010,Assets:Bank:PenFed FBO Operating Cash,30.53,0.00,Waterfall Settlement Sweep - SCMA-MEM-0001 (HMAC: AUTHENTICATE...)
VOUCHER-20261009-00015,2026-10-10T00:08:24,3020,Equity:Members:SCMA-MEM-0001,0.00,30.53,Waterfall Settlement Sweep - SCMA-MEM-0001 (HMAC: AUTHENTICATE...)
VOUCHER-20261009-00016,2026-10-10T00:08:24,1010,Assets:Bank:PenFed FBO Operating Cash,35.67,0.00,Waterfall Settlement Sweep - SCMA-FOUNDER (HMAC: AUTHENTICATE...)
VOUCHER-20261009-00016,2026-10-10T00:08:24,3010,Equity:Members:SCMA-FOUNDER,0.00,35.67,Waterfall Settlement Sweep - SCMA-FOUNDER (HMAC: AUTHENTICATE...)
VOUCHER-20261009-00017,2026-10-10T00:08:24,1010,Assets:Bank:PenFed FBO Operating Cash,30.53,0.00,Waterfall Settlement Sweep - SCMA-MEM-0001 (HMAC: AUTHENTICATE...)
VOUCHER-20261009-00017,2026-10-10T00:08:24,3020,Equity:Members:SCMA-MEM-0001,0.00,30.53,Waterfall Settlement Sweep - SCMA-MEM-0001 (HMAC: AUTHENTICATE...)
VOUCHER-20261009-00018,2026-10-10T00:08:24,1010,Assets:Bank:PenFed FBO Operating Cash,35.67,0.00,Waterfall Settlement Sweep - SCMA-FOUNDER (HMAC: AUTHENTICATE...)
VOUCHER-20261009-00018,2026-10-10T00:08:24,3010,Equity:Members:SCMA-FOUNDER,0.00,35.67,Waterfall Settlement Sweep - SCMA-FOUNDER (HMAC: AUTHENTICATE...)
VOUCHER-20261009-00019,2026-10-10T00:08:24,1010,Assets:Bank:PenFed FBO Operating Cash,30.53,0.00,Waterfall Settlement Sweep - SCMA-MEM-0001 (HMAC: AUTHENTICATE...)
VOUCHER-20261009-00019,2026-10-10T00:08:24,3020,Equity:Members:SCMA-MEM-0001,0.00,30.53,Waterfall Settlement Sweep - SCMA-MEM-0001 (HMAC: AUTHENTICATE...)
VOUCHER-20261009-00020,2026-10-10T00:08:24,1010,Assets:Bank:PenFed FBO Operating Cash,35.67,0.00,Waterfall Settlement Sweep - SCMA-FOUNDER (HMAC: AUTHENTICATE...)
VOUCHER-20261009-00020,2026-10-10T00:08:24,3010,Equity:Members:SCMA-FOUNDER,0.00,35.67,Waterfall Settlement Sweep - SCMA-FOUNDER (HMAC: AUTHENTICATE...)
VOUCHER-20261009-00021,2026-10-10T00:08:24,1010,Assets:Bank:PenFed FBO Operating Cash,30.53,0.00,Waterfall Settlement Sweep - SCMA-MEM-0001 (HMAC: AUTHENTICATE...)
VOUCHER-20261009-00021,2026-10-10T00:08:24,3020,Equity:Members:SCMA-MEM-0001,0.00,30.53,Waterfall Settlement Sweep - SCMA-MEM-0001 (HMAC: AUTHENTICATE...)
VOUCHER-20261009-00022,2026-10-10T00:08:24,1010,Assets:Bank:PenFed FBO Operating Cash,35.67,0.00,Waterfall Settlement Sweep - SCMA-FOUNDER (HMAC: AUTHENTICATE...)
VOUCHER-20261009-00022,2026-10-10T00:08:24,3010,Equity:Members:SCMA-FOUNDER,0.00,35.67,Waterfall Settlement Sweep - SCMA-FOUNDER (HMAC: AUTHENTICATE...)
VOUCHER-20261009-00023,2026-10-10T00:08:24,1010,Assets:Bank:PenFed FBO Operating Cash,30.53,0.00,Waterfall Settlement Sweep - SCMA-MEM-0001 (HMAC: AUTHENTICATE...)
VOUCHER-20261009-00023,2026-10-10T00:08:24,3020,Equity:Members:SCMA-MEM-0001,0.00,30.53,Waterfall Settlement Sweep - SCMA-MEM-0001 (HMAC: AUTHENTICATE...)
VOUCHER-20261009-00024,2026-10-10T00:08:24,1010,Assets:Bank:PenFed FBO Operating Cash,35.67,0.00,Waterfall Settlement Sweep - SCMA-FOUNDER (HMAC: AUTHENTICATE...)
VOUCHER-20261009-00024,2026-10-10T00:08:24,3010,Equity:Members:SCMA-FOUNDER,0.00,35.67,Waterfall Settlement Sweep - SCMA-FOUNDER (HMAC: AUTHENTICATE...)
VOUCHER-20261009-00025,2026-10-10T00:08:24,1010,Assets:Bank:PenFed FBO Operating Cash,30.53,0.00,Waterfall Settlement Sweep - SCMA-MEM-0001 (HMAC: AUTHENTICATE...)
VOUCHER-20261009-00025,2026-10-10T00:08:24,3020,Equity:Members:SCMA-MEM-0001,0.00,30.53,Waterfall Settlement Sweep - SCMA-MEM-0001 (HMAC: AUTHENTICATE...)
VOUCHER-20261009-00026,2026-10-10T00:08:24,1010,Assets:Bank:PenFed FBO Operating Cash,35.67,0.00,Waterfall Settlement Sweep - SCMA-FOUNDER (HMAC: AUTHENTICATE...)
VOUCHER-20261009-00026,2026-10-10T00:08:24,3010,Equity:Members:SCMA-FOUNDER,0.00,35.67,Waterfall Settlement Sweep - SCMA-FOUNDER (HMAC: AUTHENTICATE...)
VOUCHER-20261009-00027,2026-10-10T00:08:24,1010,Assets:Bank:PenFed FBO Operating Cash,30.53,0.00,Waterfall Settlement Sweep - SCMA-MEM-0001 (HMAC: AUTHENTICATE...)
VOUCHER-20261009-00027,2026-10-10T00:08:24,3020,Equity:Members:SCMA-MEM-0001,0.00,30.53,Waterfall Settlement Sweep - SCMA-MEM-0001 (HMAC: AUTHENTICATE...)
VOUCHER-20261009-00028,2026-10-10T00:08:24,1010,Assets:Bank:PenFed FBO Operating Cash,35.67,0.00,Waterfall Settlement Sweep - SCMA-FOUNDER (HMAC: AUTHENTICATE...)
VOUCHER-20261009-00028,2026-10-10T00:08:24,3010,Equity:Members:SCMA-FOUNDER,0.00,35.67,Waterfall Settlement Sweep - SCMA-FOUNDER (HMAC: AUTHENTICATE...)
VOUCHER-20261009-00029,2026-10-10T00:08:24,1010,Assets:Bank:PenFed FBO Operating Cash,30.53,0.00,Waterfall Settlement Sweep - SCMA-MEM-0001 (HMAC: AUTHENTICATE...)
VOUCHER-20261009-00029,2026-10-10T00:08:24,3020,Equity:Members:SCMA-MEM-0001,0.00,30.53,Waterfall Settlement Sweep - SCMA-MEM-0001 (HMAC: AUTHENTICATE...)
VOUCHER-20261009-00030,2026-10-10T00:08:24,1010,Assets:Bank:PenFed FBO Operating Cash,35.67,0.00,Waterfall Settlement Sweep - SCMA-FOUNDER (HMAC: AUTHENTICATE...)
VOUCHER-20261009-00030,2026-10-10T00:08:24,3010,Equity:Members:SCMA-FOUNDER,0.00,35.67,Waterfall Settlement Sweep - SCMA-FOUNDER (HMAC: AUTHENTICATE...)
VOUCHER-20261009-00031,2026-10-10T00:08:24,1010,Assets:Bank:PenFed FBO Operating Cash,30.53,0.00,Waterfall Settlement Sweep - SCMA-MEM-0001 (HMAC: AUTHENTICATE...)
VOUCHER-20261009-00031,2026-10-10T00:08:24,3020,Equity:Members:SCMA-MEM-0001,0.00,30.53,Waterfall Settlement Sweep - SCMA-MEM-0001 (HMAC: AUTHENTICATE...)
VOUCHER-20261009-00032,2026-10-10T00:08:24,1010,Assets:Bank:PenFed FBO Operating Cash,35.67,0.00,Waterfall Settlement Sweep - SCMA-FOUNDER (HMAC: AUTHENTICATE...)
VOUCHER-20261009-00032,2026-10-10T00:08:24,3010,Equity:Members:SCMA-FOUNDER,0.00,35.67,Waterfall Settlement Sweep - SCMA-FOUNDER (HMAC: AUTHENTICATE...)
VOUCHER-20261009-00033,2026-10-10T00:08:24,1010,Assets:Bank:PenFed FBO Operating Cash,30.53,0.00,Waterfall Settlement Sweep - SCMA-MEM-0001 (HMAC: AUTHENTICATE...)
VOUCHER-20261009-00033,2026-10-10T00:08:24,3020,Equity:Members:SCMA-MEM-0001,0.00,30.53,Waterfall Settlement Sweep - SCMA-MEM-0001 (HMAC: AUTHENTICATE...)
VOUCHER-20261009-00034,2026-10-10T00:08:24,1010,Assets:Bank:PenFed FBO Operating Cash,35.67,0.00,Waterfall Settlement Sweep - SCMA-FOUNDER (HMAC: AUTHENTICATE...)
VOUCHER-20261009-00034,2026-10-10T00:08:24,3010,Equity:Members:SCMA-FOUNDER,0.00,35.67,Waterfall Settlement Sweep - SCMA-FOUNDER (HMAC: AUTHENTICATE...)
VOUCHER-20261009-00035,2026-10-10T00:08:24,1010,Assets:Bank:PenFed FBO Operating Cash,30.53,0.00,Waterfall Settlement Sweep - SCMA-MEM-0001 (HMAC: AUTHENTICATE...)
VOUCHER-20261009-00035,2026-10-10T00:08:24,3020,Equity:Members:SCMA-MEM-0001,0.00,30.53,Waterfall Settlement Sweep - SCMA-MEM-0001 (HMAC: AUTHENTICATE...)
VOUCHER-20261009-00036,2026-10-10T00:08:24,1010,Assets:Bank:PenFed FBO Operating Cash,35.67,0.00,Waterfall Settlement Sweep - SCMA-FOUNDER (HMAC: AUTHENTICATE...)
VOUCHER-20261009-00036,2026-10-10T00:08:24,3010,Equity:Members:SCMA-FOUNDER,0.00,35.67,Waterfall Settlement Sweep - SCMA-FOUNDER (HMAC: AUTHENTICATE...)
VOUCHER-20261009-00037,2026-10-10T00:08:24,1010,Assets:Bank:PenFed FBO Operating Cash,30.53,0.00,Waterfall Settlement Sweep - SCMA-MEM-0001 (HMAC: AUTHENTICATE...)
VOUCHER-20261009-00037,2026-10-10T00:08:24,3020,Equity:Members:SCMA-MEM-0001,0.00,30.53,Waterfall Settlement Sweep - SCMA-MEM-0001 (HMAC: AUTHENTICATE...)
VOUCHER-20261009-00038,2026-10-10T00:08:24,1010,Assets:Bank:PenFed FBO Operating Cash,35.67,0.00,Waterfall Settlement Sweep - SCMA-FOUNDER (HMAC: AUTHENTICATE...)
VOUCHER-20261009-00038,2026-10-10T00:08:24,3010,Equity:Members:SCMA-FOUNDER,0.00,35.67,Waterfall Settlement Sweep - SCMA-FOUNDER (HMAC: AUTHENTICATE...)
VOUCHER-20261009-00039,2026-10-10T00:08:24,1010,Assets:Bank:PenFed FBO Operating Cash,30.53,0.00,Waterfall Settlement Sweep - SCMA-MEM-0001 (HMAC: AUTHENTICATE...)
VOUCHER-20261009-00039,2026-10-10T00:08:24,3020,Equity:Members:SCMA-MEM-0001,0.00,30.53,Waterfall Settlement Sweep - SCMA-MEM-0001 (HMAC: AUTHENTICATE...)
VOUCHER-20261009-00040,2026-10-10T00:08:24,1010,Assets:Bank:PenFed FBO Operating Cash,35.67,0.00,Waterfall Settlement Sweep - SCMA-FOUNDER (HMAC: AUTHENTICATE...)
VOUCHER-20261009-00040,2026-10-10T00:08:24,3010,Equity:Members:SCMA-FOUNDER,0.00,35.67,Waterfall Settlement Sweep - SCMA-FOUNDER (HMAC: AUTHENTICATE...)
VOUCHER-20261009-00041,2026-10-10T00:08:24,1010,Assets:Bank:PenFed FBO Operating Cash,30.53,0.00,Waterfall Settlement Sweep - SCMA-MEM-0001 (HMAC: AUTHENTICATE...)
VOUCHER-20261009-00041,2026-10-10T00:08:24,3020,Equity:Members:SCMA-MEM-0001,0.00,30.53,Waterfall Settlement Sweep - SCMA-MEM-0001 (HMAC: AUTHENTICATE...)
VOUCHER-20261009-00042,2026-10-10T00:08:24,1010,Assets:Bank:PenFed FBO Operating Cash,35.67,0.00,Waterfall Settlement Sweep - SCMA-FOUNDER (HMAC: AUTHENTICATE...)
VOUCHER-20261009-00042,2026-10-10T00:08:24,3010,Equity:Members:SCMA-FOUNDER,0.00,35.67,Waterfall Settlement Sweep - SCMA-FOUNDER (HMAC: AUTHENTICATE...)
VOUCHER-20261009-00043,2026-10-10T00:08:24,1010,Assets:Bank:PenFed FBO Operating Cash,30.53,0.00,Waterfall Settlement Sweep - SCMA-MEM-0001 (HMAC: AUTHENTICATE...)
VOUCHER-20261009-00043,2026-10-10T00:08:24,3020,Equity:Members:SCMA-MEM-0001,0.00,30.53,Waterfall Settlement Sweep - SCMA-MEM-0001 (HMAC: AUTHENTICATE...)
VOUCHER-20261009-00044,2026-10-10T00:08:24,1010,Assets:Bank:PenFed FBO Operating Cash,35.67,0.00,Waterfall Settlement Sweep - SCMA-FOUNDER (HMAC: AUTHENTICATE...)
VOUCHER-20261009-00044,2026-10-10T00:08:24,3010,Equity:Members:SCMA-FOUNDER,0.00,35.67,Waterfall Settlement Sweep - SCMA-FOUNDER (HMAC: AUTHENTICATE...)
VOUCHER-20261009-00045,2026-10-10T00:08:24,1010,Assets:Bank:PenFed FBO Operating Cash,30.53,0.00,Waterfall Settlement Sweep - SCMA-MEM-0001 (HMAC: AUTHENTICATE...)
VOUCHER-20261009-00045,2026-10-10T00:08:24,3020,Equity:Members:SCMA-MEM-0001,0.00,30.53,Waterfall Settlement Sweep - SCMA-MEM-0001 (HMAC: AUTHENTICATE...)
VOUCHER-20261009-00046,2026-10-10T00:08:24,1010,Assets:Bank:PenFed FBO Operating Cash,35.67,0.00,Waterfall Settlement Sweep - SCMA-FOUNDER (HMAC: AUTHENTICATE...)
VOUCHER-20261009-00046,2026-10-10T00:08:24,3010,Equity:Members:SCMA-FOUNDER,0.00,35.67,Waterfall Settlement Sweep - SCMA-FOUNDER (HMAC: AUTHENTICATE...)
VOUCHER-20261009-00047,2026-10-10T00:08:24,1010,Assets:Bank:PenFed FBO Operating Cash,30.53,0.00,Waterfall Settlement Sweep - SCMA-MEM-0001 (HMAC: AUTHENTICATE...)
VOUCHER-20261009-00047,2026-10-10T00:08:24,3020,Equity:Members:SCMA-MEM-0001,0.00,30.53,Waterfall Settlement Sweep - SCMA-MEM-0001 (HMAC: AUTHENTICATE...)
VOUCHER-20261009-00048,2026-10-10T00:08:24,1010,Assets:Bank:PenFed FBO Operating Cash,35.67,0.00,Waterfall Settlement Sweep - SCMA-FOUNDER (HMAC: AUTHENTICATE...)
VOUCHER-20261009-00048,2026-10-10T00:08:24,3010,Equity:Members:SCMA-FOUNDER,0.00,35.67,Waterfall Settlement Sweep - SCMA-FOUNDER (HMAC: AUTHENTICATE...)
VOUCHER-20261009-00049,2026-10-10T00:08:24,1010,Assets:Bank:PenFed FBO Operating Cash,30.53,0.00,Waterfall Settlement Sweep - SCMA-MEM-0001 (HMAC: AUTHENTICATE...)
VOUCHER-20261009-00049,2026-10-10T00:08:24,3020,Equity:Members:SCMA-MEM-0001,0.00,30.53,Waterfall Settlement Sweep - SCMA-MEM-0001 (HMAC: AUTHENTICATE...)
VOUCHER-20261009-00050,2026-10-10T00:08:24,1010,Assets:Bank:PenFed FBO Operating Cash,35.67,0.00,Waterfall Settlement Sweep - SCMA-FOUNDER (HMAC: AUTHENTICATE...)
VOUCHER-20261009-00050,2026-10-10T00:08:24,3010,Equity:Members:SCMA-FOUNDER,0.00,35.67,Waterfall Settlement Sweep - SCMA-FOUNDER (HMAC: AUTHENTICATE...)
VOUCHER-20261009-00051,2026-10-10T00:08:24,1010,Assets:Bank:PenFed FBO Operating Cash,30.53,0.00,Waterfall Settlement Sweep - SCMA-MEM-0001 (HMAC: AUTHENTICATE...)
VOUCHER-20261009-00051,2026-10-10T00:08:24,3020,Equity:Members:SCMA-MEM-0001,0.00,30.53,Waterfall Settlement Sweep - SCMA-MEM-0001 (HMAC: AUTHENTICATE...)
VOUCHER-20261009-00052,2026-10-10T00:08:24,1010,Assets:Bank:PenFed FBO Operating Cash,35.67,0.00,Waterfall Settlement Sweep - SCMA-FOUNDER (HMAC: AUTHENTICATE...)
VOUCHER-20261009-00052,2026-10-10T00:08:24,3010,Equity:Members:SCMA-FOUNDER,0.00,35.67,Waterfall Settlement Sweep - SCMA-FOUNDER (HMAC: AUTHENTICATE...)
VOUCHER-20261009-00053,2026-10-10T00:08:24,1010,Assets:Bank:PenFed FBO Operating Cash,30.53,0.00,Waterfall Settlement Sweep - SCMA-MEM-0001 (HMAC: AUTHENTICATE...)
VOUCHER-20261009-00053,2026-10-10T00:08:24,3020,Equity:Members:SCMA-MEM-0001,0.00,30.53,Waterfall Settlement Sweep - SCMA-MEM-0001 (HMAC: AUTHENTICATE...)
VOUCHER-20261009-00054,2026-10-10T00:08:24,1010,Assets:Bank:PenFed FBO Operating Cash,35.67,0.00,Waterfall Settlement Sweep - SCMA-FOUNDER (HMAC: AUTHENTICATE...)
VOUCHER-20261009-00054,2026-10-10T00:08:24,3010,Equity:Members:SCMA-FOUNDER,0.00,35.67,Waterfall Settlement Sweep - SCMA-FOUNDER (HMAC: AUTHENTICATE...)
VOUCHER-20261009-00055,2026-10-10T00:08:24,1010,Assets:Bank:PenFed FBO Operating Cash,30.53,0.00,Waterfall Settlement Sweep - SCMA-MEM-0001 (HMAC: AUTHENTICATE...)
VOUCHER-20261009-00055,2026-10-10T00:08:24,3020,Equity:Members:SCMA-MEM-0001,0.00,30.53,Waterfall Settlement Sweep - SCMA-MEM-0001 (HMAC: AUTHENTICATE...)
VOUCHER-20261009-00056,2026-10-10T00:08:24,1010,Assets:Bank:PenFed FBO Operating Cash,35.67,0.00,Waterfall Settlement Sweep - SCMA-FOUNDER (HMAC: AUTHENTICATE...)
VOUCHER-20261009-00056,2026-10-10T00:08:24,3010,Equity:Members:SCMA-FOUNDER,0.00,35.67,Waterfall Settlement Sweep - SCMA-FOUNDER (HMAC: AUTHENTICATE...)
VOUCHER-20261009-00057,2026-10-10T00:08:24,1010,Assets:Bank:PenFed FBO Operating Cash,30.53,0.00,Waterfall Settlement Sweep - SCMA-MEM-0001 (HMAC: AUTHENTICATE...)
VOUCHER-20261009-00057,2026-10-10T00:08:24,3020,Equity:Members:SCMA-MEM-0001,0.00,30.53,Waterfall Settlement Sweep - SCMA-MEM-0001 (HMAC: AUTHENTICATE...)
VOUCHER-20261009-00058,2026-10-10T00:08:24,1010,Assets:Bank:PenFed FBO Operating Cash,35.67,0.00,Waterfall Settlement Sweep - SCMA-FOUNDER (HMAC: AUTHENTICATE...)
VOUCHER-20261009-00058,2026-10-10T00:08:24,3010,Equity:Members:SCMA-FOUNDER,0.00,35.67,Waterfall Settlement Sweep - SCMA-FOUNDER (HMAC: AUTHENTICATE...)
VOUCHER-20261009-00059,2026-10-10T00:08:24,1010,Assets:Bank:PenFed FBO Operating Cash,30.53,0.00,Waterfall Settlement Sweep - SCMA-MEM-0001 (HMAC: AUTHENTICATE...)
VOUCHER-20261009-00059,2026-10-10T00:08:24,3020,Equity:Members:SCMA-MEM-0001,0.00,30.53,Waterfall Settlement Sweep - SCMA-MEM-0001 (HMAC: AUTHENTICATE...)
VOUCHER-20261009-00060,2026-10-10T00:08:24,1010,Assets:Bank:PenFed FBO Operating Cash,35.67,0.00,Waterfall Settlement Sweep - SCMA-FOUNDER (HMAC: AUTHENTICATE...)
VOUCHER-20261009-00060,2026-10-10T00:08:24,3010,Equity:Members:SCMA-FOUNDER,0.00,35.67,Waterfall Settlement Sweep - SCMA-FOUNDER (HMAC: AUTHENTICATE...)
VOUCHER-20261009-00061,2026-10-10T00:08:24,1010,Assets:Bank:PenFed FBO Operating Cash,30.53,0.00,Waterfall Settlement Sweep - SCMA-MEM-0001 (HMAC: AUTHENTICATE...)
VOUCHER-20261009-00061,2026-10-10T00:08:24,3020,Equity:Members:SCMA-MEM-0001,0.00,30.53,Waterfall Settlement Sweep - SCMA-MEM-0001 (HMAC: AUTHENTICATE...)
VOUCHER-20261009-00062,2026-10-10T00:08:24,1010,Assets:Bank:PenFed FBO Operating Cash,35.67,0.00,Waterfall Settlement Sweep - SCMA-FOUNDER (HMAC: AUTHENTICATE...)
VOUCHER-20261009-00062,2026-10-10T00:08:24,3010,Equity:Members:SCMA-FOUNDER,0.00,35.67,Waterfall Settlement Sweep - SCMA-FOUNDER (HMAC: AUTHENTICATE...)
VOUCHER-20261009-00063,2026-10-10T00:08:24,1010,Assets:Bank:PenFed FBO Operating Cash,30.53,0.00,Waterfall Settlement Sweep - SCMA-MEM-0001 (HMAC: AUTHENTICATE...)
VOUCHER-20261009-00063,2026-10-10T00:08:24,3020,Equity:Members:SCMA-MEM-0001,0.00,30.53,Waterfall Settlement Sweep - SCMA-MEM-0001 (HMAC: AUTHENTICATE...)
VOUCHER-20261009-00064,2026-10-10T00:08:24,1010,Assets:Bank:PenFed FBO Operating Cash,35.67,0.00,Waterfall Settlement Sweep - SCMA-FOUNDER (HMAC: AUTHENTICATE...)
VOUCHER-20261009-00064,2026-10-10T00:08:24,3010,Equity:Members:SCMA-FOUNDER,0.00,35.67,Waterfall Settlement Sweep - SCMA-FOUNDER (HMAC: AUTHENTICATE...)
VOUCHER-20261009-00065,2026-10-10T00:08:24,1010,Assets:Bank:PenFed FBO Operating Cash,30.53,0.00,Waterfall Settlement Sweep - SCMA-MEM-0001 (HMAC: AUTHENTICATE...)
VOUCHER-20261009-00065,2026-10-10T00:08:24,3020,Equity:Members:SCMA-MEM-0001,0.00,30.53,Waterfall Settlement Sweep - SCMA-MEM-0001 (HMAC: AUTHENTICATE...)
VOUCHER-20261009-00066,2026-10-10T00:08:24,1010,Assets:Bank:PenFed FBO Operating Cash,35.67,0.00,Waterfall Settlement Sweep - SCMA-FOUNDER (HMAC: AUTHENTICATE...)
VOUCHER-20261009-00066,2026-10-10T00:08:24,3010,Equity:Members:SCMA-FOUNDER,0.00,35.67,Waterfall Settlement Sweep - SCMA-FOUNDER (HMAC: AUTHENTICATE...)
VOUCHER-20261009-00067,2026-10-10T00:08:24,1010,Assets:Bank:PenFed FBO Operating Cash,30.53,0.00,Waterfall Settlement Sweep - SCMA-MEM-0001 (HMAC: AUTHENTICATE...)
VOUCHER-20261009-00067,2026-10-10T00:08:24,3020,Equity:Members:SCMA-MEM-0001,0.00,30.53,Waterfall Settlement Sweep - SCMA-MEM-0001 (HMAC: AUTHENTICATE...)
VOUCHER-20261009-00068,2026-10-10T00:08:24,1010,Assets:Bank:PenFed FBO Operating Cash,35.67,0.00,Waterfall Settlement Sweep - SCMA-FOUNDER (HMAC: AUTHENTICATE...)
VOUCHER-20261009-00068,2026-10-10T00:08:24,3010,Equity:Members:SCMA-FOUNDER,0.00,35.67,Waterfall Settlement Sweep - SCMA-FOUNDER (HMAC: AUTHENTICATE...)
VOUCHER-20261009-00069,2026-10-10T00:08:24,1010,Assets:Bank:PenFed FBO Operating Cash,30.53,0.00,Waterfall Settlement Sweep - SCMA-MEM-0001 (HMAC: AUTHENTICATE...)
VOUCHER-20261009-00069,2026-10-10T00:08:24,3020,Equity:Members:SCMA-MEM-0001,0.00,30.53,Waterfall Settlement Sweep - SCMA-MEM-0001 (HMAC: AUTHENTICATE...)
VOUCHER-20261009-00070,2026-10-10T00:08:24,1010,Assets:Bank:PenFed FBO Operating Cash,35.67,0.00,Waterfall Settlement Sweep - SCMA-FOUNDER (HMAC: AUTHENTICATE...)
VOUCHER-20261009-00070,2026-10-10T00:08:24,3010,Equity:Members:SCMA-FOUNDER,0.00,35.67,Waterfall Settlement Sweep - SCMA-FOUNDER (HMAC: AUTHENTICATE...)
VOUCHER-20261009-00071,2026-10-10T00:08:24,1010,Assets:Bank:PenFed FBO Operating Cash,30.53,0.00,Waterfall Settlement Sweep - SCMA-MEM-0001 (HMAC: AUTHENTICATE...)
VOUCHER-20261009-00071,2026-10-10T00:08:24,3020,Equity:Members:SCMA-MEM-0001,0.00,30.53,Waterfall Settlement Sweep - SCMA-MEM-0001 (HMAC: AUTHENTICATE...)
VOUCHER-20261009-00072,2026-10-10T00:08:24,1010,Assets:Bank:PenFed FBO Operating Cash,35.67,0.00,Waterfall Settlement Sweep - SCMA-FOUNDER (HMAC: AUTHENTICATE...)
VOUCHER-20261009-00072,2026-10-10T00:08:24,3010,Equity:Members:SCMA-FOUNDER,0.00,35.67,Waterfall Settlement Sweep - SCMA-FOUNDER (HMAC: AUTHENTICATE...)
VOUCHER-20261009-00073,2026-10-10T00:08:24,1010,Assets:Bank:PenFed FBO Operating Cash,30.53,0.00,Waterfall Settlement Sweep - SCMA-MEM-0001 (HMAC: AUTHENTICATE...)
VOUCHER-20261009-00073,2026-10-10T00:08:24,3020,Equity:Members:SCMA-MEM-0001,0.00,30.53,Waterfall Settlement Sweep - SCMA-MEM-0001 (HMAC: AUTHENTICATE...)
VOUCHER-20261009-00074,2026-10-10T00:08:24,1010,Assets:Bank:PenFed FBO Operating Cash,35.67,0.00,Waterfall Settlement Sweep - SCMA-FOUNDER (HMAC: AUTHENTICATE...)
VOUCHER-20261009-00074,2026-10-10T00:08:24,3010,Equity:Members:SCMA-FOUNDER,0.00,35.67,Waterfall Settlement Sweep - SCMA-FOUNDER (HMAC: AUTHENTICATE...)
VOUCHER-20261009-00075,2026-10-10T00:08:24,1010,Assets:Bank:PenFed FBO Operating Cash,30.53,0.00,Waterfall Settlement Sweep - SCMA-MEM-0001 (HMAC: AUTHENTICATE...)
VOUCHER-20261009-00075,2026-10-10T00:08:24,3020,Equity:Members:SCMA-MEM-0001,0.00,30.53,Waterfall Settlement Sweep - SCMA-MEM-0001 (HMAC: AUTHENTICATE...)
VOUCHER-20261009-00076,2026-10-10T00:08:24,1010,Assets:Bank:PenFed FBO Operating Cash,35.67,0.00,Waterfall Settlement Sweep - SCMA-FOUNDER (HMAC: AUTHENTICATE...)
VOUCHER-20261009-00076,2026-10-10T00:08:24,3010,Equity:Members:SCMA-FOUNDER,0.00,35.67,Waterfall Settlement Sweep - SCMA-FOUNDER (HMAC: AUTHENTICATE...)
VOUCHER-20261009-00077,2026-10-10T00:08:24,1010,Assets:Bank:PenFed FBO Operating Cash,30.53,0.00,Waterfall Settlement Sweep - SCMA-MEM-0001 (HMAC: AUTHENTICATE...)
VOUCHER-20261009-00077,2026-10-10T00:08:24,3020,Equity:Members:SCMA-MEM-0001,0.00,30.53,Waterfall Settlement Sweep - SCMA-MEM-0001 (HMAC: AUTHENTICATE...)
VOUCHER-20261009-00078,2026-10-10T00:08:24,1010,Assets:Bank:PenFed FBO Operating Cash,35.67,0.00,Waterfall Settlement Sweep - SCMA-FOUNDER (HMAC: AUTHENTICATE...)
VOUCHER-20261009-00078,2026-10-10T00:08:24,3010,Equity:Members:SCMA-FOUNDER,0.00,35.67,Waterfall Settlement Sweep - SCMA-FOUNDER (HMAC: AUTHENTICATE...)
VOUCHER-20261009-00079,2026-10-10T00:08:24,1010,Assets:Bank:PenFed FBO Operating Cash,30.53,0.00,Waterfall Settlement Sweep - SCMA-MEM-0001 (HMAC: AUTHENTICATE...)
VOUCHER-20261009-00079,2026-10-10T00:08:24,3020,Equity:Members:SCMA-MEM-0001,0.00,30.53,Waterfall Settlement Sweep - SCMA-MEM-0001 (HMAC: AUTHENTICATE...)
VOUCHER-20261009-00080,2026-10-10T00:08:24,1010,Assets:Bank:PenFed FBO Operating Cash,35.67,0.00,Waterfall Settlement Sweep - SCMA-FOUNDER (HMAC: AUTHENTICATE...)
VOUCHER-20261009-00080,2026-10-10T00:08:24,3010,Equity:Members:SCMA-FOUNDER,0.00,35.67,Waterfall Settlement Sweep - SCMA-FOUNDER (HMAC: AUTHENTICATE...)
VOUCHER-20261009-00081,2026-10-10T00:08:24,1010,Assets:Bank:PenFed FBO Operating Cash,30.53,0.00,Waterfall Settlement Sweep - SCMA-MEM-0001 (HMAC: AUTHENTICATE...)
VOUCHER-20261009-00081,2026-10-10T00:08:24,3020,Equity:Members:SCMA-MEM-0001,0.00,30.53,Waterfall Settlement Sweep - SCMA-MEM-0001 (HMAC: AUTHENTICATE...)
VOUCHER-20261009-00082,2026-10-10T00:08:24,1010,Assets:Bank:PenFed FBO Operating Cash,35.67,0.00,Waterfall Settlement Sweep - SCMA-FOUNDER (HMAC: AUTHENTICATE...)
VOUCHER-20261009-00082,2026-10-10T00:08:24,3010,Equity:Members:SCMA-FOUNDER,0.00,35.67,Waterfall Settlement Sweep - SCMA-FOUNDER (HMAC: AUTHENTICATE...)
VOUCHER-20261009-00083,2026-10-10T00:08:24,1010,Assets:Bank:PenFed FBO Operating Cash,30.53,0.00,Waterfall Settlement Sweep - SCMA-MEM-0001 (HMAC: AUTHENTICATE...)
VOUCHER-20261009-00083,2026-10-10T00:08:24,3020,Equity:Members:SCMA-MEM-0001,0.00,30.53,Waterfall Settlement Sweep - SCMA-MEM-0001 (HMAC: AUTHENTICATE...)
VOUCHER-20261009-00084,2026-10-10T00:08:24,1010,Assets:Bank:PenFed FBO Operating Cash,35.67,0.00,Waterfall Settlement Sweep - SCMA-FOUNDER (HMAC: AUTHENTICATE...)
VOUCHER-20261009-00084,2026-10-10T00:08:24,3010,Equity:Members:SCMA-FOUNDER,0.00,35.67,Waterfall Settlement Sweep - SCMA-FOUNDER (HMAC: AUTHENTICATE...)
VOUCHER-20261009-00085,2026-10-10T00:08:24,1010,Assets:Bank:PenFed FBO Operating Cash,30.53,0.00,Waterfall Settlement Sweep - SCMA-MEM-0001 (HMAC: AUTHENTICATE...)
VOUCHER-20261009-00085,2026-10-10T00:08:24,3020,Equity:Members:SCMA-MEM-0001,0.00,30.53,Waterfall Settlement Sweep - SCMA-MEM-0001 (HMAC: AUTHENTICATE...)
VOUCHER-20261009-00086,2026-10-10T00:08:24,1010,Assets:Bank:PenFed FBO Operating Cash,35.67,0.00,Waterfall Settlement Sweep - SCMA-FOUNDER (HMAC: AUTHENTICATE...)
VOUCHER-20261009-00086,2026-10-10T00:08:24,3010,Equity:Members:SCMA-FOUNDER,0.00,35.67,Waterfall Settlement Sweep - SCMA-FOUNDER (HMAC: AUTHENTICATE...)
VOUCHER-20261009-00087,2026-10-10T00:08:24,1010,Assets:Bank:PenFed FBO Operating Cash,30.53,0.00,Waterfall Settlement Sweep - SCMA-MEM-0001 (HMAC: AUTHENTICATE...)
VOUCHER-20261009-00087,2026-10-10T00:08:24,3020,Equity:Members:SCMA-MEM-0001,0.00,30.53,Waterfall Settlement Sweep - SCMA-MEM-0001 (HMAC: AUTHENTICATE...)
VOUCHER-20261009-00088,2026-10-10T00:08:24,1010,Assets:Bank:PenFed FBO Operating Cash,35.67,0.00,Waterfall Settlement Sweep - SCMA-FOUNDER (HMAC: AUTHENTICATE...)
VOUCHER-20261009-00088,2026-10-10T00:08:24,3010,Equity:Members:SCMA-FOUNDER,0.00,35.67,Waterfall Settlement Sweep - SCMA-FOUNDER (HMAC: AUTHENTICATE...)
VOUCHER-20261009-00089,2026-10-10T00:08:24,1010,Assets:Bank:PenFed FBO Operating Cash,30.53,0.00,Waterfall Settlement Sweep - SCMA-MEM-0001 (HMAC: AUTHENTICATE...)
VOUCHER-20261009-00089,2026-10-10T00:08:24,3020,Equity:Members:SCMA-MEM-0001,0.00,30.53,Waterfall Settlement Sweep - SCMA-MEM-0001 (HMAC: AUTHENTICATE...)
VOUCHER-20261009-00090,2026-10-10T00:08:24,1010,Assets:Bank:PenFed FBO Operating Cash,35.67,0.00,Waterfall Settlement Sweep - SCMA-FOUNDER (HMAC: AUTHENTICATE...)
VOUCHER-20261009-00090,2026-10-10T00:08:24,3010,Equity:Members:SCMA-FOUNDER,0.00,35.67,Waterfall Settlement Sweep - SCMA-FOUNDER (HMAC: AUTHENTICATE...)
VOUCHER-20261009-00091,2026-10-10T00:08:24,1010,Assets:Bank:PenFed FBO Operating Cash,30.53,0.00,Waterfall Settlement Sweep - SCMA-MEM-0001 (HMAC: AUTHENTICATE...)
VOUCHER-20261009-00091,2026-10-10T00:08:24,3020,Equity:Members:SCMA-MEM-0001,0.00,30.53,Waterfall Settlement Sweep - SCMA-MEM-0001 (HMAC: AUTHENTICATE...)
VOUCHER-20261009-00092,2026-10-10T00:08:24,1010,Assets:Bank:PenFed FBO Operating Cash,35.67,0.00,Waterfall Settlement Sweep - SCMA-FOUNDER (HMAC: AUTHENTICATE...)
VOUCHER-20261009-00092,2026-10-10T00:08:24,3010,Equity:Members:SCMA-FOUNDER,0.00,35.67,Waterfall Settlement Sweep - SCMA-FOUNDER (HMAC: AUTHENTICATE...)
VOUCHER-20261009-00093,2026-10-10T00:08:24,1010,Assets:Bank:PenFed FBO Operating Cash,30.53,0.00,Waterfall Settlement Sweep - SCMA-MEM-0001 (HMAC: AUTHENTICATE...)
VOUCHER-20261009-00093,2026-10-10T00:08:24,3020,Equity:Members:SCMA-MEM-0001,0.00,30.53,Waterfall Settlement Sweep - SCMA-MEM-0001 (HMAC: AUTHENTICATE...)
VOUCHER-20261009-00094,2026-10-10T00:08:24,1010,Assets:Bank:PenFed FBO Operating Cash,35.67,0.00,Waterfall Settlement Sweep - SCMA-FOUNDER (HMAC: AUTHENTICATE...)
VOUCHER-20261009-00094,2026-10-10T00:08:24,3010,Equity:Members:SCMA-FOUNDER,0.00,35.67,Waterfall Settlement Sweep - SCMA-FOUNDER (HMAC: AUTHENTICATE...)
VOUCHER-20261009-00095,2026-10-10T00:08:24,1010,Assets:Bank:PenFed FBO Operating Cash,30.53,0.00,Waterfall Settlement Sweep - SCMA-MEM-0001 (HMAC: AUTHENTICATE...)
VOUCHER-20261009-00095,2026-10-10T00:08:24,3020,Equity:Members:SCMA-MEM-0001,0.00,30.53,Waterfall Settlement Sweep - SCMA-MEM-0001 (HMAC: AUTHENTICATE...)
VOUCHER-20261009-00096,2026-10-10T00:08:24,1010,Assets:Bank:PenFed FBO Operating Cash,35.67,0.00,Waterfall Settlement Sweep - SCMA-FOUNDER (HMAC: AUTHENTICATE...)
VOUCHER-20261009-00096,2026-10-10T00:08:24,3010,Equity:Members:SCMA-FOUNDER,0.00,35.67,Waterfall Settlement Sweep - SCMA-FOUNDER (HMAC: AUTHENTICATE...)
VOUCHER-20261009-00097,2026-10-10T00:08:24,1010,Assets:Bank:PenFed FBO Operating Cash,30.53,0.00,Waterfall Settlement Sweep - SCMA-MEM-0001 (HMAC: AUTHENTICATE...)
VOUCHER-20261009-00097,2026-10-10T00:08:24,3020,Equity:Members:SCMA-MEM-0001,0.00,30.53,Waterfall Settlement Sweep - SCMA-MEM-0001 (HMAC: AUTHENTICATE...)
VOUCHER-20261009-00098,2026-10-10T00:08:24,1010,Assets:Bank:PenFed FBO Operating Cash,35.67,0.00,Waterfall Settlement Sweep - SCMA-FOUNDER (HMAC: AUTHENTICATE...)
VOUCHER-20261009-00098,2026-10-10T00:08:24,3010,Equity:Members:SCMA-FOUNDER,0.00,35.67,Waterfall Settlement Sweep - SCMA-FOUNDER (HMAC: AUTHENTICATE...)
VOUCHER-20261009-00099,2026-10-10T00:08:24,1010,Assets:Bank:PenFed FBO Operating Cash,30.53,0.00,Waterfall Settlement Sweep - SCMA-MEM-0001 (HMAC: AUTHENTICATE...)
VOUCHER-20261009-00099,2026-10-10T00:08:24,3020,Equity:Members:SCMA-MEM-0001,0.00,30.53,Waterfall Settlement Sweep - SCMA-MEM-0001 (HMAC: AUTHENTICATE...)
VOUCHER-20261009-00100,2026-10-10T00:08:24,1010,Assets:Bank:PenFed FBO Operating Cash,35.67,0.00,Waterfall Settlement Sweep - SCMA-FOUNDER (HMAC: AUTHENTICATE...)
VOUCHER-20261009-00100,2026-10-10T00:08:24,3010,Equity:Members:SCMA-FOUNDER,0.00,35.67,Waterfall Settlement Sweep - SCMA-FOUNDER (HMAC: AUTHENTICATE...)
VOUCHER-20261009-00101,2026-10-10T00:08:24,1010,Assets:Bank:PenFed FBO Operating Cash,30.53,0.00,Waterfall Settlement Sweep - SCMA-MEM-0001 (HMAC: AUTHENTICATE...)
VOUCHER-20261009-00101,2026-10-10T00:08:24,3020,Equity:Members:SCMA-MEM-0001,0.00,30.53,Waterfall Settlement Sweep - SCMA-MEM-0001 (HMAC: AUTHENTICATE...)
VOUCHER-20261009-00102,2026-10-10T00:08:24,1010,Assets:Bank:PenFed FBO Operating Cash,35.67,0.00,Waterfall Settlement Sweep - SCMA-FOUNDER (HMAC: AUTHENTICATE...)
VOUCHER-20261009-00102,2026-10-10T00:08:24,3010,Equity:Members:SCMA-FOUNDER,0.00,35.67,Waterfall Settlement Sweep - SCMA-FOUNDER (HMAC: AUTHENTICATE...)
VOUCHER-20261009-00103,2026-10-10T00:08:24,1010,Assets:Bank:PenFed FBO Operating Cash,30.53,0.00,Waterfall Settlement Sweep - SCMA-MEM-0001 (HMAC: AUTHENTICATE...)
VOUCHER-20261009-00103,2026-10-10T00:08:24,3020,Equity:Members:SCMA-MEM-0001,0.00,30.53,Waterfall Settlement Sweep - SCMA-MEM-0001 (HMAC: AUTHENTICATE...)
VOUCHER-20261009-00104,2026-10-10T00:08:24,1010,Assets:Bank:PenFed FBO Operating Cash,35.67,0.00,Waterfall Settlement Sweep - SCMA-FOUNDER (HMAC: AUTHENTICATE...)
VOUCHER-20261009-00104,2026-10-10T00:08:24,3010,Equity:Members:SCMA-FOUNDER,0.00,35.67,Waterfall Settlement Sweep - SCMA-FOUNDER (HMAC: AUTHENTICATE...)
VOUCHER-20261009-00105,2026-10-10T00:08:24,1010,Assets:Bank:PenFed FBO Operating Cash,30.53,0.00,Waterfall Settlement Sweep - SCMA-MEM-0001 (HMAC: AUTHENTICATE...)
VOUCHER-20261009-00105,2026-10-10T00:08:24,3020,Equity:Members:SCMA-MEM-0001,0.00,30.53,Waterfall Settlement Sweep - SCMA-MEM-0001 (HMAC: AUTHENTICATE...)
VOUCHER-20261009-00106,2026-10-10T00:08:24,1010,Assets:Bank:PenFed FBO Operating Cash,35.67,0.00,Waterfall Settlement Sweep - SCMA-FOUNDER (HMAC: AUTHENTICATE...)
VOUCHER-20261009-00106,2026-10-10T00:08:24,3010,Equity:Members:SCMA-FOUNDER,0.00,35.67,Waterfall Settlement Sweep - SCMA-FOUNDER (HMAC: AUTHENTICATE...)
VOUCHER-20261009-00107,2026-10-10T00:08:24,1010,Assets:Bank:PenFed FBO Operating Cash,30.53,0.00,Waterfall Settlement Sweep - SCMA-MEM-0001 (HMAC: AUTHENTICATE...)
VOUCHER-20261009-00107,2026-10-10T00:08:24,3020,Equity:Members:SCMA-MEM-0001,0.00,30.53,Waterfall Settlement Sweep - SCMA-MEM-0001 (HMAC: AUTHENTICATE...)
VOUCHER-20261009-00108,2026-10-10T00:08:24,1010,Assets:Bank:PenFed FBO Operating Cash,35.67,0.00,Waterfall Settlement Sweep - SCMA-FOUNDER (HMAC: AUTHENTICATE...)
VOUCHER-20261009-00108,2026-10-10T00:08:24,3010,Equity:Members:SCMA-FOUNDER,0.00,35.67,Waterfall Settlement Sweep - SCMA-FOUNDER (HMAC: AUTHENTICATE...)
VOUCHER-20261009-00109,2026-10-10T00:08:24,1010,Assets:Bank:PenFed FBO Operating Cash,30.53,0.00,Waterfall Settlement Sweep - SCMA-MEM-0001 (HMAC: AUTHENTICATE...)
VOUCHER-20261009-00109,2026-10-10T00:08:24,3020,Equity:Members:SCMA-MEM-0001,0.00,30.53,Waterfall Settlement Sweep - SCMA-MEM-0001 (HMAC: AUTHENTICATE...)
VOUCHER-20261009-00110,2026-10-10T00:08:24,1010,Assets:Bank:PenFed FBO Operating Cash,35.67,0.00,Waterfall Settlement Sweep - SCMA-FOUNDER (HMAC: AUTHENTICATE...)
VOUCHER-20261009-00110,2026-10-10T00:08:24,3010,Equity:Members:SCMA-FOUNDER,0.00,35.67,Waterfall Settlement Sweep - SCMA-FOUNDER (HMAC: AUTHENTICATE...)
VOUCHER-20261009-00111,2026-10-10T00:08:24,1010,Assets:Bank:PenFed FBO Operating Cash,30.53,0.00,Waterfall Settlement Sweep - SCMA-MEM-0001 (HMAC: AUTHENTICATE...)
VOUCHER-20261009-00111,2026-10-10T00:08:24,3020,Equity:Members:SCMA-MEM-0001,0.00,30.53,Waterfall Settlement Sweep - SCMA-MEM-0001 (HMAC: AUTHENTICATE...)
VOUCHER-20261009-00112,2026-10-10T00:08:24,1010,Assets:Bank:PenFed FBO Operating Cash,35.67,0.00,Waterfall Settlement Sweep - SCMA-FOUNDER (HMAC: AUTHENTICATE...)
VOUCHER-20261009-00112,2026-10-10T00:08:24,3010,Equity:Members:SCMA-FOUNDER,0.00,35.67,Waterfall Settlement Sweep - SCMA-FOUNDER (HMAC: AUTHENTICATE...)
VOUCHER-20261009-00113,2026-10-10T00:08:24,1010,Assets:Bank:PenFed FBO Operating Cash,30.53,0.00,Waterfall Settlement Sweep - SCMA-MEM-0001 (HMAC: AUTHENTICATE...)
VOUCHER-20261009-00113,2026-10-10T00:08:24,3020,Equity:Members:SCMA-MEM-0001,0.00,30.53,Waterfall Settlement Sweep - SCMA-MEM-0001 (HMAC: AUTHENTICATE...)
VOUCHER-20261009-00114,2026-10-10T00:08:24,1010,Assets:Bank:PenFed FBO Operating Cash,35.67,0.00,Waterfall Settlement Sweep - SCMA-FOUNDER (HMAC: AUTHENTICATE...)
VOUCHER-20261009-00114,2026-10-10T00:08:24,3010,Equity:Members:SCMA-FOUNDER,0.00,35.67,Waterfall Settlement Sweep - SCMA-FOUNDER (HMAC: AUTHENTICATE...)
VOUCHER-20261009-00115,2026-10-10T00:08:24,1010,Assets:Bank:PenFed FBO Operating Cash,30.53,0.00,Waterfall Settlement Sweep - SCMA-MEM-0001 (HMAC: AUTHENTICATE...)
VOUCHER-20261009-00115,2026-10-10T00:08:24,3020,Equity:Members:SCMA-MEM-0001,0.00,30.53,Waterfall Settlement Sweep - SCMA-MEM-0001 (HMAC: AUTHENTICATE...)
VOUCHER-20261009-00116,2026-10-10T00:08:24,1010,Assets:Bank:PenFed FBO Operating Cash,35.67,0.00,Waterfall Settlement Sweep - SCMA-FOUNDER (HMAC: AUTHENTICATE...)
VOUCHER-20261009-00116,2026-10-10T00:08:24,3010,Equity:Members:SCMA-FOUNDER,0.00,35.67,Waterfall Settlement Sweep - SCMA-FOUNDER (HMAC: AUTHENTICATE...)
VOUCHER-20261009-00117,2026-10-10T00:08:24,1010,Assets:Bank:PenFed FBO Operating Cash,30.53,0.00,Waterfall Settlement Sweep - SCMA-MEM-0001 (HMAC: AUTHENTICATE...)
VOUCHER-20261009-00117,2026-10-10T00:08:24,3020,Equity:Members:SCMA-MEM-0001,0.00,30.53,Waterfall Settlement Sweep - SCMA-MEM-0001 (HMAC: AUTHENTICATE...)
VOUCHER-20261009-00118,2026-10-10T00:08:24,1010,Assets:Bank:PenFed FBO Operating Cash,35.67,0.00,Waterfall Settlement Sweep - SCMA-FOUNDER (HMAC: AUTHENTICATE...)
VOUCHER-20261009-00118,2026-10-10T00:08:24,3010,Equity:Members:SCMA-FOUNDER,0.00,35.67,Waterfall Settlement Sweep - SCMA-FOUNDER (HMAC: AUTHENTICATE...)
VOUCHER-20261009-00119,2026-10-10T00:08:24,1010,Assets:Bank:PenFed FBO Operating Cash,30.53,0.00,Waterfall Settlement Sweep - SCMA-MEM-0001 (HMAC: AUTHENTICATE...)
VOUCHER-20261009-00119,2026-10-10T00:08:24,3020,Equity:Members:SCMA-MEM-0001,0.00,30.53,Waterfall Settlement Sweep - SCMA-MEM-0001 (HMAC: AUTHENTICATE...)
VOUCHER-20261009-00120,2026-10-10T00:08:24,1010,Assets:Bank:PenFed FBO Operating Cash,35.67,0.00,Waterfall Settlement Sweep - SCMA-FOUNDER (HMAC: AUTHENTICATE...)
VOUCHER-20261009-00120,2026-10-10T00:08:24,3010,Equity:Members:SCMA-FOUNDER,0.00,35.67,Waterfall Settlement Sweep - SCMA-FOUNDER (HMAC: AUTHENTICATE...)
VOUCHER-20261009-00121,2026-10-10T00:08:24,1010,Assets:Bank:PenFed FBO Operating Cash,30.53,0.00,Waterfall Settlement Sweep - SCMA-MEM-0001 (HMAC: AUTHENTICATE...)
VOUCHER-20261009-00121,2026-10-10T00:08:24,3020,Equity:Members:SCMA-MEM-0001,0.00,30.53,Waterfall Settlement Sweep - SCMA-MEM-0001 (HMAC: AUTHENTICATE...)
VOUCHER-20261009-00122,2026-10-10T00:08:24,1010,Assets:Bank:PenFed FBO Operating Cash,35.67,0.00,Waterfall Settlement Sweep - SCMA-FOUNDER (HMAC: AUTHENTICATE...)
VOUCHER-20261009-00122,2026-10-10T00:08:24,3010,Equity:Members:SCMA-FOUNDER,0.00,35.67,Waterfall Settlement Sweep - SCMA-FOUNDER (HMAC: AUTHENTICATE...)
VOUCHER-20261009-00123,2026-10-10T00:08:24,1010,Assets:Bank:PenFed FBO Operating Cash,30.53,0.00,Waterfall Settlement Sweep - SCMA-MEM-0001 (HMAC: AUTHENTICATE...)
VOUCHER-20261009-00123,2026-10-10T00:08:24,3020,Equity:Members:SCMA-MEM-0001,0.00,30.53,Waterfall Settlement Sweep - SCMA-MEM-0001 (HMAC: AUTHENTICATE...)
VOUCHER-20261009-00124,2026-10-10T00:08:24,1010,Assets:Bank:PenFed FBO Operating Cash,35.67,0.00,Waterfall Settlement Sweep - SCMA-FOUNDER (HMAC: AUTHENTICATE...)
VOUCHER-20261009-00124,2026-10-10T00:08:24,3010,Equity:Members:SCMA-FOUNDER,0.00,35.67,Waterfall Settlement Sweep - SCMA-FOUNDER (HMAC: AUTHENTICATE...)
VOUCHER-20261009-00125,2026-10-10T00:08:24,1010,Assets:Bank:PenFed FBO Operating Cash,30.53,0.00,Waterfall Settlement Sweep - SCMA-MEM-0001 (HMAC: AUTHENTICATE...)
VOUCHER-20261009-00125,2026-10-10T00:08:24,3020,Equity:Members:SCMA-MEM-0001,0.00,30.53,Waterfall Settlement Sweep - SCMA-MEM-0001 (HMAC: AUTHENTICATE...)
VOUCHER-20261009-00126,2026-10-10T00:08:24,1010,Assets:Bank:PenFed FBO Operating Cash,35.67,0.00,Waterfall Settlement Sweep - SCMA-FOUNDER (HMAC: AUTHENTICATE...)
VOUCHER-20261009-00126,2026-10-10T00:08:24,3010,Equity:Members:SCMA-FOUNDER,0.00,35.67,Waterfall Settlement Sweep - SCMA-FOUNDER (HMAC: AUTHENTICATE...)
VOUCHER-20261009-00127,2026-10-10T00:08:24,1010,Assets:Bank:PenFed FBO Operating Cash,30.53,0.00,Waterfall Settlement Sweep - SCMA-MEM-0001 (HMAC: AUTHENTICATE...)
VOUCHER-20261009-00127,2026-10-10T00:08:24,3020,Equity:Members:SCMA-MEM-0001,0.00,30.53,Waterfall Settlement Sweep - SCMA-MEM-0001 (HMAC: AUTHENTICATE...)
VOUCHER-20261009-00128,2026-10-10T00:08:24,1010,Assets:Bank:PenFed FBO Operating Cash,35.67,0.00,Waterfall Settlement Sweep - SCMA-FOUNDER (HMAC: AUTHENTICATE...)
VOUCHER-20261009-00128,2026-10-10T00:08:24,3010,Equity:Members:SCMA-FOUNDER,0.00,35.67,Waterfall Settlement Sweep - SCMA-FOUNDER (HMAC: AUTHENTICATE...)
VOUCHER-20261009-00129,2026-10-10T00:08:24,1010,Assets:Bank:PenFed FBO Operating Cash,30.53,0.00,Waterfall Settlement Sweep - SCMA-MEM-0001 (HMAC: AUTHENTICATE...)
VOUCHER-20261009-00129,2026-10-10T00:08:24,3020,Equity:Members:SCMA-MEM-0001,0.00,30.53,Waterfall Settlement Sweep - SCMA-MEM-0001 (HMAC: AUTHENTICATE...)
VOUCHER-20261009-00130,2026-10-10T00:08:24,1010,Assets:Bank:PenFed FBO Operating Cash,35.67,0.00,Waterfall Settlement Sweep - SCMA-FOUNDER (HMAC: AUTHENTICATE...)
VOUCHER-20261009-00130,2026-10-10T00:08:24,3010,Equity:Members:SCMA-FOUNDER,0.00,35.67,Waterfall Settlement Sweep - SCMA-FOUNDER (HMAC: AUTHENTICATE...)
VOUCHER-20261009-00131,2026-10-10T00:08:24,1010,Assets:Bank:PenFed FBO Operating Cash,30.53,0.00,Waterfall Settlement Sweep - SCMA-MEM-0001 (HMAC: AUTHENTICATE...)
VOUCHER-20261009-00131,2026-10-10T00:08:24,3020,Equity:Members:SCMA-MEM-0001,0.00,30.53,Waterfall Settlement Sweep - SCMA-MEM-0001 (HMAC: AUTHENTICATE...)
VOUCHER-20261009-00132,2026-10-10T00:08:24,1010,Assets:Bank:PenFed FBO Operating Cash,35.67,0.00,Waterfall Settlement Sweep - SCMA-FOUNDER (HMAC: AUTHENTICATE...)
VOUCHER-20261009-00132,2026-10-10T00:08:24,3010,Equity:Members:SCMA-FOUNDER,0.00,35.67,Waterfall Settlement Sweep - SCMA-FOUNDER (HMAC: AUTHENTICATE...)
VOUCHER-20261009-00133,2026-10-10T00:08:24,1010,Assets:Bank:PenFed FBO Operating Cash,30.53,0.00,Waterfall Settlement Sweep - SCMA-MEM-0001 (HMAC: AUTHENTICATE...)
VOUCHER-20261009-00133,2026-10-10T00:08:24,3020,Equity:Members:SCMA-MEM-0001,0.00,30.53,Waterfall Settlement Sweep - SCMA-MEM-0001 (HMAC: AUTHENTICATE...)
VOUCHER-20261009-00134,2026-10-10T00:08:24,1010,Assets:Bank:PenFed FBO Operating Cash,35.67,0.00,Waterfall Settlement Sweep - SCMA-FOUNDER (HMAC: AUTHENTICATE...)
VOUCHER-20261009-00134,2026-10-10T00:08:24,3010,Equity:Members:SCMA-FOUNDER,0.00,35.67,Waterfall Settlement Sweep - SCMA-FOUNDER (HMAC: AUTHENTICATE...)
VOUCHER-20261009-00135,2026-10-10T00:08:24,1010,Assets:Bank:PenFed FBO Operating Cash,30.53,0.00,Waterfall Settlement Sweep - SCMA-MEM-0001 (HMAC: AUTHENTICATE...)
VOUCHER-20261009-00135,2026-10-10T00:08:24,3020,Equity:Members:SCMA-MEM-0001,0.00,30.53,Waterfall Settlement Sweep - SCMA-MEM-0001 (HMAC: AUTHENTICATE...)
VOUCHER-20261009-00136,2026-10-10T00:08:24,1010,Assets:Bank:PenFed FBO Operating Cash,35.67,0.00,Waterfall Settlement Sweep - SCMA-FOUNDER (HMAC: AUTHENTICATE...)
VOUCHER-20261009-00136,2026-10-10T00:08:24,3010,Equity:Members:SCMA-FOUNDER,0.00,35.67,Waterfall Settlement Sweep - SCMA-FOUNDER (HMAC: AUTHENTICATE...)
VOUCHER-20261009-00137,2026-10-10T00:08:24,1010,Assets:Bank:PenFed FBO Operating Cash,30.53,0.00,Waterfall Settlement Sweep - SCMA-MEM-0001 (HMAC: AUTHENTICATE...)
VOUCHER-20261009-00137,2026-10-10T00:08:24,3020,Equity:Members:SCMA-MEM-0001,0.00,30.53,Waterfall Settlement Sweep - SCMA-MEM-0001 (HMAC: AUTHENTICATE...)
VOUCHER-20261009-00138,2026-10-10T00:08:24,1010,Assets:Bank:PenFed FBO Operating Cash,35.67,0.00,Waterfall Settlement Sweep - SCMA-FOUNDER (HMAC: AUTHENTICATE...)
VOUCHER-20261009-00138,2026-10-10T00:08:24,3010,Equity:Members:SCMA-FOUNDER,0.00,35.67,Waterfall Settlement Sweep - SCMA-FOUNDER (HMAC: AUTHENTICATE...)
VOUCHER-20261009-00139,2026-10-10T00:08:24,1010,Assets:Bank:PenFed FBO Operating Cash,30.53,0.00,Waterfall Settlement Sweep - SCMA-MEM-0001 (HMAC: AUTHENTICATE...)
VOUCHER-20261009-00139,2026-10-10T00:08:24,3020,Equity:Members:SCMA-MEM-0001,0.00,30.53,Waterfall Settlement Sweep - SCMA-MEM-0001 (HMAC: AUTHENTICATE...)
VOUCHER-20261009-00140,2026-10-10T00:08:24,1010,Assets:Bank:PenFed FBO Operating Cash,35.67,0.00,Waterfall Settlement Sweep - SCMA-FOUNDER (HMAC: AUTHENTICATE...)
VOUCHER-20261009-00140,2026-10-10T00:08:24,3010,Equity:Members:SCMA-FOUNDER,0.00,35.67,Waterfall Settlement Sweep - SCMA-FOUNDER (HMAC: AUTHENTICATE...)
VOUCHER-20261009-00141,2026-10-10T00:08:24,1010,Assets:Bank:PenFed FBO Operating Cash,30.53,0.00,Waterfall Settlement Sweep - SCMA-MEM-0001 (HMAC: AUTHENTICATE...)
VOUCHER-20261009-00141,2026-10-10T00:08:24,3020,Equity:Members:SCMA-MEM-0001,0.00,30.53,Waterfall Settlement Sweep - SCMA-MEM-0001 (HMAC: AUTHENTICATE...)
VOUCHER-20261009-00142,2026-10-10T00:08:24,1010,Assets:Bank:PenFed FBO Operating Cash,35.67,0.00,Waterfall Settlement Sweep - SCMA-FOUNDER (HMAC: AUTHENTICATE...)
VOUCHER-20261009-00142,2026-10-10T00:08:24,3010,Equity:Members:SCMA-FOUNDER,0.00,35.67,Waterfall Settlement Sweep - SCMA-FOUNDER (HMAC: AUTHENTICATE...)
VOUCHER-20261009-00143,2026-10-10T00:08:24,1010,Assets:Bank:PenFed FBO Operating Cash,30.53,0.00,Waterfall Settlement Sweep - SCMA-MEM-0001 (HMAC: AUTHENTICATE...)
VOUCHER-20261009-00143,2026-10-10T00:08:24,3020,Equity:Members:SCMA-MEM-0001,0.00,30.53,Waterfall Settlement Sweep - SCMA-MEM-0001 (HMAC: AUTHENTICATE...)
VOUCHER-20261009-00144,2026-10-10T00:08:24,1010,Assets:Bank:PenFed FBO Operating Cash,35.67,0.00,Waterfall Settlement Sweep - SCMA-FOUNDER (HMAC: AUTHENTICATE...)
VOUCHER-20261009-00144,2026-10-10T00:08:24,3010,Equity:Members:SCMA-FOUNDER,0.00,35.67,Waterfall Settlement Sweep - SCMA-FOUNDER (HMAC: AUTHENTICATE...)
VOUCHER-20261009-00145,2026-10-10T00:08:24,1010,Assets:Bank:PenFed FBO Operating Cash,30.53,0.00,Waterfall Settlement Sweep - SCMA-MEM-0001 (HMAC: AUTHENTICATE...)
VOUCHER-20261009-00145,2026-10-10T00:08:24,3020,Equity:Members:SCMA-MEM-0001,0.00,30.53,Waterfall Settlement Sweep - SCMA-MEM-0001 (HMAC: AUTHENTICATE...)
VOUCHER-20261009-00146,2026-10-10T00:08:24,1010,Assets:Bank:PenFed FBO Operating Cash,35.67,0.00,Waterfall Settlement Sweep - SCMA-FOUNDER (HMAC: AUTHENTICATE...)
VOUCHER-20261009-00146,2026-10-10T00:08:24,3010,Equity:Members:SCMA-FOUNDER,0.00,35.67,Waterfall Settlement Sweep - SCMA-FOUNDER (HMAC: AUTHENTICATE...)
VOUCHER-20261009-00147,2026-10-10T00:08:24,1010,Assets:Bank:PenFed FBO Operating Cash,30.53,0.00,Waterfall Settlement Sweep - SCMA-MEM-0001 (HMAC: AUTHENTICATE...)
VOUCHER-20261009-00147,2026-10-10T00:08:24,3020,Equity:Members:SCMA-MEM-0001,0.00,30.53,Waterfall Settlement Sweep - SCMA-MEM-0001 (HMAC: AUTHENTICATE...)
VOUCHER-20261009-00148,2026-10-10T00:08:24,1010,Assets:Bank:PenFed FBO Operating Cash,35.67,0.00,Waterfall Settlement Sweep - SCMA-FOUNDER (HMAC: AUTHENTICATE...)
VOUCHER-20261009-00148,2026-10-10T00:08:24,3010,Equity:Members:SCMA-FOUNDER,0.00,35.67,Waterfall Settlement Sweep - SCMA-FOUNDER (HMAC: AUTHENTICATE...)
VOUCHER-20261009-00149,2026-10-10T00:08:24,1010,Assets:Bank:PenFed FBO Operating Cash,30.53,0.00,Waterfall Settlement Sweep - SCMA-MEM-0001 (HMAC: AUTHENTICATE...)
VOUCHER-20261009-00149,2026-10-10T00:08:24,3020,Equity:Members:SCMA-MEM-0001,0.00,30.53,Waterfall Settlement Sweep - SCMA-MEM-0001 (HMAC: AUTHENTICATE...)
VOUCHER-20261009-00150,2026-10-10T00:08:24,1010,Assets:Bank:PenFed FBO Operating Cash,35.67,0.00,Waterfall Settlement Sweep - SCMA-FOUNDER (HMAC: AUTHENTICATE...)
VOUCHER-20261009-00150,2026-10-10T00:08:24,3010,Equity:Members:SCMA-FOUNDER,0.00,35.67,Waterfall Settlement Sweep - SCMA-FOUNDER (HMAC: AUTHENTICATE...)
VOUCHER-20261009-00151,2026-10-10T00:08:24,1010,Assets:Bank:PenFed FBO Operating Cash,30.53,0.00,Waterfall Settlement Sweep - SCMA-MEM-0001 (HMAC: AUTHENTICATE...)
VOUCHER-20261009-00151,2026-10-10T00:08:24,3020,Equity:Members:SCMA-MEM-0001,0.00,30.53,Waterfall Settlement Sweep - SCMA-MEM-0001 (HMAC: AUTHENTICATE...)
VOUCHER-20261009-00152,2026-10-10T00:08:24,1010,Assets:Bank:PenFed FBO Operating Cash,35.67,0.00,Waterfall Settlement Sweep - SCMA-FOUNDER (HMAC: AUTHENTICATE...)
VOUCHER-20261009-00152,2026-10-10T00:08:24,3010,Equity:Members:SCMA-FOUNDER,0.00,35.67,Waterfall Settlement Sweep - SCMA-FOUNDER (HMAC: AUTHENTICATE...)
VOUCHER-20261009-00153,2026-10-10T00:08:24,1010,Assets:Bank:PenFed FBO Operating Cash,30.53,0.00,Waterfall Settlement Sweep - SCMA-MEM-0001 (HMAC: AUTHENTICATE...)
VOUCHER-20261009-00153,2026-10-10T00:08:24,3020,Equity:Members:SCMA-MEM-0001,0.00,30.53,Waterfall Settlement Sweep - SCMA-MEM-0001 (HMAC: AUTHENTICATE...)
VOUCHER-20261009-00154,2026-10-10T00:08:24,1010,Assets:Bank:PenFed FBO Operating Cash,35.67,0.00,Waterfall Settlement Sweep - SCMA-FOUNDER (HMAC: AUTHENTICATE...)
VOUCHER-20261009-00154,2026-10-10T00:08:24,3010,Equity:Members:SCMA-FOUNDER,0.00,35.67,Waterfall Settlement Sweep - SCMA-FOUNDER (HMAC: AUTHENTICATE...)
VOUCHER-20261009-00155,2026-10-10T00:08:24,1010,Assets:Bank:PenFed FBO Operating Cash,30.53,0.00,Waterfall Settlement Sweep - SCMA-MEM-0001 (HMAC: AUTHENTICATE...)
VOUCHER-20261009-00155,2026-10-10T00:08:24,3020,Equity:Members:SCMA-MEM-0001,0.00,30.53,Waterfall Settlement Sweep - SCMA-MEM-0001 (HMAC: AUTHENTICATE...)
VOUCHER-20261009-00156,2026-10-10T00:08:24,1010,Assets:Bank:PenFed FBO Operating Cash,35.67,0.00,Waterfall Settlement Sweep - SCMA-FOUNDER (HMAC: AUTHENTICATE...)
VOUCHER-20261009-00156,2026-10-10T00:08:24,3010,Equity:Members:SCMA-FOUNDER,0.00,35.67,Waterfall Settlement Sweep - SCMA-FOUNDER (HMAC: AUTHENTICATE...)
VOUCHER-20261009-00157,2026-10-10T00:08:24,1010,Assets:Bank:PenFed FBO Operating Cash,30.53,0.00,Waterfall Settlement Sweep - SCMA-MEM-0001 (HMAC: AUTHENTICATE...)
VOUCHER-20261009-00157,2026-10-10T00:08:24,3020,Equity:Members:SCMA-MEM-0001,0.00,30.53,Waterfall Settlement Sweep - SCMA-MEM-0001 (HMAC: AUTHENTICATE...)
VOUCHER-20261009-00158,2026-10-10T00:08:24,1010,Assets:Bank:PenFed FBO Operating Cash,35.67,0.00,Waterfall Settlement Sweep - SCMA-FOUNDER (HMAC: AUTHENTICATE...)
VOUCHER-20261009-00158,2026-10-10T00:08:24,3010,Equity:Members:SCMA-FOUNDER,0.00,35.67,Waterfall Settlement Sweep - SCMA-FOUNDER (HMAC: AUTHENTICATE...)
VOUCHER-20261009-00159,2026-10-10T00:08:24,1010,Assets:Bank:PenFed FBO Operating Cash,30.53,0.00,Waterfall Settlement Sweep - SCMA-MEM-0001 (HMAC: AUTHENTICATE...)
VOUCHER-20261009-00159,2026-10-10T00:08:24,3020,Equity:Members:SCMA-MEM-0001,0.00,30.53,Waterfall Settlement Sweep - SCMA-MEM-0001 (HMAC: AUTHENTICATE...)
VOUCHER-20261009-00160,2026-10-10T00:08:24,1010,Assets:Bank:PenFed FBO Operating Cash,35.67,0.00,Waterfall Settlement Sweep - SCMA-FOUNDER (HMAC: AUTHENTICATE...)
VOUCHER-20261009-00160,2026-10-10T00:08:24,3010,Equity:Members:SCMA-FOUNDER,0.00,35.67,Waterfall Settlement Sweep - SCMA-FOUNDER (HMAC: AUTHENTICATE...)
VOUCHER-20261009-00161,2026-10-10T00:08:24,1010,Assets:Bank:PenFed FBO Operating Cash,30.53,0.00,Waterfall Settlement Sweep - SCMA-MEM-0001 (HMAC: AUTHENTICATE...)
VOUCHER-20261009-00161,2026-10-10T00:08:24,3020,Equity:Members:SCMA-MEM-0001,0.00,30.53,Waterfall Settlement Sweep - SCMA-MEM-0001 (HMAC: AUTHENTICATE...)
VOUCHER-20261009-00162,2026-10-10T00:08:24,1010,Assets:Bank:PenFed FBO Operating Cash,35.67,0.00,Waterfall Settlement Sweep - SCMA-FOUNDER (HMAC: AUTHENTICATE...)
VOUCHER-20261009-00162,2026-10-10T00:08:24,3010,Equity:Members:SCMA-FOUNDER,0.00,35.67,Waterfall Settlement Sweep - SCMA-FOUNDER (HMAC: AUTHENTICATE...)
VOUCHER-20261009-00163,2026-10-10T00:08:24,1010,Assets:Bank:PenFed FBO Operating Cash,30.53,0.00,Waterfall Settlement Sweep - SCMA-MEM-0001 (HMAC: AUTHENTICATE...)
VOUCHER-20261009-00163,2026-10-10T00:08:24,3020,Equity:Members:SCMA-MEM-0001,0.00,30.53,Waterfall Settlement Sweep - SCMA-MEM-0001 (HMAC: AUTHENTICATE...)
VOUCHER-20261009-00164,2026-10-10T00:08:24,1010,Assets:Bank:PenFed FBO Operating Cash,35.67,0.00,Waterfall Settlement Sweep - SCMA-FOUNDER (HMAC: AUTHENTICATE...)
VOUCHER-20261009-00164,2026-10-10T00:08:24,3010,Equity:Members:SCMA-FOUNDER,0.00,35.67,Waterfall Settlement Sweep - SCMA-FOUNDER (HMAC: AUTHENTICATE...)
VOUCHER-20261009-00165,2026-10-10T00:08:24,1010,Assets:Bank:PenFed FBO Operating Cash,30.53,0.00,Waterfall Settlement Sweep - SCMA-MEM-0001 (HMAC: AUTHENTICATE...)
VOUCHER-20261009-00165,2026-10-10T00:08:24,3020,Equity:Members:SCMA-MEM-0001,0.00,30.53,Waterfall Settlement Sweep - SCMA-MEM-0001 (HMAC: AUTHENTICATE...)
VOUCHER-20261009-00166,2026-10-10T00:08:24,1010,Assets:Bank:PenFed FBO Operating Cash,35.67,0.00,Waterfall Settlement Sweep - SCMA-FOUNDER (HMAC: AUTHENTICATE...)
VOUCHER-20261009-00166,2026-10-10T00:08:24,3010,Equity:Members:SCMA-FOUNDER,0.00,35.67,Waterfall Settlement Sweep - SCMA-FOUNDER (HMAC: AUTHENTICATE...)
VOUCHER-20261009-00167,2026-10-10T00:08:24,1010,Assets:Bank:PenFed FBO Operating Cash,30.53,0.00,Waterfall Settlement Sweep - SCMA-MEM-0001 (HMAC: AUTHENTICATE...)
VOUCHER-20261009-00167,2026-10-10T00:08:24,3020,Equity:Members:SCMA-MEM-0001,0.00,30.53,Waterfall Settlement Sweep - SCMA-MEM-0001 (HMAC: AUTHENTICATE...)
VOUCHER-20261009-00168,2026-10-10T00:08:24,1010,Assets:Bank:PenFed FBO Operating Cash,35.67,0.00,Waterfall Settlement Sweep - SCMA-FOUNDER (HMAC: AUTHENTICATE...)
VOUCHER-20261009-00168,2026-10-10T00:08:24,3010,Equity:Members:SCMA-FOUNDER,0.00,35.67,Waterfall Settlement Sweep - SCMA-FOUNDER (HMAC: AUTHENTICATE...)
VOUCHER-20261009-00169,2026-10-10T00:08:24,1010,Assets:Bank:PenFed FBO Operating Cash,30.53,0.00,Waterfall Settlement Sweep - SCMA-MEM-0001 (HMAC: AUTHENTICATE...)
VOUCHER-20261009-00169,2026-10-10T00:08:24,3020,Equity:Members:SCMA-MEM-0001,0.00,30.53,Waterfall Settlement Sweep - SCMA-MEM-0001 (HMAC: AUTHENTICATE...)
VOUCHER-20261009-00170,2026-10-10T00:08:24,1010,Assets:Bank:PenFed FBO Operating Cash,35.67,0.00,Waterfall Settlement Sweep - SCMA-FOUNDER (HMAC: AUTHENTICATE...)
VOUCHER-20261009-00170,2026-10-10T00:08:24,3010,Equity:Members:SCMA-FOUNDER,0.00,35.67,Waterfall Settlement Sweep - SCMA-FOUNDER (HMAC: AUTHENTICATE...)
VOUCHER-20261009-00171,2026-10-10T00:08:24,1010,Assets:Bank:PenFed FBO Operating Cash,30.53,0.00,Waterfall Settlement Sweep - SCMA-MEM-0001 (HMAC: AUTHENTICATE...)
VOUCHER-20261009-00171,2026-10-10T00:08:24,3020,Equity:Members:SCMA-MEM-0001,0.00,30.53,Waterfall Settlement Sweep - SCMA-MEM-0001 (HMAC: AUTHENTICATE...)
VOUCHER-20261009-00172,2026-10-10T00:08:24,1010,Assets:Bank:PenFed FBO Operating Cash,35.67,0.00,Waterfall Settlement Sweep - SCMA-FOUNDER (HMAC: AUTHENTICATE...)
VOUCHER-20261009-00172,2026-10-10T00:08:24,3010,Equity:Members:SCMA-FOUNDER,0.00,35.67,Waterfall Settlement Sweep - SCMA-FOUNDER (HMAC: AUTHENTICATE...)
VOUCHER-20261009-00173,2026-10-10T00:08:24,1010,Assets:Bank:PenFed FBO Operating Cash,30.53,0.00,Waterfall Settlement Sweep - SCMA-MEM-0001 (HMAC: AUTHENTICATE...)
VOUCHER-20261009-00173,2026-10-10T00:08:24,3020,Equity:Members:SCMA-MEM-0001,0.00,30.53,Waterfall Settlement Sweep - SCMA-MEM-0001 (HMAC: AUTHENTICATE...)
VOUCHER-20261009-00174,2026-10-10T00:08:24,1010,Assets:Bank:PenFed FBO Operating Cash,35.67,0.00,Waterfall Settlement Sweep - SCMA-FOUNDER (HMAC: AUTHENTICATE...)
VOUCHER-20261009-00174,2026-10-10T00:08:24,3010,Equity:Members:SCMA-FOUNDER,0.00,35.67,Waterfall Settlement Sweep - SCMA-FOUNDER (HMAC: AUTHENTICATE...)
VOUCHER-20261009-00175,2026-10-10T00:08:24,1010,Assets:Bank:PenFed FBO Operating Cash,30.53,0.00,Waterfall Settlement Sweep - SCMA-MEM-0001 (HMAC: AUTHENTICATE...)
VOUCHER-20261009-00175,2026-10-10T00:08:24,3020,Equity:Members:SCMA-MEM-0001,0.00,30.53,Waterfall Settlement Sweep - SCMA-MEM-0001 (HMAC: AUTHENTICATE...)
VOUCHER-20261009-00176,2026-10-10T00:08:24,1010,Assets:Bank:PenFed FBO Operating Cash,35.67,0.00,Waterfall Settlement Sweep - SCMA-FOUNDER (HMAC: AUTHENTICATE...)
VOUCHER-20261009-00176,2026-10-10T00:08:24,3010,Equity:Members:SCMA-FOUNDER,0.00,35.67,Waterfall Settlement Sweep - SCMA-FOUNDER (HMAC: AUTHENTICATE...)
VOUCHER-20261009-00177,2026-10-10T00:08:24,1010,Assets:Bank:PenFed FBO Operating Cash,30.53,0.00,Waterfall Settlement Sweep - SCMA-MEM-0001 (HMAC: AUTHENTICATE...)
VOUCHER-20261009-00177,2026-10-10T00:08:24,3020,Equity:Members:SCMA-MEM-0001,0.00,30.53,Waterfall Settlement Sweep - SCMA-MEM-0001 (HMAC: AUTHENTICATE...)
VOUCHER-20261009-00178,2026-10-10T00:08:24,1010,Assets:Bank:PenFed FBO Operating Cash,35.67,0.00,Waterfall Settlement Sweep - SCMA-FOUNDER (HMAC: AUTHENTICATE...)
VOUCHER-20261009-00178,2026-10-10T00:08:24,3010,Equity:Members:SCMA-FOUNDER,0.00,35.67,Waterfall Settlement Sweep - SCMA-FOUNDER (HMAC: AUTHENTICATE...)
VOUCHER-20261009-00179,2026-10-10T00:08:24,1010,Assets:Bank:PenFed FBO Operating Cash,30.53,0.00,Waterfall Settlement Sweep - SCMA-MEM-0001 (HMAC: AUTHENTICATE...)
VOUCHER-20261009-00179,2026-10-10T00:08:24,3020,Equity:Members:SCMA-MEM-0001,0.00,30.53,Waterfall Settlement Sweep - SCMA-MEM-0001 (HMAC: AUTHENTICATE...)
VOUCHER-20261009-00180,2026-10-10T00:08:24,1010,Assets:Bank:PenFed FBO Operating Cash,35.67,0.00,Waterfall Settlement Sweep - SCMA-FOUNDER (HMAC: AUTHENTICATE...)
VOUCHER-20261009-00180,2026-10-10T00:08:24,3010,Equity:Members:SCMA-FOUNDER,0.00,35.67,Waterfall Settlement Sweep - SCMA-FOUNDER (HMAC: AUTHENTICATE...)
VOUCHER-20261009-00181,2026-10-10T00:08:24,1010,Assets:Bank:PenFed FBO Operating Cash,30.53,0.00,Waterfall Settlement Sweep - SCMA-MEM-0001 (HMAC: AUTHENTICATE...)
VOUCHER-20261009-00181,2026-10-10T00:08:24,3020,Equity:Members:SCMA-MEM-0001,0.00,30.53,Waterfall Settlement Sweep - SCMA-MEM-0001 (HMAC: AUTHENTICATE...)
VOUCHER-20261009-00182,2026-10-10T00:08:24,1010,Assets:Bank:PenFed FBO Operating Cash,35.67,0.00,Waterfall Settlement Sweep - SCMA-FOUNDER (HMAC: AUTHENTICATE...)
VOUCHER-20261009-00182,2026-10-10T00:08:24,3010,Equity:Members:SCMA-FOUNDER,0.00,35.67,Waterfall Settlement Sweep - SCMA-FOUNDER (HMAC: AUTHENTICATE...)
VOUCHER-20261009-00183,2026-10-10T00:08:24,1010,Assets:Bank:PenFed FBO Operating Cash,30.53,0.00,Waterfall Settlement Sweep - SCMA-MEM-0001 (HMAC: AUTHENTICATE...)
VOUCHER-20261009-00183,2026-10-10T00:08:24,3020,Equity:Members:SCMA-MEM-0001,0.00,30.53,Waterfall Settlement Sweep - SCMA-MEM-0001 (HMAC: AUTHENTICATE...)
VOUCHER-20261009-00184,2026-10-10T00:08:24,1010,Assets:Bank:PenFed FBO Operating Cash,35.67,0.00,Waterfall Settlement Sweep - SCMA-FOUNDER (HMAC: AUTHENTICATE...)
VOUCHER-20261009-00184,2026-10-10T00:08:24,3010,Equity:Members:SCMA-FOUNDER,0.00,35.67,Waterfall Settlement Sweep - SCMA-FOUNDER (HMAC: AUTHENTICATE...)
VOUCHER-20261009-00185,2026-10-10T00:08:24,1010,Assets:Bank:PenFed FBO Operating Cash,30.53,0.00,Waterfall Settlement Sweep - SCMA-MEM-0001 (HMAC: AUTHENTICATE...)
VOUCHER-20261009-00185,2026-10-10T00:08:24,3020,Equity:Members:SCMA-MEM-0001,0.00,30.53,Waterfall Settlement Sweep - SCMA-MEM-0001 (HMAC: AUTHENTICATE...)
VOUCHER-20261009-00186,2026-10-10T00:08:24,1010,Assets:Bank:PenFed FBO Operating Cash,35.67,0.00,Waterfall Settlement Sweep - SCMA-FOUNDER (HMAC: AUTHENTICATE...)
VOUCHER-20261009-00186,2026-10-10T00:08:24,3010,Equity:Members:SCMA-FOUNDER,0.00,35.67,Waterfall Settlement Sweep - SCMA-FOUNDER (HMAC: AUTHENTICATE...)
VOUCHER-20261009-00187,2026-10-10T00:08:24,1010,Assets:Bank:PenFed FBO Operating Cash,30.53,0.00,Waterfall Settlement Sweep - SCMA-MEM-0001 (HMAC: AUTHENTICATE...)
VOUCHER-20261009-00187,2026-10-10T00:08:24,3020,Equity:Members:SCMA-MEM-0001,0.00,30.53,Waterfall Settlement Sweep - SCMA-MEM-0001 (HMAC: AUTHENTICATE...)
VOUCHER-20261009-00188,2026-10-10T00:08:24,1010,Assets:Bank:PenFed FBO Operating Cash,35.67,0.00,Waterfall Settlement Sweep - SCMA-FOUNDER (HMAC: AUTHENTICATE...)
VOUCHER-20261009-00188,2026-10-10T00:08:24,3010,Equity:Members:SCMA-FOUNDER,0.00,35.67,Waterfall Settlement Sweep - SCMA-FOUNDER (HMAC: AUTHENTICATE...)
VOUCHER-20261009-00189,2026-10-10T00:08:24,1010,Assets:Bank:PenFed FBO Operating Cash,30.53,0.00,Waterfall Settlement Sweep - SCMA-MEM-0001 (HMAC: AUTHENTICATE...)
VOUCHER-20261009-00189,2026-10-10T00:08:24,3020,Equity:Members:SCMA-MEM-0001,0.00,30.53,Waterfall Settlement Sweep - SCMA-MEM-0001 (HMAC: AUTHENTICATE...)
VOUCHER-20261009-00190,2026-10-10T00:08:24,1010,Assets:Bank:PenFed FBO Operating Cash,35.67,0.00,Waterfall Settlement Sweep - SCMA-FOUNDER (HMAC: AUTHENTICATE...)
VOUCHER-20261009-00190,2026-10-10T00:08:24,3010,Equity:Members:SCMA-FOUNDER,0.00,35.67,Waterfall Settlement Sweep - SCMA-FOUNDER (HMAC: AUTHENTICATE...)
VOUCHER-20261009-00191,2026-10-10T00:08:24,1010,Assets:Bank:PenFed FBO Operating Cash,30.53,0.00,Waterfall Settlement Sweep - SCMA-MEM-0001 (HMAC: AUTHENTICATE...)
VOUCHER-20261009-00191,2026-10-10T00:08:24,3020,Equity:Members:SCMA-MEM-0001,0.00,30.53,Waterfall Settlement Sweep - SCMA-MEM-0001 (HMAC: AUTHENTICATE...)
VOUCHER-20261009-00192,2026-10-10T00:08:24,1010,Assets:Bank:PenFed FBO Operating Cash,35.67,0.00,Waterfall Settlement Sweep - SCMA-FOUNDER (HMAC: AUTHENTICATE...)
VOUCHER-20261009-00192,2026-10-10T00:08:24,3010,Equity:Members:SCMA-FOUNDER,0.00,35.67,Waterfall Settlement Sweep - SCMA-FOUNDER (HMAC: AUTHENTICATE...)
VOUCHER-20261009-00193,2026-10-10T00:08:24,1010,Assets:Bank:PenFed FBO Operating Cash,30.53,0.00,Waterfall Settlement Sweep - SCMA-MEM-0001 (HMAC: AUTHENTICATE...)
VOUCHER-20261009-00193,2026-10-10T00:08:24,3020,Equity:Members:SCMA-MEM-0001,0.00,30.53,Waterfall Settlement Sweep - SCMA-MEM-0001 (HMAC: AUTHENTICATE...)
VOUCHER-20261009-00194,2026-10-10T00:08:24,1010,Assets:Bank:PenFed FBO Operating Cash,35.67,0.00,Waterfall Settlement Sweep - SCMA-FOUNDER (HMAC: AUTHENTICATE...)
VOUCHER-20261009-00194,2026-10-10T00:08:24,3010,Equity:Members:SCMA-FOUNDER,0.00,35.67,Waterfall Settlement Sweep - SCMA-FOUNDER (HMAC: AUTHENTICATE...)
VOUCHER-20261009-00195,2026-10-10T00:08:24,1010,Assets:Bank:PenFed FBO Operating Cash,30.53,0.00,Waterfall Settlement Sweep - SCMA-MEM-0001 (HMAC: AUTHENTICATE...)
VOUCHER-20261009-00195,2026-10-10T00:08:24,3020,Equity:Members:SCMA-MEM-0001,0.00,30.53,Waterfall Settlement Sweep - SCMA-MEM-0001 (HMAC: AUTHENTICATE...)
VOUCHER-20261009-00196,2026-10-10T00:08:24,1010,Assets:Bank:PenFed FBO Operating Cash,35.67,0.00,Waterfall Settlement Sweep - SCMA-FOUNDER (HMAC: AUTHENTICATE...)
VOUCHER-20261009-00196,2026-10-10T00:08:24,3010,Equity:Members:SCMA-FOUNDER,0.00,35.67,Waterfall Settlement Sweep - SCMA-FOUNDER (HMAC: AUTHENTICATE...)
VOUCHER-20261009-00197,2026-10-10T00:08:24,1010,Assets:Bank:PenFed FBO Operating Cash,30.53,0.00,Waterfall Settlement Sweep - SCMA-MEM-0001 (HMAC: AUTHENTICATE...)
VOUCHER-20261009-00197,2026-10-10T00:08:24,3020,Equity:Members:SCMA-MEM-0001,0.00,30.53,Waterfall Settlement Sweep - SCMA-MEM-0001 (HMAC: AUTHENTICATE...)
VOUCHER-20261009-00198,2026-10-10T00:08:24,1010,Assets:Bank:PenFed FBO Operating Cash,35.67,0.00,Waterfall Settlement Sweep - SCMA-FOUNDER (HMAC: AUTHENTICATE...)
VOUCHER-20261009-00198,2026-10-10T00:08:24,3010,Equity:Members:SCMA-FOUNDER,0.00,35.67,Waterfall Settlement Sweep - SCMA-FOUNDER (HMAC: AUTHENTICATE...)
VOUCHER-20261009-00199,2026-10-10T00:08:24,1010,Assets:Bank:PenFed FBO Operating Cash,30.53,0.00,Waterfall Settlement Sweep - SCMA-MEM-0001 (HMAC: AUTHENTICATE...)
VOUCHER-20261009-00199,2026-10-10T00:08:24,3020,Equity:Members:SCMA-MEM-0001,0.00,30.53,Waterfall Settlement Sweep - SCMA-MEM-0001 (HMAC: AUTHENTICATE...)
VOUCHER-20261009-00200,2026-10-10T00:08:24,1010,Assets:Bank:PenFed FBO Operating Cash,35.67,0.00,Waterfall Settlement Sweep - SCMA-FOUNDER (HMAC: AUTHENTICATE...)
VOUCHER-20261009-00200,2026-10-10T00:08:24,3010,Equity:Members:SCMA-FOUNDER,0.00,35.67,Waterfall Settlement Sweep - SCMA-FOUNDER (HMAC: AUTHENTICATE...)
VOUCHER-20261009-00201,2026-10-10T00:08:24,1010,Assets:Bank:PenFed FBO Operating Cash,30.53,0.00,Waterfall Settlement Sweep - SCMA-MEM-0001 (HMAC: AUTHENTICATE...)
VOUCHER-20261009-00201,2026-10-10T00:08:24,3020,Equity:Members:SCMA-MEM-0001,0.00,30.53,Waterfall Settlement Sweep - SCMA-MEM-0001 (HMAC: AUTHENTICATE...)
VOUCHER-20261009-00202,2026-10-10T00:08:24,1010,Assets:Bank:PenFed FBO Operating Cash,35.67,0.00,Waterfall Settlement Sweep - SCMA-FOUNDER (HMAC: AUTHENTICATE...)
VOUCHER-20261009-00202,2026-10-10T00:08:24,3010,Equity:Members:SCMA-FOUNDER,0.00,35.67,Waterfall Settlement Sweep - SCMA-FOUNDER (HMAC: AUTHENTICATE...)
VOUCHER-20261009-00203,2026-10-10T00:08:24,1010,Assets:Bank:PenFed FBO Operating Cash,30.53,0.00,Waterfall Settlement Sweep - SCMA-MEM-0001 (HMAC: AUTHENTICATE...)
VOUCHER-20261009-00203,2026-10-10T00:08:24,3020,Equity:Members:SCMA-MEM-0001,0.00,30.53,Waterfall Settlement Sweep - SCMA-MEM-0001 (HMAC: AUTHENTICATE...)
VOUCHER-20261009-00204,2026-10-10T00:08:24,1010,Assets:Bank:PenFed FBO Operating Cash,35.67,0.00,Waterfall Settlement Sweep - SCMA-FOUNDER (HMAC: AUTHENTICATE...)
VOUCHER-20261009-00204,2026-10-10T00:08:24,3010,Equity:Members:SCMA-FOUNDER,0.00,35.67,Waterfall Settlement Sweep - SCMA-FOUNDER (HMAC: AUTHENTICATE...)
VOUCHER-20261009-00205,2026-10-10T00:08:24,1010,Assets:Bank:PenFed FBO Operating Cash,30.53,0.00,Waterfall Settlement Sweep - SCMA-MEM-0001 (HMAC: AUTHENTICATE...)
VOUCHER-20261009-00205,2026-10-10T00:08:24,3020,Equity:Members:SCMA-MEM-0001,0.00,30.53,Waterfall Settlement Sweep - SCMA-MEM-0001 (HMAC: AUTHENTICATE...)
VOUCHER-20261009-00206,2026-10-10T00:08:24,1010,Assets:Bank:PenFed FBO Operating Cash,35.67,0.00,Waterfall Settlement Sweep - SCMA-FOUNDER (HMAC: AUTHENTICATE...)
VOUCHER-20261009-00206,2026-10-10T00:08:24,3010,Equity:Members:SCMA-FOUNDER,0.00,35.67,Waterfall Settlement Sweep - SCMA-FOUNDER (HMAC: AUTHENTICATE...)
VOUCHER-20261009-00207,2026-10-10T00:08:24,1010,Assets:Bank:PenFed FBO Operating Cash,30.53,0.00,Waterfall Settlement Sweep - SCMA-MEM-0001 (HMAC: AUTHENTICATE...)
VOUCHER-20261009-00207,2026-10-10T00:08:24,3020,Equity:Members:SCMA-MEM-0001,0.00,30.53,Waterfall Settlement Sweep - SCMA-MEM-0001 (HMAC: AUTHENTICATE...)
VOUCHER-20261009-00208,2026-10-10T00:08:24,1010,Assets:Bank:PenFed FBO Operating Cash,35.67,0.00,Waterfall Settlement Sweep - SCMA-FOUNDER (HMAC: AUTHENTICATE...)
VOUCHER-20261009-00208,2026-10-10T00:08:24,3010,Equity:Members:SCMA-FOUNDER,0.00,35.67,Waterfall Settlement Sweep - SCMA-FOUNDER (HMAC: AUTHENTICATE...)
VOUCHER-20261009-00209,2026-10-10T00:08:24,1010,Assets:Bank:PenFed FBO Operating Cash,30.53,0.00,Waterfall Settlement Sweep - SCMA-MEM-0001 (HMAC: AUTHENTICATE...)
VOUCHER-20261009-00209,2026-10-10T00:08:24,3020,Equity:Members:SCMA-MEM-0001,0.00,30.53,Waterfall Settlement Sweep - SCMA-MEM-0001 (HMAC: AUTHENTICATE...)
VOUCHER-20261009-00210,2026-10-10T00:08:24,1010,Assets:Bank:PenFed FBO Operating Cash,35.67,0.00,Waterfall Settlement Sweep - SCMA-FOUNDER (HMAC: AUTHENTICATE...)
VOUCHER-20261009-00210,2026-10-10T00:08:24,3010,Equity:Members:SCMA-FOUNDER,0.00,35.67,Waterfall Settlement Sweep - SCMA-FOUNDER (HMAC: AUTHENTICATE...)
VOUCHER-20261009-00211,2026-10-10T00:08:24,1010,Assets:Bank:PenFed FBO Operating Cash,30.53,0.00,Waterfall Settlement Sweep - SCMA-MEM-0001 (HMAC: AUTHENTICATE...)
VOUCHER-20261009-00211,2026-10-10T00:08:24,3020,Equity:Members:SCMA-MEM-0001,0.00,30.53,Waterfall Settlement Sweep - SCMA-MEM-0001 (HMAC: AUTHENTICATE...)
VOUCHER-20261009-00212,2026-10-10T00:08:24,1010,Assets:Bank:PenFed FBO Operating Cash,35.67,0.00,Waterfall Settlement Sweep - SCMA-FOUNDER (HMAC: AUTHENTICATE...)
VOUCHER-20261009-00212,2026-10-10T00:08:24,3010,Equity:Members:SCMA-FOUNDER,0.00,35.67,Waterfall Settlement Sweep - SCMA-FOUNDER (HMAC: AUTHENTICATE...)
VOUCHER-20261009-00213,2026-10-10T00:08:24,1010,Assets:Bank:PenFed FBO Operating Cash,30.53,0.00,Waterfall Settlement Sweep - SCMA-MEM-0001 (HMAC: AUTHENTICATE...)
VOUCHER-20261009-00213,2026-10-10T00:08:24,3020,Equity:Members:SCMA-MEM-0001,0.00,30.53,Waterfall Settlement Sweep - SCMA-MEM-0001 (HMAC: AUTHENTICATE...)
VOUCHER-20261009-00214,2026-10-10T00:08:24,1010,Assets:Bank:PenFed FBO Operating Cash,35.67,0.00,Waterfall Settlement Sweep - SCMA-FOUNDER (HMAC: AUTHENTICATE...)
VOUCHER-20261009-00214,2026-10-10T00:08:24,3010,Equity:Members:SCMA-FOUNDER,0.00,35.67,Waterfall Settlement Sweep - SCMA-FOUNDER (HMAC: AUTHENTICATE...)
VOUCHER-20261009-00215,2026-10-10T00:08:24,1010,Assets:Bank:PenFed FBO Operating Cash,30.53,0.00,Waterfall Settlement Sweep - SCMA-MEM-0001 (HMAC: AUTHENTICATE...)
VOUCHER-20261009-00215,2026-10-10T00:08:24,3020,Equity:Members:SCMA-MEM-0001,0.00,30.53,Waterfall Settlement Sweep - SCMA-MEM-0001 (HMAC: AUTHENTICATE...)
VOUCHER-20261009-00216,2026-10-10T00:08:24,1010,Assets:Bank:PenFed FBO Operating Cash,35.67,0.00,Waterfall Settlement Sweep - SCMA-FOUNDER (HMAC: AUTHENTICATE...)
VOUCHER-20261009-00216,2026-10-10T00:08:24,3010,Equity:Members:SCMA-FOUNDER,0.00,35.67,Waterfall Settlement Sweep - SCMA-FOUNDER (HMAC: AUTHENTICATE...)
VOUCHER-20261009-00217,2026-10-10T00:08:24,1010,Assets:Bank:PenFed FBO Operating Cash,30.53,0.00,Waterfall Settlement Sweep - SCMA-MEM-0001 (HMAC: AUTHENTICATE...)
VOUCHER-20261009-00217,2026-10-10T00:08:24,3020,Equity:Members:SCMA-MEM-0001,0.00,30.53,Waterfall Settlement Sweep - SCMA-MEM-0001 (HMAC: AUTHENTICATE...)
VOUCHER-20261009-00218,2026-10-10T00:08:24,1010,Assets:Bank:PenFed FBO Operating Cash,35.67,0.00,Waterfall Settlement Sweep - SCMA-FOUNDER (HMAC: AUTHENTICATE...)
VOUCHER-20261009-00218,2026-10-10T00:08:24,3010,Equity:Members:SCMA-FOUNDER,0.00,35.67,Waterfall Settlement Sweep - SCMA-FOUNDER (HMAC: AUTHENTICATE...)
VOUCHER-20261009-00219,2026-10-10T00:08:24,1010,Assets:Bank:PenFed FBO Operating Cash,30.53,0.00,Waterfall Settlement Sweep - SCMA-MEM-0001 (HMAC: AUTHENTICATE...)
VOUCHER-20261009-00219,2026-10-10T00:08:24,3020,Equity:Members:SCMA-MEM-0001,0.00,30.53,Waterfall Settlement Sweep - SCMA-MEM-0001 (HMAC: AUTHENTICATE...)
VOUCHER-20261009-00220,2026-10-10T00:08:24,1010,Assets:Bank:PenFed FBO Operating Cash,35.67,0.00,Waterfall Settlement Sweep - SCMA-FOUNDER (HMAC: AUTHENTICATE...)
VOUCHER-20261009-00220,2026-10-10T00:08:24,3010,Equity:Members:SCMA-FOUNDER,0.00,35.67,Waterfall Settlement Sweep - SCMA-FOUNDER (HMAC: AUTHENTICATE...)
VOUCHER-20261009-00221,2026-10-10T00:08:24,1010,Assets:Bank:PenFed FBO Operating Cash,30.53,0.00,Waterfall Settlement Sweep - SCMA-MEM-0001 (HMAC: AUTHENTICATE...)
VOUCHER-20261009-00221,2026-10-10T00:08:24,3020,Equity:Members:SCMA-MEM-0001,0.00,30.53,Waterfall Settlement Sweep - SCMA-MEM-0001 (HMAC: AUTHENTICATE...)
VOUCHER-20261009-00222,2026-10-10T00:08:24,1010,Assets:Bank:PenFed FBO Operating Cash,35.67,0.00,Waterfall Settlement Sweep - SCMA-FOUNDER (HMAC: AUTHENTICATE...)
VOUCHER-20261009-00222,2026-10-10T00:08:24,3010,Equity:Members:SCMA-FOUNDER,0.00,35.67,Waterfall Settlement Sweep - SCMA-FOUNDER (HMAC: AUTHENTICATE...)
VOUCHER-20261009-00223,2026-10-10T00:08:24,1010,Assets:Bank:PenFed FBO Operating Cash,30.53,0.00,Waterfall Settlement Sweep - SCMA-MEM-0001 (HMAC: AUTHENTICATE...)
VOUCHER-20261009-00223,2026-10-10T00:08:24,3020,Equity:Members:SCMA-MEM-0001,0.00,30.53,Waterfall Settlement Sweep - SCMA-MEM-0001 (HMAC: AUTHENTICATE...)
VOUCHER-20261009-00224,2026-10-10T00:08:24,1010,Assets:Bank:PenFed FBO Operating Cash,35.67,0.00,Waterfall Settlement Sweep - SCMA-FOUNDER (HMAC: AUTHENTICATE...)
VOUCHER-20261009-00224,2026-10-10T00:08:24,3010,Equity:Members:SCMA-FOUNDER,0.00,35.67,Waterfall Settlement Sweep - SCMA-FOUNDER (HMAC: AUTHENTICATE...)
VOUCHER-20261009-00225,2026-10-10T00:08:24,1010,Assets:Bank:PenFed FBO Operating Cash,30.53,0.00,Waterfall Settlement Sweep - SCMA-MEM-0001 (HMAC: AUTHENTICATE...)
VOUCHER-20261009-00225,2026-10-10T00:08:24,3020,Equity:Members:SCMA-MEM-0001,0.00,30.53,Waterfall Settlement Sweep - SCMA-MEM-0001 (HMAC: AUTHENTICATE...)
VOUCHER-20261009-00226,2026-10-10T00:08:24,1010,Assets:Bank:PenFed FBO Operating Cash,35.67,0.00,Waterfall Settlement Sweep - SCMA-FOUNDER (HMAC: AUTHENTICATE...)
VOUCHER-20261009-00226,2026-10-10T00:08:24,3010,Equity:Members:SCMA-FOUNDER,0.00,35.67,Waterfall Settlement Sweep - SCMA-FOUNDER (HMAC: AUTHENTICATE...)
VOUCHER-20261009-00227,2026-10-10T00:08:24,1010,Assets:Bank:PenFed FBO Operating Cash,30.53,0.00,Waterfall Settlement Sweep - SCMA-MEM-0001 (HMAC: AUTHENTICATE...)
VOUCHER-20261009-00227,2026-10-10T00:08:24,3020,Equity:Members:SCMA-MEM-0001,0.00,30.53,Waterfall Settlement Sweep - SCMA-MEM-0001 (HMAC: AUTHENTICATE...)
VOUCHER-20261009-00228,2026-10-10T00:08:24,1010,Assets:Bank:PenFed FBO Operating Cash,35.67,0.00,Waterfall Settlement Sweep - SCMA-FOUNDER (HMAC: AUTHENTICATE...)
VOUCHER-20261009-00228,2026-10-10T00:08:24,3010,Equity:Members:SCMA-FOUNDER,0.00,35.67,Waterfall Settlement Sweep - SCMA-FOUNDER (HMAC: AUTHENTICATE...)
VOUCHER-20261009-00229,2026-10-10T00:08:24,1010,Assets:Bank:PenFed FBO Operating Cash,30.53,0.00,Waterfall Settlement Sweep - SCMA-MEM-0001 (HMAC: AUTHENTICATE...)
VOUCHER-20261009-00229,2026-10-10T00:08:24,3020,Equity:Members:SCMA-MEM-0001,0.00,30.53,Waterfall Settlement Sweep - SCMA-MEM-0001 (HMAC: AUTHENTICATE...)
VOUCHER-20261009-00230,2026-10-10T00:08:24,1010,Assets:Bank:PenFed FBO Operating Cash,35.67,0.00,Waterfall Settlement Sweep - SCMA-FOUNDER (HMAC: AUTHENTICATE...)
VOUCHER-20261009-00230,2026-10-10T00:08:24,3010,Equity:Members:SCMA-FOUNDER,0.00,35.67,Waterfall Settlement Sweep - SCMA-FOUNDER (HMAC: AUTHENTICATE...)
VOUCHER-20261009-00231,2026-10-10T00:08:24,1010,Assets:Bank:PenFed FBO Operating Cash,30.53,0.00,Waterfall Settlement Sweep - SCMA-MEM-0001 (HMAC: AUTHENTICATE...)
VOUCHER-20261009-00231,2026-10-10T00:08:24,3020,Equity:Members:SCMA-MEM-0001,0.00,30.53,Waterfall Settlement Sweep - SCMA-MEM-0001 (HMAC: AUTHENTICATE...)
VOUCHER-20261009-00232,2026-10-10T00:08:24,1010,Assets:Bank:PenFed FBO Operating Cash,35.67,0.00,Waterfall Settlement Sweep - SCMA-FOUNDER (HMAC: AUTHENTICATE...)
VOUCHER-20261009-00232,2026-10-10T00:08:24,3010,Equity:Members:SCMA-FOUNDER,0.00,35.67,Waterfall Settlement Sweep - SCMA-FOUNDER (HMAC: AUTHENTICATE...)
VOUCHER-20261009-00233,2026-10-10T00:08:24,1010,Assets:Bank:PenFed FBO Operating Cash,30.53,0.00,Waterfall Settlement Sweep - SCMA-MEM-0001 (HMAC: AUTHENTICATE...)
VOUCHER-20261009-00233,2026-10-10T00:08:24,3020,Equity:Members:SCMA-MEM-0001,0.00,30.53,Waterfall Settlement Sweep - SCMA-MEM-0001 (HMAC: AUTHENTICATE...)
VOUCHER-20261009-00234,2026-10-10T00:08:24,1010,Assets:Bank:PenFed FBO Operating Cash,35.67,0.00,Waterfall Settlement Sweep - SCMA-FOUNDER (HMAC: AUTHENTICATE...)
VOUCHER-20261009-00234,2026-10-10T00:08:24,3010,Equity:Members:SCMA-FOUNDER,0.00,35.67,Waterfall Settlement Sweep - SCMA-FOUNDER (HMAC: AUTHENTICATE...)
VOUCHER-20261009-00235,2026-10-10T00:08:24,1010,Assets:Bank:PenFed FBO Operating Cash,30.53,0.00,Waterfall Settlement Sweep - SCMA-MEM-0001 (HMAC: AUTHENTICATE...)
VOUCHER-20261009-00235,2026-10-10T00:08:24,3020,Equity:Members:SCMA-MEM-0001,0.00,30.53,Waterfall Settlement Sweep - SCMA-MEM-0001 (HMAC: AUTHENTICATE...)
VOUCHER-20261009-00236,2026-10-10T00:08:24,1010,Assets:Bank:PenFed FBO Operating Cash,35.67,0.00,Waterfall Settlement Sweep - SCMA-FOUNDER (HMAC: AUTHENTICATE...)
VOUCHER-20261009-00236,2026-10-10T00:08:24,3010,Equity:Members:SCMA-FOUNDER,0.00,35.67,Waterfall Settlement Sweep - SCMA-FOUNDER (HMAC: AUTHENTICATE...)
VOUCHER-20261009-00237,2026-10-10T00:08:24,1010,Assets:Bank:PenFed FBO Operating Cash,30.53,0.00,Waterfall Settlement Sweep - SCMA-MEM-0001 (HMAC: AUTHENTICATE...)
VOUCHER-20261009-00237,2026-10-10T00:08:24,3020,Equity:Members:SCMA-MEM-0001,0.00,30.53,Waterfall Settlement Sweep - SCMA-MEM-0001 (HMAC: AUTHENTICATE...)
VOUCHER-20261009-00238,2026-10-10T00:08:24,1010,Assets:Bank:PenFed FBO Operating Cash,35.67,0.00,Waterfall Settlement Sweep - SCMA-FOUNDER (HMAC: AUTHENTICATE...)
VOUCHER-20261009-00238,2026-10-10T00:08:24,3010,Equity:Members:SCMA-FOUNDER,0.00,35.67,Waterfall Settlement Sweep - SCMA-FOUNDER (HMAC: AUTHENTICATE...)
VOUCHER-20261009-00239,2026-10-10T00:08:24,1010,Assets:Bank:PenFed FBO Operating Cash,30.53,0.00,Waterfall Settlement Sweep - SCMA-MEM-0001 (HMAC: AUTHENTICATE...)
VOUCHER-20261009-00239,2026-10-10T00:08:24,3020,Equity:Members:SCMA-MEM-0001,0.00,30.53,Waterfall Settlement Sweep - SCMA-MEM-0001 (HMAC: AUTHENTICATE...)
VOUCHER-20261009-00240,2026-10-10T00:08:24,1010,Assets:Bank:PenFed FBO Operating Cash,35.67,0.00,Waterfall Settlement Sweep - SCMA-FOUNDER (HMAC: AUTHENTICATE...)
VOUCHER-20261009-00240,2026-10-10T00:08:24,3010,Equity:Members:SCMA-FOUNDER,0.00,35.67,Waterfall Settlement Sweep - SCMA-FOUNDER (HMAC: AUTHENTICATE...)
VOUCHER-20261009-00241,2026-10-10T00:08:24,1010,Assets:Bank:PenFed FBO Operating Cash,30.53,0.00,Waterfall Settlement Sweep - SCMA-MEM-0001 (HMAC: AUTHENTICATE...)
VOUCHER-20261009-00241,2026-10-10T00:08:24,3020,Equity:Members:SCMA-MEM-0001,0.00,30.53,Waterfall Settlement Sweep - SCMA-MEM-0001 (HMAC: AUTHENTICATE...)
VOUCHER-20261009-00242,2026-10-10T00:08:24,1010,Assets:Bank:PenFed FBO Operating Cash,35.67,0.00,Waterfall Settlement Sweep - SCMA-FOUNDER (HMAC: AUTHENTICATE...)
VOUCHER-20261009-00242,2026-10-10T00:08:24,3010,Equity:Members:SCMA-FOUNDER,0.00,35.67,Waterfall Settlement Sweep - SCMA-FOUNDER (HMAC: AUTHENTICATE...)
VOUCHER-20261009-00243,2026-10-10T00:08:24,1010,Assets:Bank:PenFed FBO Operating Cash,30.53,0.00,Waterfall Settlement Sweep - SCMA-MEM-0001 (HMAC: AUTHENTICATE...)
VOUCHER-20261009-00243,2026-10-10T00:08:24,3020,Equity:Members:SCMA-MEM-0001,0.00,30.53,Waterfall Settlement Sweep - SCMA-MEM-0001 (HMAC: AUTHENTICATE...)
VOUCHER-20261009-00244,2026-10-10T00:08:24,1010,Assets:Bank:PenFed FBO Operating Cash,35.67,0.00,Waterfall Settlement Sweep - SCMA-FOUNDER (HMAC: AUTHENTICATE...)
VOUCHER-20261009-00244,2026-10-10T00:08:24,3010,Equity:Members:SCMA-FOUNDER,0.00,35.67,Waterfall Settlement Sweep - SCMA-FOUNDER (HMAC: AUTHENTICATE...)
VOUCHER-20261009-00245,2026-10-10T00:08:24,1010,Assets:Bank:PenFed FBO Operating Cash,30.53,0.00,Waterfall Settlement Sweep - SCMA-MEM-0001 (HMAC: AUTHENTICATE...)
VOUCHER-20261009-00245,2026-10-10T00:08:24,3020,Equity:Members:SCMA-MEM-0001,0.00,30.53,Waterfall Settlement Sweep - SCMA-MEM-0001 (HMAC: AUTHENTICATE...)
VOUCHER-20261009-00246,2026-10-10T00:08:24,1010,Assets:Bank:PenFed FBO Operating Cash,35.67,0.00,Waterfall Settlement Sweep - SCMA-FOUNDER (HMAC: AUTHENTICATE...)
VOUCHER-20261009-00246,2026-10-10T00:08:24,3010,Equity:Members:SCMA-FOUNDER,0.00,35.67,Waterfall Settlement Sweep - SCMA-FOUNDER (HMAC: AUTHENTICATE...)
VOUCHER-20261009-00247,2026-10-10T00:08:24,1010,Assets:Bank:PenFed FBO Operating Cash,30.53,0.00,Waterfall Settlement Sweep - SCMA-MEM-0001 (HMAC: AUTHENTICATE...)
VOUCHER-20261009-00247,2026-10-10T00:08:24,3020,Equity:Members:SCMA-MEM-0001,0.00,30.53,Waterfall Settlement Sweep - SCMA-MEM-0001 (HMAC: AUTHENTICATE...)
VOUCHER-20261009-00248,2026-10-10T00:08:24,1010,Assets:Bank:PenFed FBO Operating Cash,35.67,0.00,Waterfall Settlement Sweep - SCMA-FOUNDER (HMAC: AUTHENTICATE...)
VOUCHER-20261009-00248,2026-10-10T00:08:24,3010,Equity:Members:SCMA-FOUNDER,0.00,35.67,Waterfall Settlement Sweep - SCMA-FOUNDER (HMAC: AUTHENTICATE...)
VOUCHER-20261009-00249,2026-10-10T00:08:24,1010,Assets:Bank:PenFed FBO Operating Cash,30.53,0.00,Waterfall Settlement Sweep - SCMA-MEM-0001 (HMAC: AUTHENTICATE...)
VOUCHER-20261009-00249,2026-10-10T00:08:24,3020,Equity:Members:SCMA-MEM-0001,0.00,30.53,Waterfall Settlement Sweep - SCMA-MEM-0001 (HMAC: AUTHENTICATE...)
VOUCHER-20261009-00250,2026-10-10T00:08:24,1010,Assets:Bank:PenFed FBO Operating Cash,35.67,0.00,Waterfall Settlement Sweep - SCMA-FOUNDER (HMAC: AUTHENTICATE...)
VOUCHER-20261009-00250,2026-10-10T00:08:24,3010,Equity:Members:SCMA-FOUNDER,0.00,35.67,Waterfall Settlement Sweep - SCMA-FOUNDER (HMAC: AUTHENTICATE...)
VOUCHER-20261009-00251,2026-10-10T00:08:24,1010,Assets:Bank:PenFed FBO Operating Cash,30.53,0.00,Waterfall Settlement Sweep - SCMA-MEM-0001 (HMAC: AUTHENTICATE...)
VOUCHER-20261009-00251,2026-10-10T00:08:24,3020,Equity:Members:SCMA-MEM-0001,0.00,30.53,Waterfall Settlement Sweep - SCMA-MEM-0001 (HMAC: AUTHENTICATE...)
VOUCHER-20261009-00252,2026-10-10T00:08:24,1010,Assets:Bank:PenFed FBO Operating Cash,35.67,0.00,Waterfall Settlement Sweep - SCMA-FOUNDER (HMAC: AUTHENTICATE...)
VOUCHER-20261009-00252,2026-10-10T00:08:24,3010,Equity:Members:SCMA-FOUNDER,0.00,35.67,Waterfall Settlement Sweep - SCMA-FOUNDER (HMAC: AUTHENTICATE...)
VOUCHER-20261009-00253,2026-10-10T00:08:24,1010,Assets:Bank:PenFed FBO Operating Cash,30.53,0.00,Waterfall Settlement Sweep - SCMA-MEM-0001 (HMAC: AUTHENTICATE...)
VOUCHER-20261009-00253,2026-10-10T00:08:24,3020,Equity:Members:SCMA-MEM-0001,0.00,30.53,Waterfall Settlement Sweep - SCMA-MEM-0001 (HMAC: AUTHENTICATE...)
VOUCHER-20261009-00254,2026-10-10T00:08:24,1010,Assets:Bank:PenFed FBO Operating Cash,35.67,0.00,Waterfall Settlement Sweep - SCMA-FOUNDER (HMAC: AUTHENTICATE...)
VOUCHER-20261009-00254,2026-10-10T00:08:24,3010,Equity:Members:SCMA-FOUNDER,0.00,35.67,Waterfall Settlement Sweep - SCMA-FOUNDER (HMAC: AUTHENTICATE...)
VOUCHER-20261009-00255,2026-10-10T00:08:24,1010,Assets:Bank:PenFed FBO Operating Cash,30.53,0.00,Waterfall Settlement Sweep - SCMA-MEM-0001 (HMAC: AUTHENTICATE...)
VOUCHER-20261009-00255,2026-10-10T00:08:24,3020,Equity:Members:SCMA-MEM-0001,0.00,30.53,Waterfall Settlement Sweep - SCMA-MEM-0001 (HMAC: AUTHENTICATE...)
VOUCHER-20261009-00256,2026-10-10T00:08:24,1010,Assets:Bank:PenFed FBO Operating Cash,35.67,0.00,Waterfall Settlement Sweep - SCMA-FOUNDER (HMAC: AUTHENTICATE...)
VOUCHER-20261009-00256,2026-10-10T00:08:24,3010,Equity:Members:SCMA-FOUNDER,0.00,35.67,Waterfall Settlement Sweep - SCMA-FOUNDER (HMAC: AUTHENTICATE...)
VOUCHER-20261009-00257,2026-10-10T00:08:24,1010,Assets:Bank:PenFed FBO Operating Cash,30.53,0.00,Waterfall Settlement Sweep - SCMA-MEM-0001 (HMAC: AUTHENTICATE...)
VOUCHER-20261009-00257,2026-10-10T00:08:24,3020,Equity:Members:SCMA-MEM-0001,0.00,30.53,Waterfall Settlement Sweep - SCMA-MEM-0001 (HMAC: AUTHENTICATE...)
VOUCHER-20261009-00258,2026-10-10T00:08:24,1010,Assets:Bank:PenFed FBO Operating Cash,35.67,0.00,Waterfall Settlement Sweep - SCMA-FOUNDER (HMAC: AUTHENTICATE...)
VOUCHER-20261009-00258,2026-10-10T00:08:24,3010,Equity:Members:SCMA-FOUNDER,0.00,35.67,Waterfall Settlement Sweep - SCMA-FOUNDER (HMAC: AUTHENTICATE...)
VOUCHER-20261009-00259,2026-10-10T00:08:24,1010,Assets:Bank:PenFed FBO Operating Cash,30.53,0.00,Waterfall Settlement Sweep - SCMA-MEM-0001 (HMAC: AUTHENTICATE...)
VOUCHER-20261009-00259,2026-10-10T00:08:24,3020,Equity:Members:SCMA-MEM-0001,0.00,30.53,Waterfall Settlement Sweep - SCMA-MEM-0001 (HMAC: AUTHENTICATE...)
VOUCHER-20261009-00260,2026-10-10T00:08:24,1010,Assets:Bank:PenFed FBO Operating Cash,35.67,0.00,Waterfall Settlement Sweep - SCMA-FOUNDER (HMAC: AUTHENTICATE...)
VOUCHER-20261009-00260,2026-10-10T00:08:24,3010,Equity:Members:SCMA-FOUNDER,0.00,35.67,Waterfall Settlement Sweep - SCMA-FOUNDER (HMAC: AUTHENTICATE...)
VOUCHER-20261009-00261,2026-10-10T00:08:24,1010,Assets:Bank:PenFed FBO Operating Cash,30.53,0.00,Waterfall Settlement Sweep - SCMA-MEM-0001 (HMAC: AUTHENTICATE...)
VOUCHER-20261009-00261,2026-10-10T00:08:24,3020,Equity:Members:SCMA-MEM-0001,0.00,30.53,Waterfall Settlement Sweep - SCMA-MEM-0001 (HMAC: AUTHENTICATE...)
VOUCHER-20261009-00262,2026-10-10T00:08:24,1010,Assets:Bank:PenFed FBO Operating Cash,35.67,0.00,Waterfall Settlement Sweep - SCMA-FOUNDER (HMAC: AUTHENTICATE...)
VOUCHER-20261009-00262,2026-10-10T00:08:24,3010,Equity:Members:SCMA-FOUNDER,0.00,35.67,Waterfall Settlement Sweep - SCMA-FOUNDER (HMAC: AUTHENTICATE...)
VOUCHER-20261009-00263,2026-10-10T00:08:24,1010,Assets:Bank:PenFed FBO Operating Cash,30.53,0.00,Waterfall Settlement Sweep - SCMA-MEM-0001 (HMAC: AUTHENTICATE...)
VOUCHER-20261009-00263,2026-10-10T00:08:24,3020,Equity:Members:SCMA-MEM-0001,0.00,30.53,Waterfall Settlement Sweep - SCMA-MEM-0001 (HMAC: AUTHENTICATE...)
VOUCHER-20261009-00264,2026-10-10T00:08:24,1010,Assets:Bank:PenFed FBO Operating Cash,35.67,0.00,Waterfall Settlement Sweep - SCMA-FOUNDER (HMAC: AUTHENTICATE...)
VOUCHER-20261009-00264,2026-10-10T00:08:24,3010,Equity:Members:SCMA-FOUNDER,0.00,35.67,Waterfall Settlement Sweep - SCMA-FOUNDER (HMAC: AUTHENTICATE...)
VOUCHER-20261009-00265,2026-10-10T00:08:24,1010,Assets:Bank:PenFed FBO Operating Cash,30.53,0.00,Waterfall Settlement Sweep - SCMA-MEM-0001 (HMAC: AUTHENTICATE...)
VOUCHER-20261009-00265,2026-10-10T00:08:24,3020,Equity:Members:SCMA-MEM-0001,0.00,30.53,Waterfall Settlement Sweep - SCMA-MEM-0001 (HMAC: AUTHENTICATE...)
VOUCHER-20261009-00266,2026-10-10T00:08:24,1010,Assets:Bank:PenFed FBO Operating Cash,35.67,0.00,Waterfall Settlement Sweep - SCMA-FOUNDER (HMAC: AUTHENTICATE...)
VOUCHER-20261009-00266,2026-10-10T00:08:24,3010,Equity:Members:SCMA-FOUNDER,0.00,35.67,Waterfall Settlement Sweep - SCMA-FOUNDER (HMAC: AUTHENTICATE...)
VOUCHER-20261009-00267,2026-10-10T00:08:24,1010,Assets:Bank:PenFed FBO Operating Cash,30.53,0.00,Waterfall Settlement Sweep - SCMA-MEM-0001 (HMAC: AUTHENTICATE...)
VOUCHER-20261009-00267,2026-10-10T00:08:24,3020,Equity:Members:SCMA-MEM-0001,0.00,30.53,Waterfall Settlement Sweep - SCMA-MEM-0001 (HMAC: AUTHENTICATE...)
VOUCHER-20261009-00268,2026-10-10T00:08:24,1010,Assets:Bank:PenFed FBO Operating Cash,35.67,0.00,Waterfall Settlement Sweep - SCMA-FOUNDER (HMAC: AUTHENTICATE...)
VOUCHER-20261009-00268,2026-10-10T00:08:24,3010,Equity:Members:SCMA-FOUNDER,0.00,35.67,Waterfall Settlement Sweep - SCMA-FOUNDER (HMAC: AUTHENTICATE...)
VOUCHER-20261009-00269,2026-10-10T00:08:24,1010,Assets:Bank:PenFed FBO Operating Cash,30.53,0.00,Waterfall Settlement Sweep - SCMA-MEM-0001 (HMAC: AUTHENTICATE...)
VOUCHER-20261009-00269,2026-10-10T00:08:24,3020,Equity:Members:SCMA-MEM-0001,0.00,30.53,Waterfall Settlement Sweep - SCMA-MEM-0001 (HMAC: AUTHENTICATE...)
VOUCHER-20261009-00270,2026-10-10T00:08:24,1010,Assets:Bank:PenFed FBO Operating Cash,35.67,0.00,Waterfall Settlement Sweep - SCMA-FOUNDER (HMAC: AUTHENTICATE...)
VOUCHER-20261009-00270,2026-10-10T00:08:24,3010,Equity:Members:SCMA-FOUNDER,0.00,35.67,Waterfall Settlement Sweep - SCMA-FOUNDER (HMAC: AUTHENTICATE...)
VOUCHER-20261009-00271,2026-10-10T00:08:24,1010,Assets:Bank:PenFed FBO Operating Cash,30.53,0.00,Waterfall Settlement Sweep - SCMA-MEM-0001 (HMAC: AUTHENTICATE...)
VOUCHER-20261009-00271,2026-10-10T00:08:24,3020,Equity:Members:SCMA-MEM-0001,0.00,30.53,Waterfall Settlement Sweep - SCMA-MEM-0001 (HMAC: AUTHENTICATE...)
VOUCHER-20261009-00272,2026-10-10T00:08:24,1010,Assets:Bank:PenFed FBO Operating Cash,35.67,0.00,Waterfall Settlement Sweep - SCMA-FOUNDER (HMAC: AUTHENTICATE...)
VOUCHER-20261009-00272,2026-10-10T00:08:24,3010,Equity:Members:SCMA-FOUNDER,0.00,35.67,Waterfall Settlement Sweep - SCMA-FOUNDER (HMAC: AUTHENTICATE...)
VOUCHER-20261009-00273,2026-10-10T00:08:24,1010,Assets:Bank:PenFed FBO Operating Cash,30.53,0.00,Waterfall Settlement Sweep - SCMA-MEM-0001 (HMAC: AUTHENTICATE...)
VOUCHER-20261009-00273,2026-10-10T00:08:24,3020,Equity:Members:SCMA-MEM-0001,0.00,30.53,Waterfall Settlement Sweep - SCMA-MEM-0001 (HMAC: AUTHENTICATE...)
VOUCHER-20261009-00274,2026-10-10T00:08:24,1010,Assets:Bank:PenFed FBO Operating Cash,35.67,0.00,Waterfall Settlement Sweep - SCMA-FOUNDER (HMAC: AUTHENTICATE...)
VOUCHER-20261009-00274,2026-10-10T00:08:24,3010,Equity:Members:SCMA-FOUNDER,0.00,35.67,Waterfall Settlement Sweep - SCMA-FOUNDER (HMAC: AUTHENTICATE...)
VOUCHER-20261009-00275,2026-10-10T00:08:24,1010,Assets:Bank:PenFed FBO Operating Cash,30.53,0.00,Waterfall Settlement Sweep - SCMA-MEM-0001 (HMAC: AUTHENTICATE...)
VOUCHER-20261009-00275,2026-10-10T00:08:24,3020,Equity:Members:SCMA-MEM-0001,0.00,30.53,Waterfall Settlement Sweep - SCMA-MEM-0001 (HMAC: AUTHENTICATE...)
VOUCHER-20261009-00276,2026-10-10T00:08:24,1010,Assets:Bank:PenFed FBO Operating Cash,35.67,0.00,Waterfall Settlement Sweep - SCMA-FOUNDER (HMAC: AUTHENTICATE...)
VOUCHER-20261009-00276,2026-10-10T00:08:24,3010,Equity:Members:SCMA-FOUNDER,0.00,35.67,Waterfall Settlement Sweep - SCMA-FOUNDER (HMAC: AUTHENTICATE...)
VOUCHER-20261009-00277,2026-10-10T00:08:24,1010,Assets:Bank:PenFed FBO Operating Cash,30.53,0.00,Waterfall Settlement Sweep - SCMA-MEM-0001 (HMAC: AUTHENTICATE...)
VOUCHER-20261009-00277,2026-10-10T00:08:24,3020,Equity:Members:SCMA-MEM-0001,0.00,30.53,Waterfall Settlement Sweep - SCMA-MEM-0001 (HMAC: AUTHENTICATE...)
VOUCHER-20261009-00278,2026-10-10T00:08:24,1010,Assets:Bank:PenFed FBO Operating Cash,35.67,0.00,Waterfall Settlement Sweep - SCMA-FOUNDER (HMAC: AUTHENTICATE...)
VOUCHER-20261009-00278,2026-10-10T00:08:24,3010,Equity:Members:SCMA-FOUNDER,0.00,35.67,Waterfall Settlement Sweep - SCMA-FOUNDER (HMAC: AUTHENTICATE...)
VOUCHER-20261009-00279,2026-10-10T00:08:24,1010,Assets:Bank:PenFed FBO Operating Cash,30.53,0.00,Waterfall Settlement Sweep - SCMA-MEM-0001 (HMAC: AUTHENTICATE...)
VOUCHER-20261009-00279,2026-10-10T00:08:24,3020,Equity:Members:SCMA-MEM-0001,0.00,30.53,Waterfall Settlement Sweep - SCMA-MEM-0001 (HMAC: AUTHENTICATE...)
VOUCHER-20261009-00280,2026-10-10T00:08:24,1010,Assets:Bank:PenFed FBO Operating Cash,35.67,0.00,Waterfall Settlement Sweep - SCMA-FOUNDER (HMAC: AUTHENTICATE...)
VOUCHER-20261009-00280,2026-10-10T00:08:24,3010,Equity:Members:SCMA-FOUNDER,0.00,35.67,Waterfall Settlement Sweep - SCMA-FOUNDER (HMAC: AUTHENTICATE...)
VOUCHER-20261009-00281,2026-10-10T00:08:24,1010,Assets:Bank:PenFed FBO Operating Cash,30.53,0.00,Waterfall Settlement Sweep - SCMA-MEM-0001 (HMAC: AUTHENTICATE...)
VOUCHER-20261009-00281,2026-10-10T00:08:24,3020,Equity:Members:SCMA-MEM-0001,0.00,30.53,Waterfall Settlement Sweep - SCMA-MEM-0001 (HMAC: AUTHENTICATE...)
VOUCHER-20261009-00282,2026-10-10T00:08:24,1010,Assets:Bank:PenFed FBO Operating Cash,35.67,0.00,Waterfall Settlement Sweep - SCMA-FOUNDER (HMAC: AUTHENTICATE...)
VOUCHER-20261009-00282,2026-10-10T00:08:24,3010,Equity:Members:SCMA-FOUNDER,0.00,35.67,Waterfall Settlement Sweep - SCMA-FOUNDER (HMAC: AUTHENTICATE...)
VOUCHER-20261009-00283,2026-10-10T00:08:24,1010,Assets:Bank:PenFed FBO Operating Cash,30.53,0.00,Waterfall Settlement Sweep - SCMA-MEM-0001 (HMAC: AUTHENTICATE...)
VOUCHER-20261009-00283,2026-10-10T00:08:24,3020,Equity:Members:SCMA-MEM-0001,0.00,30.53,Waterfall Settlement Sweep - SCMA-MEM-0001 (HMAC: AUTHENTICATE...)
VOUCHER-20261009-00284,2026-10-10T00:08:24,1010,Assets:Bank:PenFed FBO Operating Cash,35.67,0.00,Waterfall Settlement Sweep - SCMA-FOUNDER (HMAC: AUTHENTICATE...)
VOUCHER-20261009-00284,2026-10-10T00:08:24,3010,Equity:Members:SCMA-FOUNDER,0.00,35.67,Waterfall Settlement Sweep - SCMA-FOUNDER (HMAC: AUTHENTICATE...)
VOUCHER-20261009-00285,2026-10-10T00:08:24,1010,Assets:Bank:PenFed FBO Operating Cash,30.53,0.00,Waterfall Settlement Sweep - SCMA-MEM-0001 (HMAC: AUTHENTICATE...)
VOUCHER-20261009-00285,2026-10-10T00:08:24,3020,Equity:Members:SCMA-MEM-0001,0.00,30.53,Waterfall Settlement Sweep - SCMA-MEM-0001 (HMAC: AUTHENTICATE...)
VOUCHER-20261009-00286,2026-10-10T00:08:24,1010,Assets:Bank:PenFed FBO Operating Cash,35.67,0.00,Waterfall Settlement Sweep - SCMA-FOUNDER (HMAC: AUTHENTICATE...)
VOUCHER-20261009-00286,2026-10-10T00:08:24,3010,Equity:Members:SCMA-FOUNDER,0.00,35.67,Waterfall Settlement Sweep - SCMA-FOUNDER (HMAC: AUTHENTICATE...)
VOUCHER-20261009-00287,2026-10-10T00:08:24,1010,Assets:Bank:PenFed FBO Operating Cash,30.53,0.00,Waterfall Settlement Sweep - SCMA-MEM-0001 (HMAC: AUTHENTICATE...)
VOUCHER-20261009-00287,2026-10-10T00:08:24,3020,Equity:Members:SCMA-MEM-0001,0.00,30.53,Waterfall Settlement Sweep - SCMA-MEM-0001 (HMAC: AUTHENTICATE...)
VOUCHER-20261009-00288,2026-10-10T00:08:24,1010,Assets:Bank:PenFed FBO Operating Cash,35.67,0.00,Waterfall Settlement Sweep - SCMA-FOUNDER (HMAC: AUTHENTICATE...)
VOUCHER-20261009-00288,2026-10-10T00:08:24,3010,Equity:Members:SCMA-FOUNDER,0.00,35.67,Waterfall Settlement Sweep - SCMA-FOUNDER (HMAC: AUTHENTICATE...)
VOUCHER-20261009-00289,2026-10-10T00:08:24,1010,Assets:Bank:PenFed FBO Operating Cash,30.53,0.00,Waterfall Settlement Sweep - SCMA-MEM-0001 (HMAC: AUTHENTICATE...)
VOUCHER-20261009-00289,2026-10-10T00:08:24,3020,Equity:Members:SCMA-MEM-0001,0.00,30.53,Waterfall Settlement Sweep - SCMA-MEM-0001 (HMAC: AUTHENTICATE...)
VOUCHER-20261009-00290,2026-10-10T00:08:24,1010,Assets:Bank:PenFed FBO Operating Cash,35.67,0.00,Waterfall Settlement Sweep - SCMA-FOUNDER (HMAC: AUTHENTICATE...)
VOUCHER-20261009-00290,2026-10-10T00:08:24,3010,Equity:Members:SCMA-FOUNDER,0.00,35.67,Waterfall Settlement Sweep - SCMA-FOUNDER (HMAC: AUTHENTICATE...)
VOUCHER-20261009-00291,2026-10-10T00:08:24,1010,Assets:Bank:PenFed FBO Operating Cash,30.53,0.00,Waterfall Settlement Sweep - SCMA-MEM-0001 (HMAC: AUTHENTICATE...)
VOUCHER-20261009-00291,2026-10-10T00:08:24,3020,Equity:Members:SCMA-MEM-0001,0.00,30.53,Waterfall Settlement Sweep - SCMA-MEM-0001 (HMAC: AUTHENTICATE...)
VOUCHER-20261009-00292,2026-10-10T00:08:24,1010,Assets:Bank:PenFed FBO Operating Cash,35.67,0.00,Waterfall Settlement Sweep - SCMA-FOUNDER (HMAC: AUTHENTICATE...)
VOUCHER-20261009-00292,2026-10-10T00:08:24,3010,Equity:Members:SCMA-FOUNDER,0.00,35.67,Waterfall Settlement Sweep - SCMA-FOUNDER (HMAC: AUTHENTICATE...)
VOUCHER-20261009-00293,2026-10-10T00:08:24,1010,Assets:Bank:PenFed FBO Operating Cash,30.53,0.00,Waterfall Settlement Sweep - SCMA-MEM-0001 (HMAC: AUTHENTICATE...)
VOUCHER-20261009-00293,2026-10-10T00:08:24,3020,Equity:Members:SCMA-MEM-0001,0.00,30.53,Waterfall Settlement Sweep - SCMA-MEM-0001 (HMAC: AUTHENTICATE...)
VOUCHER-20261009-00294,2026-10-10T00:08:24,1010,Assets:Bank:PenFed FBO Operating Cash,35.67,0.00,Waterfall Settlement Sweep - SCMA-FOUNDER (HMAC: AUTHENTICATE...)
VOUCHER-20261009-00294,2026-10-10T00:08:24,3010,Equity:Members:SCMA-FOUNDER,0.00,35.67,Waterfall Settlement Sweep - SCMA-FOUNDER (HMAC: AUTHENTICATE...)
VOUCHER-20261009-00295,2026-10-10T00:08:24,1010,Assets:Bank:PenFed FBO Operating Cash,30.53,0.00,Waterfall Settlement Sweep - SCMA-MEM-0001 (HMAC: AUTHENTICATE...)
VOUCHER-20261009-00295,2026-10-10T00:08:24,3020,Equity:Members:SCMA-MEM-0001,0.00,30.53,Waterfall Settlement Sweep - SCMA-MEM-0001 (HMAC: AUTHENTICATE...)
VOUCHER-20261009-00296,2026-10-10T00:08:24,1010,Assets:Bank:PenFed FBO Operating Cash,35.67,0.00,Waterfall Settlement Sweep - SCMA-FOUNDER (HMAC: AUTHENTICATE...)
VOUCHER-20261009-00296,2026-10-10T00:08:24,3010,Equity:Members:SCMA-FOUNDER,0.00,35.67,Waterfall Settlement Sweep - SCMA-FOUNDER (HMAC: AUTHENTICATE...)
VOUCHER-20261009-00297,2026-10-10T00:08:24,1010,Assets:Bank:PenFed FBO Operating Cash,30.53,0.00,Waterfall Settlement Sweep - SCMA-MEM-0001 (HMAC: AUTHENTICATE...)
VOUCHER-20261009-00297,2026-10-10T00:08:24,3020,Equity:Members:SCMA-MEM-0001,0.00,30.53,Waterfall Settlement Sweep - SCMA-MEM-0001 (HMAC: AUTHENTICATE...)
VOUCHER-20261009-00298,2026-10-10T00:08:24,1010,Assets:Bank:PenFed FBO Operating Cash,35.67,0.00,Waterfall Settlement Sweep - SCMA-FOUNDER (HMAC: AUTHENTICATE...)
VOUCHER-20261009-00298,2026-10-10T00:08:24,3010,Equity:Members:SCMA-FOUNDER,0.00,35.67,Waterfall Settlement Sweep - SCMA-FOUNDER (HMAC: AUTHENTICATE...)
VOUCHER-20261009-00299,2026-10-10T00:08:24,1010,Assets:Bank:PenFed FBO Operating Cash,30.53,0.00,Waterfall Settlement Sweep - SCMA-MEM-0001 (HMAC: AUTHENTICATE...)
VOUCHER-20261009-00299,2026-10-10T00:08:24,3020,Equity:Members:SCMA-MEM-0001,0.00,30.53,Waterfall Settlement Sweep - SCMA-MEM-0001 (HMAC: AUTHENTICATE...)
VOUCHER-20261009-00300,2026-10-10T00:08:24,1010,Assets:Bank:PenFed FBO Operating Cash,35.67,0.00,Waterfall Settlement Sweep - SCMA-FOUNDER (HMAC: AUTHENTICATE...)
VOUCHER-20261009-00300,2026-10-10T00:08:24,3010,Equity:Members:SCMA-FOUNDER,0.00,35.67,Waterfall Settlement Sweep - SCMA-FOUNDER (HMAC: AUTHENTICATE...)
VOUCHER-20261009-00301,2026-10-10T00:08:24,1010,Assets:Bank:PenFed FBO Operating Cash,30.53,0.00,Waterfall Settlement Sweep - SCMA-MEM-0001 (HMAC: AUTHENTICATE...)
VOUCHER-20261009-00301,2026-10-10T00:08:24,3020,Equity:Members:SCMA-MEM-0001,0.00,30.53,Waterfall Settlement Sweep - SCMA-MEM-0001 (HMAC: AUTHENTICATE...)
VOUCHER-20261009-00302,2026-10-10T00:08:24,1010,Assets:Bank:PenFed FBO Operating Cash,35.67,0.00,Waterfall Settlement Sweep - SCMA-FOUNDER (HMAC: AUTHENTICATE...)
VOUCHER-20261009-00302,2026-10-10T00:08:24,3010,Equity:Members:SCMA-FOUNDER,0.00,35.67,Waterfall Settlement Sweep - SCMA-FOUNDER (HMAC: AUTHENTICATE...)
VOUCHER-20261009-00303,2026-10-10T00:08:24,1010,Assets:Bank:PenFed FBO Operating Cash,30.53,0.00,Waterfall Settlement Sweep - SCMA-MEM-0001 (HMAC: AUTHENTICATE...)
VOUCHER-20261009-00303,2026-10-10T00:08:24,3020,Equity:Members:SCMA-MEM-0001,0.00,30.53,Waterfall Settlement Sweep - SCMA-MEM-0001 (HMAC: AUTHENTICATE...)
VOUCHER-20261009-00304,2026-10-10T00:08:24,1010,Assets:Bank:PenFed FBO Operating Cash,35.67,0.00,Waterfall Settlement Sweep - SCMA-FOUNDER (HMAC: AUTHENTICATE...)
VOUCHER-20261009-00304,2026-10-10T00:08:24,3010,Equity:Members:SCMA-FOUNDER,0.00,35.67,Waterfall Settlement Sweep - SCMA-FOUNDER (HMAC: AUTHENTICATE...)
VOUCHER-20261009-00305,2026-10-10T00:08:24,1010,Assets:Bank:PenFed FBO Operating Cash,30.53,0.00,Waterfall Settlement Sweep - SCMA-MEM-0001 (HMAC: AUTHENTICATE...)
VOUCHER-20261009-00305,2026-10-10T00:08:24,3020,Equity:Members:SCMA-MEM-0001,0.00,30.53,Waterfall Settlement Sweep - SCMA-MEM-0001 (HMAC: AUTHENTICATE...)
VOUCHER-20261009-00306,2026-10-10T00:08:24,1010,Assets:Bank:PenFed FBO Operating Cash,35.67,0.00,Waterfall Settlement Sweep - SCMA-FOUNDER (HMAC: AUTHENTICATE...)
VOUCHER-20261009-00306,2026-10-10T00:08:24,3010,Equity:Members:SCMA-FOUNDER,0.00,35.67,Waterfall Settlement Sweep - SCMA-FOUNDER (HMAC: AUTHENTICATE...)
VOUCHER-20261009-00307,2026-10-10T00:08:24,1010,Assets:Bank:PenFed FBO Operating Cash,30.53,0.00,Waterfall Settlement Sweep - SCMA-MEM-0001 (HMAC: AUTHENTICATE...)
VOUCHER-20261009-00307,2026-10-10T00:08:24,3020,Equity:Members:SCMA-MEM-0001,0.00,30.53,Waterfall Settlement Sweep - SCMA-MEM-0001 (HMAC: AUTHENTICATE...)
VOUCHER-20261009-00308,2026-10-10T00:08:24,1010,Assets:Bank:PenFed FBO Operating Cash,35.67,0.00,Waterfall Settlement Sweep - SCMA-FOUNDER (HMAC: AUTHENTICATE...)
VOUCHER-20261009-00308,2026-10-10T00:08:24,3010,Equity:Members:SCMA-FOUNDER,0.00,35.67,Waterfall Settlement Sweep - SCMA-FOUNDER (HMAC: AUTHENTICATE...)
VOUCHER-20261009-00309,2026-10-10T00:08:24,1010,Assets:Bank:PenFed FBO Operating Cash,30.53,0.00,Waterfall Settlement Sweep - SCMA-MEM-0001 (HMAC: AUTHENTICATE...)
VOUCHER-20261009-00309,2026-10-10T00:08:24,3020,Equity:Members:SCMA-MEM-0001,0.00,30.53,Waterfall Settlement Sweep - SCMA-MEM-0001 (HMAC: AUTHENTICATE...)
VOUCHER-20261009-00310,2026-10-10T00:08:24,1010,Assets:Bank:PenFed FBO Operating Cash,35.67,0.00,Waterfall Settlement Sweep - SCMA-FOUNDER (HMAC: AUTHENTICATE...)
VOUCHER-20261009-00310,2026-10-10T00:08:24,3010,Equity:Members:SCMA-FOUNDER,0.00,35.67,Waterfall Settlement Sweep - SCMA-FOUNDER (HMAC: AUTHENTICATE...)
VOUCHER-20261009-00311,2026-10-10T00:08:24,1010,Assets:Bank:PenFed FBO Operating Cash,30.53,0.00,Waterfall Settlement Sweep - SCMA-MEM-0001 (HMAC: AUTHENTICATE...)
VOUCHER-20261009-00311,2026-10-10T00:08:24,3020,Equity:Members:SCMA-MEM-0001,0.00,30.53,Waterfall Settlement Sweep - SCMA-MEM-0001 (HMAC: AUTHENTICATE...)
VOUCHER-20261009-00312,2026-10-10T00:08:24,1010,Assets:Bank:PenFed FBO Operating Cash,35.67,0.00,Waterfall Settlement Sweep - SCMA-FOUNDER (HMAC: AUTHENTICATE...)
VOUCHER-20261009-00312,2026-10-10T00:08:24,3010,Equity:Members:SCMA-FOUNDER,0.00,35.67,Waterfall Settlement Sweep - SCMA-FOUNDER (HMAC: AUTHENTICATE...)
VOUCHER-20261009-00313,2026-10-10T00:08:24,1010,Assets:Bank:PenFed FBO Operating Cash,30.53,0.00,Waterfall Settlement Sweep - SCMA-MEM-0001 (HMAC: AUTHENTICATE...)
VOUCHER-20261009-00313,2026-10-10T00:08:24,3020,Equity:Members:SCMA-MEM-0001,0.00,30.53,Waterfall Settlement Sweep - SCMA-MEM-0001 (HMAC: AUTHENTICATE...)
VOUCHER-20261009-00314,2026-10-10T00:08:24,1010,Assets:Bank:PenFed FBO Operating Cash,35.67,0.00,Waterfall Settlement Sweep - SCMA-FOUNDER (HMAC: AUTHENTICATE...)
VOUCHER-20261009-00314,2026-10-10T00:08:24,3010,Equity:Members:SCMA-FOUNDER,0.00,35.67,Waterfall Settlement Sweep - SCMA-FOUNDER (HMAC: AUTHENTICATE...)
VOUCHER-20261009-00315,2026-10-10T00:08:24,1010,Assets:Bank:PenFed FBO Operating Cash,30.53,0.00,Waterfall Settlement Sweep - SCMA-MEM-0001 (HMAC: AUTHENTICATE...)
VOUCHER-20261009-00315,2026-10-10T00:08:24,3020,Equity:Members:SCMA-MEM-0001,0.00,30.53,Waterfall Settlement Sweep - SCMA-MEM-0001 (HMAC: AUTHENTICATE...)
VOUCHER-20261009-00316,2026-10-10T00:08:24,1010,Assets:Bank:PenFed FBO Operating Cash,35.67,0.00,Waterfall Settlement Sweep - SCMA-FOUNDER (HMAC: AUTHENTICATE...)
VOUCHER-20261009-00316,2026-10-10T00:08:24,3010,Equity:Members:SCMA-FOUNDER,0.00,35.67,Waterfall Settlement Sweep - SCMA-FOUNDER (HMAC: AUTHENTICATE...)
VOUCHER-20261009-00317,2026-10-10T00:08:24,1010,Assets:Bank:PenFed FBO Operating Cash,30.53,0.00,Waterfall Settlement Sweep - SCMA-MEM-0001 (HMAC: AUTHENTICATE...)
VOUCHER-20261009-00317,2026-10-10T00:08:24,3020,Equity:Members:SCMA-MEM-0001,0.00,30.53,Waterfall Settlement Sweep - SCMA-MEM-0001 (HMAC: AUTHENTICATE...)
VOUCHER-20261009-00318,2026-10-10T00:08:24,1010,Assets:Bank:PenFed FBO Operating Cash,35.67,0.00,Waterfall Settlement Sweep - SCMA-FOUNDER (HMAC: AUTHENTICATE...)
VOUCHER-20261009-00318,2026-10-10T00:08:24,3010,Equity:Members:SCMA-FOUNDER,0.00,35.67,Waterfall Settlement Sweep - SCMA-FOUNDER (HMAC: AUTHENTICATE...)
VOUCHER-20261009-00319,2026-10-10T00:08:24,1010,Assets:Bank:PenFed FBO Operating Cash,30.53,0.00,Waterfall Settlement Sweep - SCMA-MEM-0001 (HMAC: AUTHENTICATE...)
VOUCHER-20261009-00319,2026-10-10T00:08:24,3020,Equity:Members:SCMA-MEM-0001,0.00,30.53,Waterfall Settlement Sweep - SCMA-MEM-0001 (HMAC: AUTHENTICATE...)
VOUCHER-20261009-00320,2026-10-10T00:08:24,1010,Assets:Bank:PenFed FBO Operating Cash,35.67,0.00,Waterfall Settlement Sweep - SCMA-FOUNDER (HMAC: AUTHENTICATE...)
VOUCHER-20261009-00320,2026-10-10T00:08:24,3010,Equity:Members:SCMA-FOUNDER,0.00,35.67,Waterfall Settlement Sweep - SCMA-FOUNDER (HMAC: AUTHENTICATE...)
VOUCHER-20261009-00321,2026-10-10T00:08:24,1010,Assets:Bank:PenFed FBO Operating Cash,30.53,0.00,Waterfall Settlement Sweep - SCMA-MEM-0001 (HMAC: AUTHENTICATE...)
VOUCHER-20261009-00321,2026-10-10T00:08:24,3020,Equity:Members:SCMA-MEM-0001,0.00,30.53,Waterfall Settlement Sweep - SCMA-MEM-0001 (HMAC: AUTHENTICATE...)
VOUCHER-20261009-00322,2026-10-10T00:08:24,1010,Assets:Bank:PenFed FBO Operating Cash,35.67,0.00,Waterfall Settlement Sweep - SCMA-FOUNDER (HMAC: AUTHENTICATE...)
VOUCHER-20261009-00322,2026-10-10T00:08:24,3010,Equity:Members:SCMA-FOUNDER,0.00,35.67,Waterfall Settlement Sweep - SCMA-FOUNDER (HMAC: AUTHENTICATE...)
VOUCHER-20261009-00323,2026-10-10T00:08:24,1010,Assets:Bank:PenFed FBO Operating Cash,30.53,0.00,Waterfall Settlement Sweep - SCMA-MEM-0001 (HMAC: AUTHENTICATE...)
VOUCHER-20261009-00323,2026-10-10T00:08:24,3020,Equity:Members:SCMA-MEM-0001,0.00,30.53,Waterfall Settlement Sweep - SCMA-MEM-0001 (HMAC: AUTHENTICATE...)
VOUCHER-20261009-00324,2026-10-10T00:08:24,1010,Assets:Bank:PenFed FBO Operating Cash,35.67,0.00,Waterfall Settlement Sweep - SCMA-FOUNDER (HMAC: AUTHENTICATE...)
VOUCHER-20261009-00324,2026-10-10T00:08:24,3010,Equity:Members:SCMA-FOUNDER,0.00,35.67,Waterfall Settlement Sweep - SCMA-FOUNDER (HMAC: AUTHENTICATE...)
VOUCHER-20261009-00325,2026-10-10T00:08:24,1010,Assets:Bank:PenFed FBO Operating Cash,30.53,0.00,Waterfall Settlement Sweep - SCMA-MEM-0001 (HMAC: AUTHENTICATE...)
VOUCHER-20261009-00325,2026-10-10T00:08:24,3020,Equity:Members:SCMA-MEM-0001,0.00,30.53,Waterfall Settlement Sweep - SCMA-MEM-0001 (HMAC: AUTHENTICATE...)
VOUCHER-20261009-00326,2026-10-10T00:08:24,1010,Assets:Bank:PenFed FBO Operating Cash,35.67,0.00,Waterfall Settlement Sweep - SCMA-FOUNDER (HMAC: AUTHENTICATE...)
VOUCHER-20261009-00326,2026-10-10T00:08:24,3010,Equity:Members:SCMA-FOUNDER,0.00,35.67,Waterfall Settlement Sweep - SCMA-FOUNDER (HMAC: AUTHENTICATE...)
VOUCHER-20261009-00327,2026-10-10T00:08:24,1010,Assets:Bank:PenFed FBO Operating Cash,30.53,0.00,Waterfall Settlement Sweep - SCMA-MEM-0001 (HMAC: AUTHENTICATE...)
VOUCHER-20261009-00327,2026-10-10T00:08:24,3020,Equity:Members:SCMA-MEM-0001,0.00,30.53,Waterfall Settlement Sweep - SCMA-MEM-0001 (HMAC: AUTHENTICATE...)
VOUCHER-20261009-00328,2026-10-10T00:08:24,1010,Assets:Bank:PenFed FBO Operating Cash,35.67,0.00,Waterfall Settlement Sweep - SCMA-FOUNDER (HMAC: AUTHENTICATE...)
VOUCHER-20261009-00328,2026-10-10T00:08:24,3010,Equity:Members:SCMA-FOUNDER,0.00,35.67,Waterfall Settlement Sweep - SCMA-FOUNDER (HMAC: AUTHENTICATE...)
VOUCHER-20261009-00329,2026-10-10T00:08:24,1010,Assets:Bank:PenFed FBO Operating Cash,30.53,0.00,Waterfall Settlement Sweep - SCMA-MEM-0001 (HMAC: AUTHENTICATE...)
VOUCHER-20261009-00329,2026-10-10T00:08:24,3020,Equity:Members:SCMA-MEM-0001,0.00,30.53,Waterfall Settlement Sweep - SCMA-MEM-0001 (HMAC: AUTHENTICATE...)
VOUCHER-20261009-00330,2026-10-10T00:08:24,1010,Assets:Bank:PenFed FBO Operating Cash,35.67,0.00,Waterfall Settlement Sweep - SCMA-FOUNDER (HMAC: AUTHENTICATE...)
VOUCHER-20261009-00330,2026-10-10T00:08:24,3010,Equity:Members:SCMA-FOUNDER,0.00,35.67,Waterfall Settlement Sweep - SCMA-FOUNDER (HMAC: AUTHENTICATE...)
VOUCHER-20261009-00331,2026-10-10T00:08:24,1010,Assets:Bank:PenFed FBO Operating Cash,30.53,0.00,Waterfall Settlement Sweep - SCMA-MEM-0001 (HMAC: AUTHENTICATE...)
VOUCHER-20261009-00331,2026-10-10T00:08:24,3020,Equity:Members:SCMA-MEM-0001,0.00,30.53,Waterfall Settlement Sweep - SCMA-MEM-0001 (HMAC: AUTHENTICATE...)
VOUCHER-20261009-00332,2026-10-10T00:08:24,1010,Assets:Bank:PenFed FBO Operating Cash,35.67,0.00,Waterfall Settlement Sweep - SCMA-FOUNDER (HMAC: AUTHENTICATE...)
VOUCHER-20261009-00332,2026-10-10T00:08:24,3010,Equity:Members:SCMA-FOUNDER,0.00,35.67,Waterfall Settlement Sweep - SCMA-FOUNDER (HMAC: AUTHENTICATE...)
VOUCHER-20261009-00333,2026-10-10T00:08:24,1010,Assets:Bank:PenFed FBO Operating Cash,30.53,0.00,Waterfall Settlement Sweep - SCMA-MEM-0001 (HMAC: AUTHENTICATE...)
VOUCHER-20261009-00333,2026-10-10T00:08:24,3020,Equity:Members:SCMA-MEM-0001,0.00,30.53,Waterfall Settlement Sweep - SCMA-MEM-0001 (HMAC: AUTHENTICATE...)
VOUCHER-20261009-00334,2026-10-10T00:08:24,1010,Assets:Bank:PenFed FBO Operating Cash,35.67,0.00,Waterfall Settlement Sweep - SCMA-FOUNDER (HMAC: AUTHENTICATE...)
VOUCHER-20261009-00334,2026-10-10T00:08:24,3010,Equity:Members:SCMA-FOUNDER,0.00,35.67,Waterfall Settlement Sweep - SCMA-FOUNDER (HMAC: AUTHENTICATE...)
VOUCHER-20261009-00335,2026-10-10T00:08:24,1010,Assets:Bank:PenFed FBO Operating Cash,30.53,0.00,Waterfall Settlement Sweep - SCMA-MEM-0001 (HMAC: AUTHENTICATE...)
VOUCHER-20261009-00335,2026-10-10T00:08:24,3020,Equity:Members:SCMA-MEM-0001,0.00,30.53,Waterfall Settlement Sweep - SCMA-MEM-0001 (HMAC: AUTHENTICATE...)
VOUCHER-20261009-00336,2026-10-10T00:08:24,1010,Assets:Bank:PenFed FBO Operating Cash,35.67,0.00,Waterfall Settlement Sweep - SCMA-FOUNDER (HMAC: AUTHENTICATE...)
VOUCHER-20261009-00336,2026-10-10T00:08:24,3010,Equity:Members:SCMA-FOUNDER,0.00,35.67,Waterfall Settlement Sweep - SCMA-FOUNDER (HMAC: AUTHENTICATE...)
VOUCHER-20261009-00337,2026-10-10T00:08:24,1010,Assets:Bank:PenFed FBO Operating Cash,30.53,0.00,Waterfall Settlement Sweep - SCMA-MEM-0001 (HMAC: AUTHENTICATE...)
VOUCHER-20261009-00337,2026-10-10T00:08:24,3020,Equity:Members:SCMA-MEM-0001,0.00,30.53,Waterfall Settlement Sweep - SCMA-MEM-0001 (HMAC: AUTHENTICATE...)
VOUCHER-20261009-00338,2026-10-10T00:08:24,1010,Assets:Bank:PenFed FBO Operating Cash,35.67,0.00,Waterfall Settlement Sweep - SCMA-FOUNDER (HMAC: AUTHENTICATE...)
VOUCHER-20261009-00338,2026-10-10T00:08:24,3010,Equity:Members:SCMA-FOUNDER,0.00,35.67,Waterfall Settlement Sweep - SCMA-FOUNDER (HMAC: AUTHENTICATE...)
VOUCHER-20261009-00339,2026-10-10T00:08:24,1010,Assets:Bank:PenFed FBO Operating Cash,30.53,0.00,Waterfall Settlement Sweep - SCMA-MEM-0001 (HMAC: AUTHENTICATE...)
VOUCHER-20261009-00339,2026-10-10T00:08:24,3020,Equity:Members:SCMA-MEM-0001,0.00,30.53,Waterfall Settlement Sweep - SCMA-MEM-0001 (HMAC: AUTHENTICATE...)
VOUCHER-20261009-00340,2026-10-10T00:08:24,1010,Assets:Bank:PenFed FBO Operating Cash,35.67,0.00,Waterfall Settlement Sweep - SCMA-FOUNDER (HMAC: AUTHENTICATE...)
VOUCHER-20261009-00340,2026-10-10T00:08:24,3010,Equity:Members:SCMA-FOUNDER,0.00,35.67,Waterfall Settlement Sweep - SCMA-FOUNDER (HMAC: AUTHENTICATE...)
VOUCHER-20261009-00341,2026-10-10T00:08:24,1010,Assets:Bank:PenFed FBO Operating Cash,30.53,0.00,Waterfall Settlement Sweep - SCMA-MEM-0001 (HMAC: AUTHENTICATE...)
VOUCHER-20261009-00341,2026-10-10T00:08:24,3020,Equity:Members:SCMA-MEM-0001,0.00,30.53,Waterfall Settlement Sweep - SCMA-MEM-0001 (HMAC: AUTHENTICATE...)
VOUCHER-20261009-00342,2026-10-10T00:08:24,1010,Assets:Bank:PenFed FBO Operating Cash,35.67,0.00,Waterfall Settlement Sweep - SCMA-FOUNDER (HMAC: AUTHENTICATE...)
VOUCHER-20261009-00342,2026-10-10T00:08:24,3010,Equity:Members:SCMA-FOUNDER,0.00,35.67,Waterfall Settlement Sweep - SCMA-FOUNDER (HMAC: AUTHENTICATE...)
VOUCHER-20261009-00343,2026-10-10T00:08:24,1010,Assets:Bank:PenFed FBO Operating Cash,30.53,0.00,Waterfall Settlement Sweep - SCMA-MEM-0001 (HMAC: AUTHENTICATE...)
VOUCHER-20261009-00343,2026-10-10T00:08:24,3020,Equity:Members:SCMA-MEM-0001,0.00,30.53,Waterfall Settlement Sweep - SCMA-MEM-0001 (HMAC: AUTHENTICATE...)
VOUCHER-20261009-00344,2026-10-10T00:08:24,1010,Assets:Bank:PenFed FBO Operating Cash,35.67,0.00,Waterfall Settlement Sweep - SCMA-FOUNDER (HMAC: AUTHENTICATE...)
VOUCHER-20261009-00344,2026-10-10T00:08:24,3010,Equity:Members:SCMA-FOUNDER,0.00,35.67,Waterfall Settlement Sweep - SCMA-FOUNDER (HMAC: AUTHENTICATE...)
VOUCHER-20261009-00345,2026-10-10T00:08:24,1010,Assets:Bank:PenFed FBO Operating Cash,30.53,0.00,Waterfall Settlement Sweep - SCMA-MEM-0001 (HMAC: AUTHENTICATE...)
VOUCHER-20261009-00345,2026-10-10T00:08:24,3020,Equity:Members:SCMA-MEM-0001,0.00,30.53,Waterfall Settlement Sweep - SCMA-MEM-0001 (HMAC: AUTHENTICATE...)
VOUCHER-20261009-00346,2026-10-10T00:08:24,1010,Assets:Bank:PenFed FBO Operating Cash,35.67,0.00,Waterfall Settlement Sweep - SCMA-FOUNDER (HMAC: AUTHENTICATE...)
VOUCHER-20261009-00346,2026-10-10T00:08:24,3010,Equity:Members:SCMA-FOUNDER,0.00,35.67,Waterfall Settlement Sweep - SCMA-FOUNDER (HMAC: AUTHENTICATE...)
VOUCHER-20261009-00347,2026-10-10T00:08:24,1010,Assets:Bank:PenFed FBO Operating Cash,30.53,0.00,Waterfall Settlement Sweep - SCMA-MEM-0001 (HMAC: AUTHENTICATE...)
VOUCHER-20261009-00347,2026-10-10T00:08:24,3020,Equity:Members:SCMA-MEM-0001,0.00,30.53,Waterfall Settlement Sweep - SCMA-MEM-0001 (HMAC: AUTHENTICATE...)
VOUCHER-20261009-00348,2026-10-10T00:08:24,1010,Assets:Bank:PenFed FBO Operating Cash,35.67,0.00,Waterfall Settlement Sweep - SCMA-FOUNDER (HMAC: AUTHENTICATE...)
VOUCHER-20261009-00348,2026-10-10T00:08:24,3010,Equity:Members:SCMA-FOUNDER,0.00,35.67,Waterfall Settlement Sweep - SCMA-FOUNDER (HMAC: AUTHENTICATE...)
VOUCHER-20261009-00349,2026-10-10T00:08:24,1010,Assets:Bank:PenFed FBO Operating Cash,30.53,0.00,Waterfall Settlement Sweep - SCMA-MEM-0001 (HMAC: AUTHENTICATE...)
VOUCHER-20261009-00349,2026-10-10T00:08:24,3020,Equity:Members:SCMA-MEM-0001,0.00,30.53,Waterfall Settlement Sweep - SCMA-MEM-0001 (HMAC: AUTHENTICATE...)
VOUCHER-20261009-00350,2026-10-10T00:08:24,1010,Assets:Bank:PenFed FBO Operating Cash,35.67,0.00,Waterfall Settlement Sweep - SCMA-FOUNDER (HMAC: AUTHENTICATE...)
VOUCHER-20261009-00350,2026-10-10T00:08:24,3010,Equity:Members:SCMA-FOUNDER,0.00,35.67,Waterfall Settlement Sweep - SCMA-FOUNDER (HMAC: AUTHENTICATE...)
VOUCHER-20261009-00351,2026-10-10T00:08:24,1010,Assets:Bank:PenFed FBO Operating Cash,30.53,0.00,Waterfall Settlement Sweep - SCMA-MEM-0001 (HMAC: AUTHENTICATE...)
VOUCHER-20261009-00351,2026-10-10T00:08:24,3020,Equity:Members:SCMA-MEM-0001,0.00,30.53,Waterfall Settlement Sweep - SCMA-MEM-0001 (HMAC: AUTHENTICATE...)
VOUCHER-20261009-00352,2026-10-10T00:08:24,1010,Assets:Bank:PenFed FBO Operating Cash,35.67,0.00,Waterfall Settlement Sweep - SCMA-FOUNDER (HMAC: AUTHENTICATE...)
VOUCHER-20261009-00352,2026-10-10T00:08:24,3010,Equity:Members:SCMA-FOUNDER,0.00,35.67,Waterfall Settlement Sweep - SCMA-FOUNDER (HMAC: AUTHENTICATE...)
VOUCHER-20261009-00353,2026-10-10T00:08:24,1010,Assets:Bank:PenFed FBO Operating Cash,30.53,0.00,Waterfall Settlement Sweep - SCMA-MEM-0001 (HMAC: AUTHENTICATE...)
VOUCHER-20261009-00353,2026-10-10T00:08:24,3020,Equity:Members:SCMA-MEM-0001,0.00,30.53,Waterfall Settlement Sweep - SCMA-MEM-0001 (HMAC: AUTHENTICATE...)
VOUCHER-20261009-00354,2026-10-10T00:08:24,1010,Assets:Bank:PenFed FBO Operating Cash,35.67,0.00,Waterfall Settlement Sweep - SCMA-FOUNDER (HMAC: AUTHENTICATE...)
VOUCHER-20261009-00354,2026-10-10T00:08:24,3010,Equity:Members:SCMA-FOUNDER,0.00,35.67,Waterfall Settlement Sweep - SCMA-FOUNDER (HMAC: AUTHENTICATE...)
VOUCHER-20261009-00355,2026-10-10T00:08:24,1010,Assets:Bank:PenFed FBO Operating Cash,30.53,0.00,Waterfall Settlement Sweep - SCMA-MEM-0001 (HMAC: AUTHENTICATE...)
VOUCHER-20261009-00355,2026-10-10T00:08:24,3020,Equity:Members:SCMA-MEM-0001,0.00,30.53,Waterfall Settlement Sweep - SCMA-MEM-0001 (HMAC: AUTHENTICATE...)
VOUCHER-20261009-00356,2026-10-10T00:08:24,1010,Assets:Bank:PenFed FBO Operating Cash,35.67,0.00,Waterfall Settlement Sweep - SCMA-FOUNDER (HMAC: AUTHENTICATE...)
VOUCHER-20261009-00356,2026-10-10T00:08:24,3010,Equity:Members:SCMA-FOUNDER,0.00,35.67,Waterfall Settlement Sweep - SCMA-FOUNDER (HMAC: AUTHENTICATE...)
VOUCHER-20261009-00357,2026-10-10T00:08:24,1010,Assets:Bank:PenFed FBO Operating Cash,30.53,0.00,Waterfall Settlement Sweep - SCMA-MEM-0001 (HMAC: AUTHENTICATE...)
VOUCHER-20261009-00357,2026-10-10T00:08:24,3020,Equity:Members:SCMA-MEM-0001,0.00,30.53,Waterfall Settlement Sweep - SCMA-MEM-0001 (HMAC: AUTHENTICATE...)
VOUCHER-20261009-00358,2026-10-10T00:08:24,1010,Assets:Bank:PenFed FBO Operating Cash,35.67,0.00,Waterfall Settlement Sweep - SCMA-FOUNDER (HMAC: AUTHENTICATE...)
VOUCHER-20261009-00358,2026-10-10T00:08:24,3010,Equity:Members:SCMA-FOUNDER,0.00,35.67,Waterfall Settlement Sweep - SCMA-FOUNDER (HMAC: AUTHENTICATE...)
VOUCHER-20261009-00359,2026-10-10T00:08:24,1010,Assets:Bank:PenFed FBO Operating Cash,30.53,0.00,Waterfall Settlement Sweep - SCMA-MEM-0001 (HMAC: AUTHENTICATE...)
VOUCHER-20261009-00359,2026-10-10T00:08:24,3020,Equity:Members:SCMA-MEM-0001,0.00,30.53,Waterfall Settlement Sweep - SCMA-MEM-0001 (HMAC: AUTHENTICATE...)
VOUCHER-20261009-00360,2026-10-10T00:08:24,1010,Assets:Bank:PenFed FBO Operating Cash,35.67,0.00,Waterfall Settlement Sweep - SCMA-FOUNDER (HMAC: AUTHENTICATE...)
VOUCHER-20261009-00360,2026-10-10T00:08:24,3010,Equity:Members:SCMA-FOUNDER,0.00,35.67,Waterfall Settlement Sweep - SCMA-FOUNDER (HMAC: AUTHENTICATE...)
VOUCHER-20261009-00361,2026-10-10T00:08:24,1010,Assets:Bank:PenFed FBO Operating Cash,30.53,0.00,Waterfall Settlement Sweep - SCMA-MEM-0001 (HMAC: AUTHENTICATE...)
VOUCHER-20261009-00361,2026-10-10T00:08:24,3020,Equity:Members:SCMA-MEM-0001,0.00,30.53,Waterfall Settlement Sweep - SCMA-MEM-0001 (HMAC: AUTHENTICATE...)
VOUCHER-20261009-00362,2026-10-10T00:08:24,1010,Assets:Bank:PenFed FBO Operating Cash,35.67,0.00,Waterfall Settlement Sweep - SCMA-FOUNDER (HMAC: AUTHENTICATE...)
VOUCHER-20261009-00362,2026-10-10T00:08:24,3010,Equity:Members:SCMA-FOUNDER,0.00,35.67,Waterfall Settlement Sweep - SCMA-FOUNDER (HMAC: AUTHENTICATE...)
VOUCHER-20261009-00363,2026-10-10T00:08:24,1010,Assets:Bank:PenFed FBO Operating Cash,30.53,0.00,Waterfall Settlement Sweep - SCMA-MEM-0001 (HMAC: AUTHENTICATE...)
VOUCHER-20261009-00363,2026-10-10T00:08:24,3020,Equity:Members:SCMA-MEM-0001,0.00,30.53,Waterfall Settlement Sweep - SCMA-MEM-0001 (HMAC: AUTHENTICATE...)
VOUCHER-20261009-00364,2026-10-10T00:08:24,1010,Assets:Bank:PenFed FBO Operating Cash,35.67,0.00,Waterfall Settlement Sweep - SCMA-FOUNDER (HMAC: AUTHENTICATE...)
VOUCHER-20261009-00364,2026-10-10T00:08:24,3010,Equity:Members:SCMA-FOUNDER,0.00,35.67,Waterfall Settlement Sweep - SCMA-FOUNDER (HMAC: AUTHENTICATE...)
VOUCHER-20261009-00365,2026-10-10T00:08:24,1010,Assets:Bank:PenFed FBO Operating Cash,30.53,0.00,Waterfall Settlement Sweep - SCMA-MEM-0001 (HMAC: AUTHENTICATE...)
VOUCHER-20261009-00365,2026-10-10T00:08:24,3020,Equity:Members:SCMA-MEM-0001,0.00,30.53,Waterfall Settlement Sweep - SCMA-MEM-0001 (HMAC: AUTHENTICATE...)
VOUCHER-20261009-00366,2026-10-10T00:08:24,1010,Assets:Bank:PenFed FBO Operating Cash,35.67,0.00,Waterfall Settlement Sweep - SCMA-FOUNDER (HMAC: AUTHENTICATE...)
VOUCHER-20261009-00366,2026-10-10T00:08:24,3010,Equity:Members:SCMA-FOUNDER,0.00,35.67,Waterfall Settlement Sweep - SCMA-FOUNDER (HMAC: AUTHENTICATE...)
VOUCHER-20261009-00367,2026-10-10T00:08:24,1010,Assets:Bank:PenFed FBO Operating Cash,30.53,0.00,Waterfall Settlement Sweep - SCMA-MEM-0001 (HMAC: AUTHENTICATE...)
VOUCHER-20261009-00367,2026-10-10T00:08:24,3020,Equity:Members:SCMA-MEM-0001,0.00,30.53,Waterfall Settlement Sweep - SCMA-MEM-0001 (HMAC: AUTHENTICATE...)
VOUCHER-20261009-00368,2026-10-10T00:08:24,1010,Assets:Bank:PenFed FBO Operating Cash,35.67,0.00,Waterfall Settlement Sweep - SCMA-FOUNDER (HMAC: AUTHENTICATE...)
VOUCHER-20261009-00368,2026-10-10T00:08:24,3010,Equity:Members:SCMA-FOUNDER,0.00,35.67,Waterfall Settlement Sweep - SCMA-FOUNDER (HMAC: AUTHENTICATE...)
VOUCHER-20261009-00369,2026-10-10T00:08:24,1010,Assets:Bank:PenFed FBO Operating Cash,30.53,0.00,Waterfall Settlement Sweep - SCMA-MEM-0001 (HMAC: AUTHENTICATE...)
VOUCHER-20261009-00369,2026-10-10T00:08:24,3020,Equity:Members:SCMA-MEM-0001,0.00,30.53,Waterfall Settlement Sweep - SCMA-MEM-0001 (HMAC: AUTHENTICATE...)
VOUCHER-20261009-00370,2026-10-10T00:08:24,1010,Assets:Bank:PenFed FBO Operating Cash,35.67,0.00,Waterfall Settlement Sweep - SCMA-FOUNDER (HMAC: AUTHENTICATE...)
VOUCHER-20261009-00370,2026-10-10T00:08:24,3010,Equity:Members:SCMA-FOUNDER,0.00,35.67,Waterfall Settlement Sweep - SCMA-FOUNDER (HMAC: AUTHENTICATE...)
VOUCHER-20261009-00371,2026-10-10T00:08:24,1010,Assets:Bank:PenFed FBO Operating Cash,30.53,0.00,Waterfall Settlement Sweep - SCMA-MEM-0001 (HMAC: AUTHENTICATE...)
VOUCHER-20261009-00371,2026-10-10T00:08:24,3020,Equity:Members:SCMA-MEM-0001,0.00,30.53,Waterfall Settlement Sweep - SCMA-MEM-0001 (HMAC: AUTHENTICATE...)
VOUCHER-20261009-00372,2026-10-10T00:08:24,1010,Assets:Bank:PenFed FBO Operating Cash,35.67,0.00,Waterfall Settlement Sweep - SCMA-FOUNDER (HMAC: AUTHENTICATE...)
VOUCHER-20261009-00372,2026-10-10T00:08:24,3010,Equity:Members:SCMA-FOUNDER,0.00,35.67,Waterfall Settlement Sweep - SCMA-FOUNDER (HMAC: AUTHENTICATE...)
VOUCHER-20261009-00373,2026-10-10T00:08:24,1010,Assets:Bank:PenFed FBO Operating Cash,30.53,0.00,Waterfall Settlement Sweep - SCMA-MEM-0001 (HMAC: AUTHENTICATE...)
VOUCHER-20261009-00373,2026-10-10T00:08:24,3020,Equity:Members:SCMA-MEM-0001,0.00,30.53,Waterfall Settlement Sweep - SCMA-MEM-0001 (HMAC: AUTHENTICATE...)
VOUCHER-20261009-00374,2026-10-10T00:08:24,1010,Assets:Bank:PenFed FBO Operating Cash,35.67,0.00,Waterfall Settlement Sweep - SCMA-FOUNDER (HMAC: AUTHENTICATE...)
VOUCHER-20261009-00374,2026-10-10T00:08:24,3010,Equity:Members:SCMA-FOUNDER,0.00,35.67,Waterfall Settlement Sweep - SCMA-FOUNDER (HMAC: AUTHENTICATE...)
VOUCHER-20261009-00375,2026-10-10T00:08:24,1010,Assets:Bank:PenFed FBO Operating Cash,30.53,0.00,Waterfall Settlement Sweep - SCMA-MEM-0001 (HMAC: AUTHENTICATE...)
VOUCHER-20261009-00375,2026-10-10T00:08:24,3020,Equity:Members:SCMA-MEM-0001,0.00,30.53,Waterfall Settlement Sweep - SCMA-MEM-0001 (HMAC: AUTHENTICATE...)
VOUCHER-20261009-00376,2026-10-10T00:08:24,1010,Assets:Bank:PenFed FBO Operating Cash,35.67,0.00,Waterfall Settlement Sweep - SCMA-FOUNDER (HMAC: AUTHENTICATE...)
VOUCHER-20261009-00376,2026-10-10T00:08:24,3010,Equity:Members:SCMA-FOUNDER,0.00,35.67,Waterfall Settlement Sweep - SCMA-FOUNDER (HMAC: AUTHENTICATE...)
VOUCHER-20261009-00377,2026-10-10T00:08:24,1010,Assets:Bank:PenFed FBO Operating Cash,30.53,0.00,Waterfall Settlement Sweep - SCMA-MEM-0001 (HMAC: AUTHENTICATE...)
VOUCHER-20261009-00377,2026-10-10T00:08:24,3020,Equity:Members:SCMA-MEM-0001,0.00,30.53,Waterfall Settlement Sweep - SCMA-MEM-0001 (HMAC: AUTHENTICATE...)
VOUCHER-20261009-00378,2026-10-10T00:08:24,1010,Assets:Bank:PenFed FBO Operating Cash,35.67,0.00,Waterfall Settlement Sweep - SCMA-FOUNDER (HMAC: AUTHENTICATE...)
VOUCHER-20261009-00378,2026-10-10T00:08:24,3010,Equity:Members:SCMA-FOUNDER,0.00,35.67,Waterfall Settlement Sweep - SCMA-FOUNDER (HMAC: AUTHENTICATE...)
VOUCHER-20261009-00379,2026-10-10T00:08:24,1010,Assets:Bank:PenFed FBO Operating Cash,30.53,0.00,Waterfall Settlement Sweep - SCMA-MEM-0001 (HMAC: AUTHENTICATE...)
VOUCHER-20261009-00379,2026-10-10T00:08:24,3020,Equity:Members:SCMA-MEM-0001,0.00,30.53,Waterfall Settlement Sweep - SCMA-MEM-0001 (HMAC: AUTHENTICATE...)
VOUCHER-20261009-00380,2026-10-10T00:08:24,1010,Assets:Bank:PenFed FBO Operating Cash,35.67,0.00,Waterfall Settlement Sweep - SCMA-FOUNDER (HMAC: AUTHENTICATE...)
VOUCHER-20261009-00380,2026-10-10T00:08:24,3010,Equity:Members:SCMA-FOUNDER,0.00,35.67,Waterfall Settlement Sweep - SCMA-FOUNDER (HMAC: AUTHENTICATE...)
VOUCHER-20261009-00381,2026-10-10T00:08:24,1010,Assets:Bank:PenFed FBO Operating Cash,30.53,0.00,Waterfall Settlement Sweep - SCMA-MEM-0001 (HMAC: AUTHENTICATE...)
VOUCHER-20261009-00381,2026-10-10T00:08:24,3020,Equity:Members:SCMA-MEM-0001,0.00,30.53,Waterfall Settlement Sweep - SCMA-MEM-0001 (HMAC: AUTHENTICATE...)
VOUCHER-20261009-00382,2026-10-10T00:08:24,1010,Assets:Bank:PenFed FBO Operating Cash,35.67,0.00,Waterfall Settlement Sweep - SCMA-FOUNDER (HMAC: AUTHENTICATE...)
VOUCHER-20261009-00382,2026-10-10T00:08:24,3010,Equity:Members:SCMA-FOUNDER,0.00,35.67,Waterfall Settlement Sweep - SCMA-FOUNDER (HMAC: AUTHENTICATE...)
VOUCHER-20261009-00383,2026-10-10T00:08:24,1010,Assets:Bank:PenFed FBO Operating Cash,30.53,0.00,Waterfall Settlement Sweep - SCMA-MEM-0001 (HMAC: AUTHENTICATE...)
VOUCHER-20261009-00383,2026-10-10T00:08:24,3020,Equity:Members:SCMA-MEM-0001,0.00,30.53,Waterfall Settlement Sweep - SCMA-MEM-0001 (HMAC: AUTHENTICATE...)
VOUCHER-20261009-00384,2026-10-10T00:08:24,1010,Assets:Bank:PenFed FBO Operating Cash,35.67,0.00,Waterfall Settlement Sweep - SCMA-FOUNDER (HMAC: AUTHENTICATE...)
VOUCHER-20261009-00384,2026-10-10T00:08:24,3010,Equity:Members:SCMA-FOUNDER,0.00,35.67,Waterfall Settlement Sweep - SCMA-FOUNDER (HMAC: AUTHENTICATE...)
VOUCHER-20261009-00385,2026-10-10T00:08:24,1010,Assets:Bank:PenFed FBO Operating Cash,30.53,0.00,Waterfall Settlement Sweep - SCMA-MEM-0001 (HMAC: AUTHENTICATE...)
VOUCHER-20261009-00385,2026-10-10T00:08:24,3020,Equity:Members:SCMA-MEM-0001,0.00,30.53,Waterfall Settlement Sweep - SCMA-MEM-0001 (HMAC: AUTHENTICATE...)
VOUCHER-20261009-00386,2026-10-10T00:08:24,1010,Assets:Bank:PenFed FBO Operating Cash,35.67,0.00,Waterfall Settlement Sweep - SCMA-FOUNDER (HMAC: AUTHENTICATE...)
VOUCHER-20261009-00386,2026-10-10T00:08:24,3010,Equity:Members:SCMA-FOUNDER,0.00,35.67,Waterfall Settlement Sweep - SCMA-FOUNDER (HMAC: AUTHENTICATE...)
VOUCHER-20261009-00387,2026-10-10T00:08:24,1010,Assets:Bank:PenFed FBO Operating Cash,30.53,0.00,Waterfall Settlement Sweep - SCMA-MEM-0001 (HMAC: AUTHENTICATE...)
VOUCHER-20261009-00387,2026-10-10T00:08:24,3020,Equity:Members:SCMA-MEM-0001,0.00,30.53,Waterfall Settlement Sweep - SCMA-MEM-0001 (HMAC: AUTHENTICATE...)
VOUCHER-20261009-00388,2026-10-10T00:08:24,1010,Assets:Bank:PenFed FBO Operating Cash,35.67,0.00,Waterfall Settlement Sweep - SCMA-FOUNDER (HMAC: AUTHENTICATE...)
VOUCHER-20261009-00388,2026-10-10T00:08:24,3010,Equity:Members:SCMA-FOUNDER,0.00,35.67,Waterfall Settlement Sweep - SCMA-FOUNDER (HMAC: AUTHENTICATE...)
VOUCHER-20261009-00389,2026-10-10T00:08:24,1010,Assets:Bank:PenFed FBO Operating Cash,30.53,0.00,Waterfall Settlement Sweep - SCMA-MEM-0001 (HMAC: AUTHENTICATE...)
VOUCHER-20261009-00389,2026-10-10T00:08:24,3020,Equity:Members:SCMA-MEM-0001,0.00,30.53,Waterfall Settlement Sweep - SCMA-MEM-0001 (HMAC: AUTHENTICATE...)
VOUCHER-20261009-00390,2026-10-10T00:08:24,1010,Assets:Bank:PenFed FBO Operating Cash,35.67,0.00,Waterfall Settlement Sweep - SCMA-FOUNDER (HMAC: AUTHENTICATE...)
VOUCHER-20261009-00390,2026-10-10T00:08:24,3010,Equity:Members:SCMA-FOUNDER,0.00,35.67,Waterfall Settlement Sweep - SCMA-FOUNDER (HMAC: AUTHENTICATE...)
VOUCHER-20261009-00391,2026-10-10T00:08:24,1010,Assets:Bank:PenFed FBO Operating Cash,30.53,0.00,Waterfall Settlement Sweep - SCMA-MEM-0001 (HMAC: AUTHENTICATE...)
VOUCHER-20261009-00391,2026-10-10T00:08:24,3020,Equity:Members:SCMA-MEM-0001,0.00,30.53,Waterfall Settlement Sweep - SCMA-MEM-0001 (HMAC: AUTHENTICATE...)
VOUCHER-20261009-00392,2026-10-10T00:08:24,1010,Assets:Bank:PenFed FBO Operating Cash,35.67,0.00,Waterfall Settlement Sweep - SCMA-FOUNDER (HMAC: AUTHENTICATE...)
VOUCHER-20261009-00392,2026-10-10T00:08:24,3010,Equity:Members:SCMA-FOUNDER,0.00,35.67,Waterfall Settlement Sweep - SCMA-FOUNDER (HMAC: AUTHENTICATE...)
VOUCHER-20261009-00393,2026-10-10T00:08:24,1010,Assets:Bank:PenFed FBO Operating Cash,30.53,0.00,Waterfall Settlement Sweep - SCMA-MEM-0001 (HMAC: AUTHENTICATE...)
VOUCHER-20261009-00393,2026-10-10T00:08:24,3020,Equity:Members:SCMA-MEM-0001,0.00,30.53,Waterfall Settlement Sweep - SCMA-MEM-0001 (HMAC: AUTHENTICATE...)
VOUCHER-20261009-00394,2026-10-10T00:08:24,1010,Assets:Bank:PenFed FBO Operating Cash,35.67,0.00,Waterfall Settlement Sweep - SCMA-FOUNDER (HMAC: AUTHENTICATE...)
VOUCHER-20261009-00394,2026-10-10T00:08:24,3010,Equity:Members:SCMA-FOUNDER,0.00,35.67,Waterfall Settlement Sweep - SCMA-FOUNDER (HMAC: AUTHENTICATE...)
VOUCHER-20261009-00395,2026-10-10T00:08:24,1010,Assets:Bank:PenFed FBO Operating Cash,30.53,0.00,Waterfall Settlement Sweep - SCMA-MEM-0001 (HMAC: AUTHENTICATE...)
VOUCHER-20261009-00395,2026-10-10T00:08:24,3020,Equity:Members:SCMA-MEM-0001,0.00,30.53,Waterfall Settlement Sweep - SCMA-MEM-0001 (HMAC: AUTHENTICATE...)
VOUCHER-20261009-00396,2026-10-10T00:08:24,1010,Assets:Bank:PenFed FBO Operating Cash,35.67,0.00,Waterfall Settlement Sweep - SCMA-FOUNDER (HMAC: AUTHENTICATE...)
VOUCHER-20261009-00396,2026-10-10T00:08:24,3010,Equity:Members:SCMA-FOUNDER,0.00,35.67,Waterfall Settlement Sweep - SCMA-FOUNDER (HMAC: AUTHENTICATE...)
VOUCHER-20261009-00397,2026-10-10T00:08:24,1010,Assets:Bank:PenFed FBO Operating Cash,30.53,0.00,Waterfall Settlement Sweep - SCMA-MEM-0001 (HMAC: AUTHENTICATE...)
VOUCHER-20261009-00397,2026-10-10T00:08:24,3020,Equity:Members:SCMA-MEM-0001,0.00,30.53,Waterfall Settlement Sweep - SCMA-MEM-0001 (HMAC: AUTHENTICATE...)
VOUCHER-20261009-00398,2026-10-10T00:08:24,1010,Assets:Bank:PenFed FBO Operating Cash,35.67,0.00,Waterfall Settlement Sweep - SCMA-FOUNDER (HMAC: AUTHENTICATE...)
VOUCHER-20261009-00398,2026-10-10T00:08:24,3010,Equity:Members:SCMA-FOUNDER,0.00,35.67,Waterfall Settlement Sweep - SCMA-FOUNDER (HMAC: AUTHENTICATE...)
VOUCHER-20261009-00399,2026-10-10T00:08:24,1010,Assets:Bank:PenFed FBO Operating Cash,30.53,0.00,Waterfall Settlement Sweep - SCMA-MEM-0001 (HMAC: AUTHENTICATE...)
VOUCHER-20261009-00399,2026-10-10T00:08:24,3020,Equity:Members:SCMA-MEM-0001,0.00,30.53,Waterfall Settlement Sweep - SCMA-MEM-0001 (HMAC: AUTHENTICATE...)
VOUCHER-20261009-00400,2026-10-10T00:08:24,1010,Assets:Bank:PenFed FBO Operating Cash,35.67,0.00,Waterfall Settlement Sweep - SCMA-FOUNDER (HMAC: AUTHENTICATE...)
VOUCHER-20261009-00400,2026-10-10T00:08:24,3010,Equity:Members:SCMA-FOUNDER,0.00,35.67,Waterfall Settlement Sweep - SCMA-FOUNDER (HMAC: AUTHENTICATE...)
VOUCHER-20261009-00401,2026-10-10T00:08:24,1010,Assets:Bank:PenFed FBO Operating Cash,30.53,0.00,Waterfall Settlement Sweep - SCMA-MEM-0001 (HMAC: AUTHENTICATE...)
VOUCHER-20261009-00401,2026-10-10T00:08:24,3020,Equity:Members:SCMA-MEM-0001,0.00,30.53,Waterfall Settlement Sweep - SCMA-MEM-0001 (HMAC: AUTHENTICATE...)
VOUCHER-20261009-00402,2026-10-10T00:08:24,1010,Assets:Bank:PenFed FBO Operating Cash,35.67,0.00,Waterfall Settlement Sweep - SCMA-FOUNDER (HMAC: AUTHENTICATE...)
VOUCHER-20261009-00402,2026-10-10T00:08:24,3010,Equity:Members:SCMA-FOUNDER,0.00,35.67,Waterfall Settlement Sweep - SCMA-FOUNDER (HMAC: AUTHENTICATE...)
VOUCHER-20261009-00403,2026-10-10T00:08:24,1010,Assets:Bank:PenFed FBO Operating Cash,30.53,0.00,Waterfall Settlement Sweep - SCMA-MEM-0001 (HMAC: AUTHENTICATE...)
VOUCHER-20261009-00403,2026-10-10T00:08:24,3020,Equity:Members:SCMA-MEM-0001,0.00,30.53,Waterfall Settlement Sweep - SCMA-MEM-0001 (HMAC: AUTHENTICATE...)
VOUCHER-20261009-00404,2026-10-10T00:08:24,1010,Assets:Bank:PenFed FBO Operating Cash,35.67,0.00,Waterfall Settlement Sweep - SCMA-FOUNDER (HMAC: AUTHENTICATE...)
VOUCHER-20261009-00404,2026-10-10T00:08:24,3010,Equity:Members:SCMA-FOUNDER,0.00,35.67,Waterfall Settlement Sweep - SCMA-FOUNDER (HMAC: AUTHENTICATE...)
VOUCHER-20261009-00405,2026-10-10T00:08:24,1010,Assets:Bank:PenFed FBO Operating Cash,30.53,0.00,Waterfall Settlement Sweep - SCMA-MEM-0001 (HMAC: AUTHENTICATE...)
VOUCHER-20261009-00405,2026-10-10T00:08:24,3020,Equity:Members:SCMA-MEM-0001,0.00,30.53,Waterfall Settlement Sweep - SCMA-MEM-0001 (HMAC: AUTHENTICATE...)
VOUCHER-20261009-00406,2026-10-10T00:08:24,1010,Assets:Bank:PenFed FBO Operating Cash,35.67,0.00,Waterfall Settlement Sweep - SCMA-FOUNDER (HMAC: AUTHENTICATE...)
VOUCHER-20261009-00406,2026-10-10T00:08:24,3010,Equity:Members:SCMA-FOUNDER,0.00,35.67,Waterfall Settlement Sweep - SCMA-FOUNDER (HMAC: AUTHENTICATE...)
VOUCHER-20261009-00407,2026-10-10T00:08:24,1010,Assets:Bank:PenFed FBO Operating Cash,30.53,0.00,Waterfall Settlement Sweep - SCMA-MEM-0001 (HMAC: AUTHENTICATE...)
VOUCHER-20261009-00407,2026-10-10T00:08:24,3020,Equity:Members:SCMA-MEM-0001,0.00,30.53,Waterfall Settlement Sweep - SCMA-MEM-0001 (HMAC: AUTHENTICATE...)
VOUCHER-20261009-00408,2026-10-10T00:08:24,1010,Assets:Bank:PenFed FBO Operating Cash,35.67,0.00,Waterfall Settlement Sweep - SCMA-FOUNDER (HMAC: AUTHENTICATE...)
VOUCHER-20261009-00408,2026-10-10T00:08:24,3010,Equity:Members:SCMA-FOUNDER,0.00,35.67,Waterfall Settlement Sweep - SCMA-FOUNDER (HMAC: AUTHENTICATE...)
VOUCHER-20261009-00409,2026-10-10T00:08:24,1010,Assets:Bank:PenFed FBO Operating Cash,30.53,0.00,Waterfall Settlement Sweep - SCMA-MEM-0001 (HMAC: AUTHENTICATE...)
VOUCHER-20261009-00409,2026-10-10T00:08:24,3020,Equity:Members:SCMA-MEM-0001,0.00,30.53,Waterfall Settlement Sweep - SCMA-MEM-0001 (HMAC: AUTHENTICATE...)
VOUCHER-20261009-00410,2026-10-10T00:08:24,1010,Assets:Bank:PenFed FBO Operating Cash,35.67,0.00,Waterfall Settlement Sweep - SCMA-FOUNDER (HMAC: AUTHENTICATE...)
VOUCHER-20261009-00410,2026-10-10T00:08:24,3010,Equity:Members:SCMA-FOUNDER,0.00,35.67,Waterfall Settlement Sweep - SCMA-FOUNDER (HMAC: AUTHENTICATE...)
VOUCHER-20261009-00411,2026-10-10T00:08:24,1010,Assets:Bank:PenFed FBO Operating Cash,30.53,0.00,Waterfall Settlement Sweep - SCMA-MEM-0001 (HMAC: AUTHENTICATE...)
VOUCHER-20261009-00411,2026-10-10T00:08:24,3020,Equity:Members:SCMA-MEM-0001,0.00,30.53,Waterfall Settlement Sweep - SCMA-MEM-0001 (HMAC: AUTHENTICATE...)
VOUCHER-20261009-00412,2026-10-10T00:08:24,1010,Assets:Bank:PenFed FBO Operating Cash,35.67,0.00,Waterfall Settlement Sweep - SCMA-FOUNDER (HMAC: AUTHENTICATE...)
VOUCHER-20261009-00412,2026-10-10T00:08:24,3010,Equity:Members:SCMA-FOUNDER,0.00,35.67,Waterfall Settlement Sweep - SCMA-FOUNDER (HMAC: AUTHENTICATE...)
VOUCHER-20261009-00413,2026-10-10T00:08:24,1010,Assets:Bank:PenFed FBO Operating Cash,30.53,0.00,Waterfall Settlement Sweep - SCMA-MEM-0001 (HMAC: AUTHENTICATE...)
VOUCHER-20261009-00413,2026-10-10T00:08:24,3020,Equity:Members:SCMA-MEM-0001,0.00,30.53,Waterfall Settlement Sweep - SCMA-MEM-0001 (HMAC: AUTHENTICATE...)
VOUCHER-20261009-00414,2026-10-10T00:08:24,1010,Assets:Bank:PenFed FBO Operating Cash,35.67,0.00,Waterfall Settlement Sweep - SCMA-FOUNDER (HMAC: AUTHENTICATE...)
VOUCHER-20261009-00414,2026-10-10T00:08:24,3010,Equity:Members:SCMA-FOUNDER,0.00,35.67,Waterfall Settlement Sweep - SCMA-FOUNDER (HMAC: AUTHENTICATE...)
VOUCHER-20261009-00415,2026-10-10T00:08:24,1010,Assets:Bank:PenFed FBO Operating Cash,30.53,0.00,Waterfall Settlement Sweep - SCMA-MEM-0001 (HMAC: AUTHENTICATE...)
VOUCHER-20261009-00415,2026-10-10T00:08:24,3020,Equity:Members:SCMA-MEM-0001,0.00,30.53,Waterfall Settlement Sweep - SCMA-MEM-0001 (HMAC: AUTHENTICATE...)
VOUCHER-20261009-00416,2026-10-10T00:08:24,1010,Assets:Bank:PenFed FBO Operating Cash,35.67,0.00,Waterfall Settlement Sweep - SCMA-FOUNDER (HMAC: AUTHENTICATE...)
VOUCHER-20261009-00416,2026-10-10T00:08:24,3010,Equity:Members:SCMA-FOUNDER,0.00,35.67,Waterfall Settlement Sweep - SCMA-FOUNDER (HMAC: AUTHENTICATE...)
VOUCHER-20261009-00417,2026-10-10T00:08:24,1010,Assets:Bank:PenFed FBO Operating Cash,30.53,0.00,Waterfall Settlement Sweep - SCMA-MEM-0001 (HMAC: AUTHENTICATE...)
VOUCHER-20261009-00417,2026-10-10T00:08:24,3020,Equity:Members:SCMA-MEM-0001,0.00,30.53,Waterfall Settlement Sweep - SCMA-MEM-0001 (HMAC: AUTHENTICATE...)
VOUCHER-20261009-00418,2026-10-10T00:08:24,1010,Assets:Bank:PenFed FBO Operating Cash,35.67,0.00,Waterfall Settlement Sweep - SCMA-FOUNDER (HMAC: AUTHENTICATE...)
VOUCHER-20261009-00418,2026-10-10T00:08:24,3010,Equity:Members:SCMA-FOUNDER,0.00,35.67,Waterfall Settlement Sweep - SCMA-FOUNDER (HMAC: AUTHENTICATE...)
VOUCHER-20261009-00419,2026-10-10T00:08:24,1010,Assets:Bank:PenFed FBO Operating Cash,30.53,0.00,Waterfall Settlement Sweep - SCMA-MEM-0001 (HMAC: AUTHENTICATE...)
VOUCHER-20261009-00419,2026-10-10T00:08:24,3020,Equity:Members:SCMA-MEM-0001,0.00,30.53,Waterfall Settlement Sweep - SCMA-MEM-0001 (HMAC: AUTHENTICATE...)
VOUCHER-20261009-00420,2026-10-10T00:08:24,1010,Assets:Bank:PenFed FBO Operating Cash,35.67,0.00,Waterfall Settlement Sweep - SCMA-FOUNDER (HMAC: AUTHENTICATE...)
VOUCHER-20261009-00420,2026-10-10T00:08:24,3010,Equity:Members:SCMA-FOUNDER,0.00,35.67,Waterfall Settlement Sweep - SCMA-FOUNDER (HMAC: AUTHENTICATE...)
VOUCHER-20261009-00421,2026-10-10T00:08:24,1010,Assets:Bank:PenFed FBO Operating Cash,30.53,0.00,Waterfall Settlement Sweep - SCMA-MEM-0001 (HMAC: AUTHENTICATE...)
VOUCHER-20261009-00421,2026-10-10T00:08:24,3020,Equity:Members:SCMA-MEM-0001,0.00,30.53,Waterfall Settlement Sweep - SCMA-MEM-0001 (HMAC: AUTHENTICATE...)
VOUCHER-20261009-00422,2026-10-10T00:08:24,1010,Assets:Bank:PenFed FBO Operating Cash,35.67,0.00,Waterfall Settlement Sweep - SCMA-FOUNDER (HMAC: AUTHENTICATE...)
VOUCHER-20261009-00422,2026-10-10T00:08:24,3010,Equity:Members:SCMA-FOUNDER,0.00,35.67,Waterfall Settlement Sweep - SCMA-FOUNDER (HMAC: AUTHENTICATE...)
VOUCHER-20261009-00423,2026-10-10T00:08:24,1010,Assets:Bank:PenFed FBO Operating Cash,30.53,0.00,Waterfall Settlement Sweep - SCMA-MEM-0001 (HMAC: AUTHENTICATE...)
VOUCHER-20261009-00423,2026-10-10T00:08:24,3020,Equity:Members:SCMA-MEM-0001,0.00,30.53,Waterfall Settlement Sweep - SCMA-MEM-0001 (HMAC: AUTHENTICATE...)
VOUCHER-20261009-00424,2026-10-10T00:08:24,1010,Assets:Bank:PenFed FBO Operating Cash,35.67,0.00,Waterfall Settlement Sweep - SCMA-FOUNDER (HMAC: AUTHENTICATE...)
VOUCHER-20261009-00424,2026-10-10T00:08:24,3010,Equity:Members:SCMA-FOUNDER,0.00,35.67,Waterfall Settlement Sweep - SCMA-FOUNDER (HMAC: AUTHENTICATE...)
VOUCHER-20261009-00425,2026-10-10T00:08:24,1010,Assets:Bank:PenFed FBO Operating Cash,30.53,0.00,Waterfall Settlement Sweep - SCMA-MEM-0001 (HMAC: AUTHENTICATE...)
VOUCHER-20261009-00425,2026-10-10T00:08:24,3020,Equity:Members:SCMA-MEM-0001,0.00,30.53,Waterfall Settlement Sweep - SCMA-MEM-0001 (HMAC: AUTHENTICATE...)
VOUCHER-20261009-00426,2026-10-10T00:08:24,1010,Assets:Bank:PenFed FBO Operating Cash,35.67,0.00,Waterfall Settlement Sweep - SCMA-FOUNDER (HMAC: AUTHENTICATE...)
VOUCHER-20261009-00426,2026-10-10T00:08:24,3010,Equity:Members:SCMA-FOUNDER,0.00,35.67,Waterfall Settlement Sweep - SCMA-FOUNDER (HMAC: AUTHENTICATE...)
VOUCHER-20261009-00427,2026-10-10T00:08:24,1010,Assets:Bank:PenFed FBO Operating Cash,30.53,0.00,Waterfall Settlement Sweep - SCMA-MEM-0001 (HMAC: AUTHENTICATE...)
VOUCHER-20261009-00427,2026-10-10T00:08:24,3020,Equity:Members:SCMA-MEM-0001,0.00,30.53,Waterfall Settlement Sweep - SCMA-MEM-0001 (HMAC: AUTHENTICATE...)
VOUCHER-20261009-00428,2026-10-10T00:08:24,1010,Assets:Bank:PenFed FBO Operating Cash,35.67,0.00,Waterfall Settlement Sweep - SCMA-FOUNDER (HMAC: AUTHENTICATE...)
VOUCHER-20261009-00428,2026-10-10T00:08:24,3010,Equity:Members:SCMA-FOUNDER,0.00,35.67,Waterfall Settlement Sweep - SCMA-FOUNDER (HMAC: AUTHENTICATE...)
VOUCHER-20261009-00429,2026-10-10T00:08:24,1010,Assets:Bank:PenFed FBO Operating Cash,30.53,0.00,Waterfall Settlement Sweep - SCMA-MEM-0001 (HMAC: AUTHENTICATE...)
VOUCHER-20261009-00429,2026-10-10T00:08:24,3020,Equity:Members:SCMA-MEM-0001,0.00,30.53,Waterfall Settlement Sweep - SCMA-MEM-0001 (HMAC: AUTHENTICATE...)
VOUCHER-20261009-00430,2026-10-10T00:08:24,1010,Assets:Bank:PenFed FBO Operating Cash,35.67,0.00,Waterfall Settlement Sweep - SCMA-FOUNDER (HMAC: AUTHENTICATE...)
VOUCHER-20261009-00430,2026-10-10T00:08:24,3010,Equity:Members:SCMA-FOUNDER,0.00,35.67,Waterfall Settlement Sweep - SCMA-FOUNDER (HMAC: AUTHENTICATE...)
VOUCHER-20261009-00431,2026-10-10T00:08:24,1010,Assets:Bank:PenFed FBO Operating Cash,30.53,0.00,Waterfall Settlement Sweep - SCMA-MEM-0001 (HMAC: AUTHENTICATE...)
VOUCHER-20261009-00431,2026-10-10T00:08:24,3020,Equity:Members:SCMA-MEM-0001,0.00,30.53,Waterfall Settlement Sweep - SCMA-MEM-0001 (HMAC: AUTHENTICATE...)
VOUCHER-20261009-00432,2026-10-10T00:08:24,1010,Assets:Bank:PenFed FBO Operating Cash,35.67,0.00,Waterfall Settlement Sweep - SCMA-FOUNDER (HMAC: AUTHENTICATE...)
VOUCHER-20261009-00432,2026-10-10T00:08:24,3010,Equity:Members:SCMA-FOUNDER,0.00,35.67,Waterfall Settlement Sweep - SCMA-FOUNDER (HMAC: AUTHENTICATE...)
VOUCHER-20261009-00433,2026-10-10T00:08:24,1010,Assets:Bank:PenFed FBO Operating Cash,30.53,0.00,Waterfall Settlement Sweep - SCMA-MEM-0001 (HMAC: AUTHENTICATE...)
VOUCHER-20261009-00433,2026-10-10T00:08:24,3020,Equity:Members:SCMA-MEM-0001,0.00,30.53,Waterfall Settlement Sweep - SCMA-MEM-0001 (HMAC: AUTHENTICATE...)
VOUCHER-20261009-00434,2026-10-10T00:08:24,1010,Assets:Bank:PenFed FBO Operating Cash,35.67,0.00,Waterfall Settlement Sweep - SCMA-FOUNDER (HMAC: AUTHENTICATE...)
VOUCHER-20261009-00434,2026-10-10T00:08:24,3010,Equity:Members:SCMA-FOUNDER,0.00,35.67,Waterfall Settlement Sweep - SCMA-FOUNDER (HMAC: AUTHENTICATE...)
VOUCHER-20261009-00435,2026-10-10T00:08:24,1010,Assets:Bank:PenFed FBO Operating Cash,30.53,0.00,Waterfall Settlement Sweep - SCMA-MEM-0001 (HMAC: AUTHENTICATE...)
VOUCHER-20261009-00435,2026-10-10T00:08:24,3020,Equity:Members:SCMA-MEM-0001,0.00,30.53,Waterfall Settlement Sweep - SCMA-MEM-0001 (HMAC: AUTHENTICATE...)
VOUCHER-20261009-00436,2026-10-10T00:08:24,1010,Assets:Bank:PenFed FBO Operating Cash,35.67,0.00,Waterfall Settlement Sweep - SCMA-FOUNDER (HMAC: AUTHENTICATE...)
VOUCHER-20261009-00436,2026-10-10T00:08:24,3010,Equity:Members:SCMA-FOUNDER,0.00,35.67,Waterfall Settlement Sweep - SCMA-FOUNDER (HMAC: AUTHENTICATE...)
VOUCHER-20261009-00437,2026-10-10T00:08:24,1010,Assets:Bank:PenFed FBO Operating Cash,30.53,0.00,Waterfall Settlement Sweep - SCMA-MEM-0001 (HMAC: AUTHENTICATE...)
VOUCHER-20261009-00437,2026-10-10T00:08:24,3020,Equity:Members:SCMA-MEM-0001,0.00,30.53,Waterfall Settlement Sweep - SCMA-MEM-0001 (HMAC: AUTHENTICATE...)
VOUCHER-20261009-00438,2026-10-10T00:08:24,1010,Assets:Bank:PenFed FBO Operating Cash,35.67,0.00,Waterfall Settlement Sweep - SCMA-FOUNDER (HMAC: AUTHENTICATE...)
VOUCHER-20261009-00438,2026-10-10T00:08:24,3010,Equity:Members:SCMA-FOUNDER,0.00,35.67,Waterfall Settlement Sweep - SCMA-FOUNDER (HMAC: AUTHENTICATE...)
VOUCHER-20261009-00439,2026-10-10T00:08:24,1010,Assets:Bank:PenFed FBO Operating Cash,30.53,0.00,Waterfall Settlement Sweep - SCMA-MEM-0001 (HMAC: AUTHENTICATE...)
VOUCHER-20261009-00439,2026-10-10T00:08:24,3020,Equity:Members:SCMA-MEM-0001,0.00,30.53,Waterfall Settlement Sweep - SCMA-MEM-0001 (HMAC: AUTHENTICATE...)
VOUCHER-20261009-00440,2026-10-10T00:08:24,1010,Assets:Bank:PenFed FBO Operating Cash,35.67,0.00,Waterfall Settlement Sweep - SCMA-FOUNDER (HMAC: AUTHENTICATE...)
VOUCHER-20261009-00440,2026-10-10T00:08:24,3010,Equity:Members:SCMA-FOUNDER,0.00,35.67,Waterfall Settlement Sweep - SCMA-FOUNDER (HMAC: AUTHENTICATE...)
VOUCHER-20261009-00441,2026-10-10T00:08:24,1010,Assets:Bank:PenFed FBO Operating Cash,30.53,0.00,Waterfall Settlement Sweep - SCMA-MEM-0001 (HMAC: AUTHENTICATE...)
VOUCHER-20261009-00441,2026-10-10T00:08:24,3020,Equity:Members:SCMA-MEM-0001,0.00,30.53,Waterfall Settlement Sweep - SCMA-MEM-0001 (HMAC: AUTHENTICATE...)
VOUCHER-20261009-00442,2026-10-10T00:08:24,1010,Assets:Bank:PenFed FBO Operating Cash,35.67,0.00,Waterfall Settlement Sweep - SCMA-FOUNDER (HMAC: AUTHENTICATE...)
VOUCHER-20261009-00442,2026-10-10T00:08:24,3010,Equity:Members:SCMA-FOUNDER,0.00,35.67,Waterfall Settlement Sweep - SCMA-FOUNDER (HMAC: AUTHENTICATE...)
VOUCHER-20261009-00443,2026-10-10T00:08:24,1010,Assets:Bank:PenFed FBO Operating Cash,30.53,0.00,Waterfall Settlement Sweep - SCMA-MEM-0001 (HMAC: AUTHENTICATE...)
VOUCHER-20261009-00443,2026-10-10T00:08:24,3020,Equity:Members:SCMA-MEM-0001,0.00,30.53,Waterfall Settlement Sweep - SCMA-MEM-0001 (HMAC: AUTHENTICATE...)
VOUCHER-20261009-00444,2026-10-10T00:08:24,1010,Assets:Bank:PenFed FBO Operating Cash,35.67,0.00,Waterfall Settlement Sweep - SCMA-FOUNDER (HMAC: AUTHENTICATE...)
VOUCHER-20261009-00444,2026-10-10T00:08:24,3010,Equity:Members:SCMA-FOUNDER,0.00,35.67,Waterfall Settlement Sweep - SCMA-FOUNDER (HMAC: AUTHENTICATE...)
VOUCHER-20261009-00445,2026-10-10T00:08:24,1010,Assets:Bank:PenFed FBO Operating Cash,30.53,0.00,Waterfall Settlement Sweep - SCMA-MEM-0001 (HMAC: AUTHENTICATE...)
VOUCHER-20261009-00445,2026-10-10T00:08:24,3020,Equity:Members:SCMA-MEM-0001,0.00,30.53,Waterfall Settlement Sweep - SCMA-MEM-0001 (HMAC: AUTHENTICATE...)
VOUCHER-20261009-00446,2026-10-10T00:08:24,1010,Assets:Bank:PenFed FBO Operating Cash,35.67,0.00,Waterfall Settlement Sweep - SCMA-FOUNDER (HMAC: AUTHENTICATE...)
VOUCHER-20261009-00446,2026-10-10T00:08:24,3010,Equity:Members:SCMA-FOUNDER,0.00,35.67,Waterfall Settlement Sweep - SCMA-FOUNDER (HMAC: AUTHENTICATE...)
VOUCHER-20261009-00447,2026-10-10T00:08:24,1010,Assets:Bank:PenFed FBO Operating Cash,30.53,0.00,Waterfall Settlement Sweep - SCMA-MEM-0001 (HMAC: AUTHENTICATE...)
VOUCHER-20261009-00447,2026-10-10T00:08:24,3020,Equity:Members:SCMA-MEM-0001,0.00,30.53,Waterfall Settlement Sweep - SCMA-MEM-0001 (HMAC: AUTHENTICATE...)
VOUCHER-20261009-00448,2026-10-10T00:08:24,1010,Assets:Bank:PenFed FBO Operating Cash,35.67,0.00,Waterfall Settlement Sweep - SCMA-FOUNDER (HMAC: AUTHENTICATE...)
VOUCHER-20261009-00448,2026-10-10T00:08:24,3010,Equity:Members:SCMA-FOUNDER,0.00,35.67,Waterfall Settlement Sweep - SCMA-FOUNDER (HMAC: AUTHENTICATE...)
VOUCHER-20261009-00449,2026-10-10T00:08:24,1010,Assets:Bank:PenFed FBO Operating Cash,30.53,0.00,Waterfall Settlement Sweep - SCMA-MEM-0001 (HMAC: AUTHENTICATE...)
VOUCHER-20261009-00449,2026-10-10T00:08:24,3020,Equity:Members:SCMA-MEM-0001,0.00,30.53,Waterfall Settlement Sweep - SCMA-MEM-0001 (HMAC: AUTHENTICATE...)
VOUCHER-20261009-00450,2026-10-10T00:08:24,1010,Assets:Bank:PenFed FBO Operating Cash,35.67,0.00,Waterfall Settlement Sweep - SCMA-FOUNDER (HMAC: AUTHENTICATE...)
VOUCHER-20261009-00450,2026-10-10T00:08:24,3010,Equity:Members:SCMA-FOUNDER,0.00,35.67,Waterfall Settlement Sweep - SCMA-FOUNDER (HMAC: AUTHENTICATE...)
VOUCHER-20261009-00451,2026-10-10T00:08:24,1010,Assets:Bank:PenFed FBO Operating Cash,30.53,0.00,Waterfall Settlement Sweep - SCMA-MEM-0001 (HMAC: AUTHENTICATE...)
VOUCHER-20261009-00451,2026-10-10T00:08:24,3020,Equity:Members:SCMA-MEM-0001,0.00,30.53,Waterfall Settlement Sweep - SCMA-MEM-0001 (HMAC: AUTHENTICATE...)
VOUCHER-20261009-00452,2026-10-10T00:08:24,1010,Assets:Bank:PenFed FBO Operating Cash,35.67,0.00,Waterfall Settlement Sweep - SCMA-FOUNDER (HMAC: AUTHENTICATE...)
VOUCHER-20261009-00452,2026-10-10T00:08:24,3010,Equity:Members:SCMA-FOUNDER,0.00,35.67,Waterfall Settlement Sweep - SCMA-FOUNDER (HMAC: AUTHENTICATE...)
VOUCHER-20261009-00453,2026-10-10T00:08:24,1010,Assets:Bank:PenFed FBO Operating Cash,30.53,0.00,Waterfall Settlement Sweep - SCMA-MEM-0001 (HMAC: AUTHENTICATE...)
VOUCHER-20261009-00453,2026-10-10T00:08:24,3020,Equity:Members:SCMA-MEM-0001,0.00,30.53,Waterfall Settlement Sweep - SCMA-MEM-0001 (HMAC: AUTHENTICATE...)
VOUCHER-20261009-00454,2026-10-10T00:08:24,1010,Assets:Bank:PenFed FBO Operating Cash,35.67,0.00,Waterfall Settlement Sweep - SCMA-FOUNDER (HMAC: AUTHENTICATE...)
VOUCHER-20261009-00454,2026-10-10T00:08:24,3010,Equity:Members:SCMA-FOUNDER,0.00,35.67,Waterfall Settlement Sweep - SCMA-FOUNDER (HMAC: AUTHENTICATE...)
VOUCHER-20261009-00455,2026-10-10T00:08:24,1010,Assets:Bank:PenFed FBO Operating Cash,30.53,0.00,Waterfall Settlement Sweep - SCMA-MEM-0001 (HMAC: AUTHENTICATE...)
VOUCHER-20261009-00455,2026-10-10T00:08:24,3020,Equity:Members:SCMA-MEM-0001,0.00,30.53,Waterfall Settlement Sweep - SCMA-MEM-0001 (HMAC: AUTHENTICATE...)
VOUCHER-20261009-00456,2026-10-10T00:08:24,1010,Assets:Bank:PenFed FBO Operating Cash,35.67,0.00,Waterfall Settlement Sweep - SCMA-FOUNDER (HMAC: AUTHENTICATE...)
VOUCHER-20261009-00456,2026-10-10T00:08:24,3010,Equity:Members:SCMA-FOUNDER,0.00,35.67,Waterfall Settlement Sweep - SCMA-FOUNDER (HMAC: AUTHENTICATE...)
VOUCHER-20261009-00457,2026-10-10T00:08:24,1010,Assets:Bank:PenFed FBO Operating Cash,30.53,0.00,Waterfall Settlement Sweep - SCMA-MEM-0001 (HMAC: AUTHENTICATE...)
VOUCHER-20261009-00457,2026-10-10T00:08:24,3020,Equity:Members:SCMA-MEM-0001,0.00,30.53,Waterfall Settlement Sweep - SCMA-MEM-0001 (HMAC: AUTHENTICATE...)
VOUCHER-20261009-00458,2026-10-10T00:08:24,1010,Assets:Bank:PenFed FBO Operating Cash,35.67,0.00,Waterfall Settlement Sweep - SCMA-FOUNDER (HMAC: AUTHENTICATE...)
VOUCHER-20261009-00458,2026-10-10T00:08:24,3010,Equity:Members:SCMA-FOUNDER,0.00,35.67,Waterfall Settlement Sweep - SCMA-FOUNDER (HMAC: AUTHENTICATE...)
VOUCHER-20261009-00459,2026-10-10T00:08:24,1010,Assets:Bank:PenFed FBO Operating Cash,30.53,0.00,Waterfall Settlement Sweep - SCMA-MEM-0001 (HMAC: AUTHENTICATE...)
VOUCHER-20261009-00459,2026-10-10T00:08:24,3020,Equity:Members:SCMA-MEM-0001,0.00,30.53,Waterfall Settlement Sweep - SCMA-MEM-0001 (HMAC: AUTHENTICATE...)
VOUCHER-20261009-00460,2026-10-10T00:08:24,1010,Assets:Bank:PenFed FBO Operating Cash,35.67,0.00,Waterfall Settlement Sweep - SCMA-FOUNDER (HMAC: AUTHENTICATE...)
VOUCHER-20261009-00460,2026-10-10T00:08:24,3010,Equity:Members:SCMA-FOUNDER,0.00,35.67,Waterfall Settlement Sweep - SCMA-FOUNDER (HMAC: AUTHENTICATE...)
VOUCHER-20261009-00461,2026-10-10T00:08:24,1010,Assets:Bank:PenFed FBO Operating Cash,30.53,0.00,Waterfall Settlement Sweep - SCMA-MEM-0001 (HMAC: AUTHENTICATE...)
VOUCHER-20261009-00461,2026-10-10T00:08:24,3020,Equity:Members:SCMA-MEM-0001,0.00,30.53,Waterfall Settlement Sweep - SCMA-MEM-0001 (HMAC: AUTHENTICATE...)
VOUCHER-20261009-00462,2026-10-10T00:08:24,1010,Assets:Bank:PenFed FBO Operating Cash,35.67,0.00,Waterfall Settlement Sweep - SCMA-FOUNDER (HMAC: AUTHENTICATE...)
VOUCHER-20261009-00462,2026-10-10T00:08:24,3010,Equity:Members:SCMA-FOUNDER,0.00,35.67,Waterfall Settlement Sweep - SCMA-FOUNDER (HMAC: AUTHENTICATE...)
VOUCHER-20261009-00463,2026-10-10T00:08:24,1010,Assets:Bank:PenFed FBO Operating Cash,30.53,0.00,Waterfall Settlement Sweep - SCMA-MEM-0001 (HMAC: AUTHENTICATE...)
VOUCHER-20261009-00463,2026-10-10T00:08:24,3020,Equity:Members:SCMA-MEM-0001,0.00,30.53,Waterfall Settlement Sweep - SCMA-MEM-0001 (HMAC: AUTHENTICATE...)
VOUCHER-20261009-00464,2026-10-10T00:08:24,1010,Assets:Bank:PenFed FBO Operating Cash,35.67,0.00,Waterfall Settlement Sweep - SCMA-FOUNDER (HMAC: AUTHENTICATE...)
VOUCHER-20261009-00464,2026-10-10T00:08:24,3010,Equity:Members:SCMA-FOUNDER,0.00,35.67,Waterfall Settlement Sweep - SCMA-FOUNDER (HMAC: AUTHENTICATE...)
VOUCHER-20261009-00465,2026-10-10T00:08:24,1010,Assets:Bank:PenFed FBO Operating Cash,30.53,0.00,Waterfall Settlement Sweep - SCMA-MEM-0001 (HMAC: AUTHENTICATE...)
VOUCHER-20261009-00465,2026-10-10T00:08:24,3020,Equity:Members:SCMA-MEM-0001,0.00,30.53,Waterfall Settlement Sweep - SCMA-MEM-0001 (HMAC: AUTHENTICATE...)
VOUCHER-20261009-00466,2026-10-10T00:08:24,1010,Assets:Bank:PenFed FBO Operating Cash,35.67,0.00,Waterfall Settlement Sweep - SCMA-FOUNDER (HMAC: AUTHENTICATE...)
VOUCHER-20261009-00466,2026-10-10T00:08:24,3010,Equity:Members:SCMA-FOUNDER,0.00,35.67,Waterfall Settlement Sweep - SCMA-FOUNDER (HMAC: AUTHENTICATE...)
VOUCHER-20261009-00467,2026-10-10T00:08:24,1010,Assets:Bank:PenFed FBO Operating Cash,30.53,0.00,Waterfall Settlement Sweep - SCMA-MEM-0001 (HMAC: AUTHENTICATE...)
VOUCHER-20261009-00467,2026-10-10T00:08:24,3020,Equity:Members:SCMA-MEM-0001,0.00,30.53,Waterfall Settlement Sweep - SCMA-MEM-0001 (HMAC: AUTHENTICATE...)
VOUCHER-20261009-00468,2026-10-10T00:08:24,1010,Assets:Bank:PenFed FBO Operating Cash,35.67,0.00,Waterfall Settlement Sweep - SCMA-FOUNDER (HMAC: AUTHENTICATE...)
VOUCHER-20261009-00468,2026-10-10T00:08:24,3010,Equity:Members:SCMA-FOUNDER,0.00,35.67,Waterfall Settlement Sweep - SCMA-FOUNDER (HMAC: AUTHENTICATE...)
VOUCHER-20261009-00469,2026-10-10T00:08:24,1010,Assets:Bank:PenFed FBO Operating Cash,30.53,0.00,Waterfall Settlement Sweep - SCMA-MEM-0001 (HMAC: AUTHENTICATE...)
VOUCHER-20261009-00469,2026-10-10T00:08:24,3020,Equity:Members:SCMA-MEM-0001,0.00,30.53,Waterfall Settlement Sweep - SCMA-MEM-0001 (HMAC: AUTHENTICATE...)
VOUCHER-20261009-00470,2026-10-10T00:08:24,1010,Assets:Bank:PenFed FBO Operating Cash,35.67,0.00,Waterfall Settlement Sweep - SCMA-FOUNDER (HMAC: AUTHENTICATE...)
VOUCHER-20261009-00470,2026-10-10T00:08:24,3010,Equity:Members:SCMA-FOUNDER,0.00,35.67,Waterfall Settlement Sweep - SCMA-FOUNDER (HMAC: AUTHENTICATE...)
VOUCHER-20261009-00471,2026-10-10T00:08:24,1010,Assets:Bank:PenFed FBO Operating Cash,30.53,0.00,Waterfall Settlement Sweep - SCMA-MEM-0001 (HMAC: AUTHENTICATE...)
VOUCHER-20261009-00471,2026-10-10T00:08:24,3020,Equity:Members:SCMA-MEM-0001,0.00,30.53,Waterfall Settlement Sweep - SCMA-MEM-0001 (HMAC: AUTHENTICATE...)
VOUCHER-20261009-00472,2026-10-10T00:08:24,1010,Assets:Bank:PenFed FBO Operating Cash,35.67,0.00,Waterfall Settlement Sweep - SCMA-FOUNDER (HMAC: AUTHENTICATE...)
VOUCHER-20261009-00472,2026-10-10T00:08:24,3010,Equity:Members:SCMA-FOUNDER,0.00,35.67,Waterfall Settlement Sweep - SCMA-FOUNDER (HMAC: AUTHENTICATE...)
VOUCHER-20261009-00473,2026-10-10T00:08:24,1010,Assets:Bank:PenFed FBO Operating Cash,30.53,0.00,Waterfall Settlement Sweep - SCMA-MEM-0001 (HMAC: AUTHENTICATE...)
VOUCHER-20261009-00473,2026-10-10T00:08:24,3020,Equity:Members:SCMA-MEM-0001,0.00,30.53,Waterfall Settlement Sweep - SCMA-MEM-0001 (HMAC: AUTHENTICATE...)
VOUCHER-20261009-00474,2026-10-10T00:08:24,1010,Assets:Bank:PenFed FBO Operating Cash,35.67,0.00,Waterfall Settlement Sweep - SCMA-FOUNDER (HMAC: AUTHENTICATE...)
VOUCHER-20261009-00474,2026-10-10T00:08:24,3010,Equity:Members:SCMA-FOUNDER,0.00,35.67,Waterfall Settlement Sweep - SCMA-FOUNDER (HMAC: AUTHENTICATE...)
VOUCHER-20261009-00475,2026-10-10T00:08:24,1010,Assets:Bank:PenFed FBO Operating Cash,30.53,0.00,Waterfall Settlement Sweep - SCMA-MEM-0001 (HMAC: AUTHENTICATE...)
VOUCHER-20261009-00475,2026-10-10T00:08:24,3020,Equity:Members:SCMA-MEM-0001,0.00,30.53,Waterfall Settlement Sweep - SCMA-MEM-0001 (HMAC: AUTHENTICATE...)
VOUCHER-20261009-00476,2026-10-10T00:08:24,1010,Assets:Bank:PenFed FBO Operating Cash,35.67,0.00,Waterfall Settlement Sweep - SCMA-FOUNDER (HMAC: AUTHENTICATE...)
VOUCHER-20261009-00476,2026-10-10T00:08:24,3010,Equity:Members:SCMA-FOUNDER,0.00,35.67,Waterfall Settlement Sweep - SCMA-FOUNDER (HMAC: AUTHENTICATE...)
VOUCHER-20261009-00477,2026-10-10T00:08:24,1010,Assets:Bank:PenFed FBO Operating Cash,30.53,0.00,Waterfall Settlement Sweep - SCMA-MEM-0001 (HMAC: AUTHENTICATE...)
VOUCHER-20261009-00477,2026-10-10T00:08:24,3020,Equity:Members:SCMA-MEM-0001,0.00,30.53,Waterfall Settlement Sweep - SCMA-MEM-0001 (HMAC: AUTHENTICATE...)
VOUCHER-20261009-00478,2026-10-10T00:08:24,1010,Assets:Bank:PenFed FBO Operating Cash,35.67,0.00,Waterfall Settlement Sweep - SCMA-FOUNDER (HMAC: AUTHENTICATE...)
VOUCHER-20261009-00478,2026-10-10T00:08:24,3010,Equity:Members:SCMA-FOUNDER,0.00,35.67,Waterfall Settlement Sweep - SCMA-FOUNDER (HMAC: AUTHENTICATE...)
VOUCHER-20261009-00479,2026-10-10T00:08:24,1010,Assets:Bank:PenFed FBO Operating Cash,30.53,0.00,Waterfall Settlement Sweep - SCMA-MEM-0001 (HMAC: AUTHENTICATE...)
VOUCHER-20261009-00479,2026-10-10T00:08:24,3020,Equity:Members:SCMA-MEM-0001,0.00,30.53,Waterfall Settlement Sweep - SCMA-MEM-0001 (HMAC: AUTHENTICATE...)
VOUCHER-20261009-00480,2026-10-10T00:08:24,1010,Assets:Bank:PenFed FBO Operating Cash,35.67,0.00,Waterfall Settlement Sweep - SCMA-FOUNDER (HMAC: AUTHENTICATE...)
VOUCHER-20261009-00480,2026-10-10T00:08:24,3010,Equity:Members:SCMA-FOUNDER,0.00,35.67,Waterfall Settlement Sweep - SCMA-FOUNDER (HMAC: AUTHENTICATE...)
VOUCHER-20261009-00481,2026-10-10T00:08:24,1010,Assets:Bank:PenFed FBO Operating Cash,30.53,0.00,Waterfall Settlement Sweep - SCMA-MEM-0001 (HMAC: AUTHENTICATE...)
VOUCHER-20261009-00481,2026-10-10T00:08:24,3020,Equity:Members:SCMA-MEM-0001,0.00,30.53,Waterfall Settlement Sweep - SCMA-MEM-0001 (HMAC: AUTHENTICATE...)
VOUCHER-20261009-00482,2026-10-10T00:08:24,1010,Assets:Bank:PenFed FBO Operating Cash,35.67,0.00,Waterfall Settlement Sweep - SCMA-FOUNDER (HMAC: AUTHENTICATE...)
VOUCHER-20261009-00482,2026-10-10T00:08:24,3010,Equity:Members:SCMA-FOUNDER,0.00,35.67,Waterfall Settlement Sweep - SCMA-FOUNDER (HMAC: AUTHENTICATE...)
VOUCHER-20261009-00483,2026-10-10T00:08:24,1010,Assets:Bank:PenFed FBO Operating Cash,30.53,0.00,Waterfall Settlement Sweep - SCMA-MEM-0001 (HMAC: AUTHENTICATE...)
VOUCHER-20261009-00483,2026-10-10T00:08:24,3020,Equity:Members:SCMA-MEM-0001,0.00,30.53,Waterfall Settlement Sweep - SCMA-MEM-0001 (HMAC: AUTHENTICATE...)
VOUCHER-20261009-00484,2026-10-10T00:08:24,1010,Assets:Bank:PenFed FBO Operating Cash,35.67,0.00,Waterfall Settlement Sweep - SCMA-FOUNDER (HMAC: AUTHENTICATE...)
VOUCHER-20261009-00484,2026-10-10T00:08:24,3010,Equity:Members:SCMA-FOUNDER,0.00,35.67,Waterfall Settlement Sweep - SCMA-FOUNDER (HMAC: AUTHENTICATE...)
VOUCHER-20261009-00485,2026-10-10T00:08:24,1010,Assets:Bank:PenFed FBO Operating Cash,30.53,0.00,Waterfall Settlement Sweep - SCMA-MEM-0001 (HMAC: AUTHENTICATE...)
VOUCHER-20261009-00485,2026-10-10T00:08:24,3020,Equity:Members:SCMA-MEM-0001,0.00,30.53,Waterfall Settlement Sweep - SCMA-MEM-0001 (HMAC: AUTHENTICATE...)
VOUCHER-20261009-00486,2026-10-10T00:08:24,1010,Assets:Bank:PenFed FBO Operating Cash,35.67,0.00,Waterfall Settlement Sweep - SCMA-FOUNDER (HMAC: AUTHENTICATE...)
VOUCHER-20261009-00486,2026-10-10T00:08:24,3010,Equity:Members:SCMA-FOUNDER,0.00,35.67,Waterfall Settlement Sweep - SCMA-FOUNDER (HMAC: AUTHENTICATE...)
VOUCHER-20261009-00487,2026-10-10T00:08:24,1010,Assets:Bank:PenFed FBO Operating Cash,30.53,0.00,Waterfall Settlement Sweep - SCMA-MEM-0001 (HMAC: AUTHENTICATE...)
VOUCHER-20261009-00487,2026-10-10T00:08:24,3020,Equity:Members:SCMA-MEM-0001,0.00,30.53,Waterfall Settlement Sweep - SCMA-MEM-0001 (HMAC: AUTHENTICATE...)
VOUCHER-20261009-00488,2026-10-10T00:08:24,1010,Assets:Bank:PenFed FBO Operating Cash,35.67,0.00,Waterfall Settlement Sweep - SCMA-FOUNDER (HMAC: AUTHENTICATE...)
VOUCHER-20261009-00488,2026-10-10T00:08:24,3010,Equity:Members:SCMA-FOUNDER,0.00,35.67,Waterfall Settlement Sweep - SCMA-FOUNDER (HMAC: AUTHENTICATE...)
VOUCHER-20261009-00489,2026-10-10T00:08:24,1010,Assets:Bank:PenFed FBO Operating Cash,30.53,0.00,Waterfall Settlement Sweep - SCMA-MEM-0001 (HMAC: AUTHENTICATE...)
VOUCHER-20261009-00489,2026-10-10T00:08:24,3020,Equity:Members:SCMA-MEM-0001,0.00,30.53,Waterfall Settlement Sweep - SCMA-MEM-0001 (HMAC: AUTHENTICATE...)
VOUCHER-20261009-00490,2026-10-10T00:08:24,1010,Assets:Bank:PenFed FBO Operating Cash,35.67,0.00,Waterfall Settlement Sweep - SCMA-FOUNDER (HMAC: AUTHENTICATE...)
VOUCHER-20261009-00490,2026-10-10T00:08:24,3010,Equity:Members:SCMA-FOUNDER,0.00,35.67,Waterfall Settlement Sweep - SCMA-FOUNDER (HMAC: AUTHENTICATE...)
VOUCHER-20261009-00491,2026-10-10T00:08:24,1010,Assets:Bank:PenFed FBO Operating Cash,30.53,0.00,Waterfall Settlement Sweep - SCMA-MEM-0001 (HMAC: AUTHENTICATE...)
VOUCHER-20261009-00491,2026-10-10T00:08:24,3020,Equity:Members:SCMA-MEM-0001,0.00,30.53,Waterfall Settlement Sweep - SCMA-MEM-0001 (HMAC: AUTHENTICATE...)
VOUCHER-20261009-00492,2026-10-10T00:08:24,1010,Assets:Bank:PenFed FBO Operating Cash,35.67,0.00,Waterfall Settlement Sweep - SCMA-FOUNDER (HMAC: AUTHENTICATE...)
VOUCHER-20261009-00492,2026-10-10T00:08:24,3010,Equity:Members:SCMA-FOUNDER,0.00,35.67,Waterfall Settlement Sweep - SCMA-FOUNDER (HMAC: AUTHENTICATE...)
VOUCHER-20261009-00493,2026-10-10T00:08:24,1010,Assets:Bank:PenFed FBO Operating Cash,30.53,0.00,Waterfall Settlement Sweep - SCMA-MEM-0001 (HMAC: AUTHENTICATE...)
VOUCHER-20261009-00493,2026-10-10T00:08:24,3020,Equity:Members:SCMA-MEM-0001,0.00,30.53,Waterfall Settlement Sweep - SCMA-MEM-0001 (HMAC: AUTHENTICATE...)
VOUCHER-20261009-00494,2026-10-10T00:08:24,1010,Assets:Bank:PenFed FBO Operating Cash,35.67,0.00,Waterfall Settlement Sweep - SCMA-FOUNDER (HMAC: AUTHENTICATE...)
VOUCHER-20261009-00494,2026-10-10T00:08:24,3010,Equity:Members:SCMA-FOUNDER,0.00,35.67,Waterfall Settlement Sweep - SCMA-FOUNDER (HMAC: AUTHENTICATE...)
VOUCHER-20261009-00495,2026-10-10T00:08:24,1010,Assets:Bank:PenFed FBO Operating Cash,30.53,0.00,Waterfall Settlement Sweep - SCMA-MEM-0001 (HMAC: AUTHENTICATE...)
VOUCHER-20261009-00495,2026-10-10T00:08:24,3020,Equity:Members:SCMA-MEM-0001,0.00,30.53,Waterfall Settlement Sweep - SCMA-MEM-0001 (HMAC: AUTHENTICATE...)
VOUCHER-20261009-00496,2026-10-10T00:08:24,1010,Assets:Bank:PenFed FBO Operating Cash,35.67,0.00,Waterfall Settlement Sweep - SCMA-FOUNDER (HMAC: AUTHENTICATE...)
VOUCHER-20261009-00496,2026-10-10T00:08:24,3010,Equity:Members:SCMA-FOUNDER,0.00,35.67,Waterfall Settlement Sweep - SCMA-FOUNDER (HMAC: AUTHENTICATE...)
VOUCHER-20261009-00497,2026-10-10T00:08:24,1010,Assets:Bank:PenFed FBO Operating Cash,30.53,0.00,Waterfall Settlement Sweep - SCMA-MEM-0001 (HMAC: AUTHENTICATE...)
VOUCHER-20261009-00497,2026-10-10T00:08:24,3020,Equity:Members:SCMA-MEM-0001,0.00,30.53,Waterfall Settlement Sweep - SCMA-MEM-0001 (HMAC: AUTHENTICATE...)
VOUCHER-20261009-00498,2026-10-10T00:08:24,1010,Assets:Bank:PenFed FBO Operating Cash,35.67,0.00,Waterfall Settlement Sweep - SCMA-FOUNDER (HMAC: AUTHENTICATE...)
VOUCHER-20261009-00498,2026-10-10T00:08:24,3010,Equity:Members:SCMA-FOUNDER,0.00,35.67,Waterfall Settlement Sweep - SCMA-FOUNDER (HMAC: AUTHENTICATE...)
VOUCHER-20261009-00499,2026-10-10T00:08:24,1010,Assets:Bank:PenFed FBO Operating Cash,30.53,0.00,Waterfall Settlement Sweep - SCMA-MEM-0001 (HMAC: AUTHENTICATE...)
VOUCHER-20261009-00499,2026-10-10T00:08:24,3020,Equity:Members:SCMA-MEM-0001,0.00,30.53,Waterfall Settlement Sweep - SCMA-MEM-0001 (HMAC: AUTHENTICATE...)
VOUCHER-20261009-00500,2026-10-10T00:08:24,1010,Assets:Bank:PenFed FBO Operating Cash,35.67,0.00,Waterfall Settlement Sweep - SCMA-FOUNDER (HMAC: AUTHENTICATE...)
VOUCHER-20261009-00500,2026-10-10T00:08:24,3010,Equity:Members:SCMA-FOUNDER,0.00,35.67,Waterfall Settlement Sweep - SCMA-FOUNDER (HMAC: AUTHENTICATE...)
VOUCHER-20261009-00501,2026-10-10T00:08:24,1010,Assets:Bank:PenFed FBO Operating Cash,30.53,0.00,Waterfall Settlement Sweep - SCMA-MEM-0001 (HMAC: AUTHENTICATE...)
VOUCHER-20261009-00501,2026-10-10T00:08:24,3020,Equity:Members:SCMA-MEM-0001,0.00,30.53,Waterfall Settlement Sweep - SCMA-MEM-0001 (HMAC: AUTHENTICATE...)
VOUCHER-20261009-00502,2026-10-10T00:08:24,1010,Assets:Bank:PenFed FBO Operating Cash,35.67,0.00,Waterfall Settlement Sweep - SCMA-FOUNDER (HMAC: AUTHENTICATE...)
VOUCHER-20261009-00502,2026-10-10T00:08:24,3010,Equity:Members:SCMA-FOUNDER,0.00,35.67,Waterfall Settlement Sweep - SCMA-FOUNDER (HMAC: AUTHENTICATE...)
VOUCHER-20261009-00503,2026-10-10T00:08:24,1010,Assets:Bank:PenFed FBO Operating Cash,30.53,0.00,Waterfall Settlement Sweep - SCMA-MEM-0001 (HMAC: AUTHENTICATE...)
VOUCHER-20261009-00503,2026-10-10T00:08:24,3020,Equity:Members:SCMA-MEM-0001,0.00,30.53,Waterfall Settlement Sweep - SCMA-MEM-0001 (HMAC: AUTHENTICATE...)
VOUCHER-20261009-00504,2026-10-10T00:08:24,1010,Assets:Bank:PenFed FBO Operating Cash,35.67,0.00,Waterfall Settlement Sweep - SCMA-FOUNDER (HMAC: AUTHENTICATE...)
VOUCHER-20261009-00504,2026-10-10T00:08:24,3010,Equity:Members:SCMA-FOUNDER,0.00,35.67,Waterfall Settlement Sweep - SCMA-FOUNDER (HMAC: AUTHENTICATE...)
VOUCHER-20261009-00505,2026-10-10T00:08:24,1010,Assets:Bank:PenFed FBO Operating Cash,30.53,0.00,Waterfall Settlement Sweep - SCMA-MEM-0001 (HMAC: AUTHENTICATE...)
VOUCHER-20261009-00505,2026-10-10T00:08:24,3020,Equity:Members:SCMA-MEM-0001,0.00,30.53,Waterfall Settlement Sweep - SCMA-MEM-0001 (HMAC: AUTHENTICATE...)
VOUCHER-20261009-00506,2026-10-10T00:08:24,1010,Assets:Bank:PenFed FBO Operating Cash,35.67,0.00,Waterfall Settlement Sweep - SCMA-FOUNDER (HMAC: AUTHENTICATE...)
VOUCHER-20261009-00506,2026-10-10T00:08:24,3010,Equity:Members:SCMA-FOUNDER,0.00,35.67,Waterfall Settlement Sweep - SCMA-FOUNDER (HMAC: AUTHENTICATE...)
VOUCHER-20261009-00507,2026-10-10T00:08:24,1010,Assets:Bank:PenFed FBO Operating Cash,30.53,0.00,Waterfall Settlement Sweep - SCMA-MEM-0001 (HMAC: AUTHENTICATE...)
VOUCHER-20261009-00507,2026-10-10T00:08:24,3020,Equity:Members:SCMA-MEM-0001,0.00,30.53,Waterfall Settlement Sweep - SCMA-MEM-0001 (HMAC: AUTHENTICATE...)
VOUCHER-20261009-00508,2026-10-10T00:08:24,1010,Assets:Bank:PenFed FBO Operating Cash,35.67,0.00,Waterfall Settlement Sweep - SCMA-FOUNDER (HMAC: AUTHENTICATE...)
VOUCHER-20261009-00508,2026-10-10T00:08:24,3010,Equity:Members:SCMA-FOUNDER,0.00,35.67,Waterfall Settlement Sweep - SCMA-FOUNDER (HMAC: AUTHENTICATE...)
VOUCHER-20261009-00509,2026-10-10T00:08:24,1010,Assets:Bank:PenFed FBO Operating Cash,30.53,0.00,Waterfall Settlement Sweep - SCMA-MEM-0001 (HMAC: AUTHENTICATE...)
VOUCHER-20261009-00509,2026-10-10T00:08:24,3020,Equity:Members:SCMA-MEM-0001,0.00,30.53,Waterfall Settlement Sweep - SCMA-MEM-0001 (HMAC: AUTHENTICATE...)
VOUCHER-20261009-00510,2026-10-10T11:38:07,1010,Assets:Bank:PenFed FBO Operating Cash,35.67,0.00,Waterfall Settlement Sweep - SCMA-FOUNDER (HMAC: AUTHENTICATE...)
VOUCHER-20261009-00510,2026-10-10T11:38:07,3010,Equity:Members:SCMA-FOUNDER,0.00,35.67,Waterfall Settlement Sweep - SCMA-FOUNDER (HMAC: AUTHENTICATE...)
VOUCHER-20261009-00511,2026-10-10T11:38:07,1010,Assets:Bank:PenFed FBO Operating Cash,30.53,0.00,Waterfall Settlement Sweep - SCMA-MEM-0001 (HMAC: AUTHENTICATE...)
VOUCHER-20261009-00511,2026-10-10T11:38:07,3020,Equity:Members:SCMA-MEM-0001,0.00,30.53,Waterfall Settlement Sweep - SCMA-MEM-0001 (HMAC: AUTHENTICATE...)
VOUCHER-20261009-00512,2026-10-10T11:38:07,1010,Assets:Bank:PenFed FBO Operating Cash,35.67,0.00,Waterfall Settlement Sweep - SCMA-FOUNDER (HMAC: AUTHENTICATE...)
VOUCHER-20261009-00512,2026-10-10T11:38:07,3010,Equity:Members:SCMA-FOUNDER,0.00,35.67,Waterfall Settlement Sweep - SCMA-FOUNDER (HMAC: AUTHENTICATE...)
VOUCHER-20261009-00513,2026-10-10T11:38:07,1010,Assets:Bank:PenFed FBO Operating Cash,30.53,0.00,Waterfall Settlement Sweep - SCMA-MEM-0001 (HMAC: AUTHENTICATE...)
VOUCHER-20261009-00513,2026-10-10T11:38:07,3020,Equity:Members:SCMA-MEM-0001,0.00,30.53,Waterfall Settlement Sweep - SCMA-MEM-0001 (HMAC: AUTHENTICATE...)
VOUCHER-20261009-00514,2026-10-10T11:38:07,1010,Assets:Bank:PenFed FBO Operating Cash,35.67,0.00,Waterfall Settlement Sweep - SCMA-FOUNDER (HMAC: AUTHENTICATE...)
VOUCHER-20261009-00514,2026-10-10T11:38:07,3010,Equity:Members:SCMA-FOUNDER,0.00,35.67,Waterfall Settlement Sweep - SCMA-FOUNDER (HMAC: AUTHENTICATE...)
VOUCHER-20261009-00515,2026-10-10T11:38:07,1010,Assets:Bank:PenFed FBO Operating Cash,30.53,0.00,Waterfall Settlement Sweep - SCMA-MEM-0001 (HMAC: AUTHENTICATE...)
VOUCHER-20261009-00515,2026-10-10T11:38:07,3020,Equity:Members:SCMA-MEM-0001,0.00,30.53,Waterfall Settlement Sweep - SCMA-MEM-0001 (HMAC: AUTHENTICATE...)
VOUCHER-20261009-00516,2026-10-10T11:38:07,1010,Assets:Bank:PenFed FBO Operating Cash,35.67,0.00,Waterfall Settlement Sweep - SCMA-FOUNDER (HMAC: AUTHENTICATE...)
VOUCHER-20261009-00516,2026-10-10T11:38:07,3010,Equity:Members:SCMA-FOUNDER,0.00,35.67,Waterfall Settlement Sweep - SCMA-FOUNDER (HMAC: AUTHENTICATE...)
VOUCHER-20261009-00517,2026-10-10T11:38:07,1010,Assets:Bank:PenFed FBO Operating Cash,30.53,0.00,Waterfall Settlement Sweep - SCMA-MEM-0001 (HMAC: AUTHENTICATE...)
VOUCHER-20261009-00517,2026-10-10T11:38:07,3020,Equity:Members:SCMA-MEM-0001,0.00,30.53,Waterfall Settlement Sweep - SCMA-MEM-0001 (HMAC: AUTHENTICATE...)
VOUCHER-20261009-00518,2026-10-10T11:38:07,1010,Assets:Bank:PenFed FBO Operating Cash,35.67,0.00,Waterfall Settlement Sweep - SCMA-FOUNDER (HMAC: AUTHENTICATE...)
VOUCHER-20261009-00518,2026-10-10T11:38:07,3010,Equity:Members:SCMA-FOUNDER,0.00,35.67,Waterfall Settlement Sweep - SCMA-FOUNDER (HMAC: AUTHENTICATE...)
VOUCHER-20261009-00519,2026-10-10T11:38:07,1010,Assets:Bank:PenFed FBO Operating Cash,30.53,0.00,Waterfall Settlement Sweep - SCMA-MEM-0001 (HMAC: AUTHENTICATE...)
VOUCHER-20261009-00519,2026-10-10T11:38:07,3020,Equity:Members:SCMA-MEM-0001,0.00,30.53,Waterfall Settlement Sweep - SCMA-MEM-0001 (HMAC: AUTHENTICATE...)
VOUCHER-20261009-00520,2026-10-10T11:38:07,1010,Assets:Bank:PenFed FBO Operating Cash,35.67,0.00,Waterfall Settlement Sweep - SCMA-FOUNDER (HMAC: AUTHENTICATE...)
VOUCHER-20261009-00520,2026-10-10T11:38:07,3010,Equity:Members:SCMA-FOUNDER,0.00,35.67,Waterfall Settlement Sweep - SCMA-FOUNDER (HMAC: AUTHENTICATE...)
VOUCHER-20261009-00521,2026-10-10T11:38:07,1010,Assets:Bank:PenFed FBO Operating Cash,30.53,0.00,Waterfall Settlement Sweep - SCMA-MEM-0001 (HMAC: AUTHENTICATE...)
VOUCHER-20261009-00521,2026-10-10T11:38:07,3020,Equity:Members:SCMA-MEM-0001,0.00,30.53,Waterfall Settlement Sweep - SCMA-MEM-0001 (HMAC: AUTHENTICATE...)
VOUCHER-20261009-00522,2026-10-10T11:38:07,1010,Assets:Bank:PenFed FBO Operating Cash,35.67,0.00,Waterfall Settlement Sweep - SCMA-FOUNDER (HMAC: AUTHENTICATE...)
VOUCHER-20261009-00522,2026-10-10T11:38:07,3010,Equity:Members:SCMA-FOUNDER,0.00,35.67,Waterfall Settlement Sweep - SCMA-FOUNDER (HMAC: AUTHENTICATE...)
VOUCHER-20261009-00523,2026-10-10T11:38:07,1010,Assets:Bank:PenFed FBO Operating Cash,30.53,0.00,Waterfall Settlement Sweep - SCMA-MEM-0001 (HMAC: AUTHENTICATE...)
VOUCHER-20261009-00523,2026-10-10T11:38:07,3020,Equity:Members:SCMA-MEM-0001,0.00,30.53,Waterfall Settlement Sweep - SCMA-MEM-0001 (HMAC: AUTHENTICATE...)
VOUCHER-20261009-00524,2026-10-10T11:38:07,1010,Assets:Bank:PenFed FBO Operating Cash,35.67,0.00,Waterfall Settlement Sweep - SCMA-FOUNDER (HMAC: AUTHENTICATE...)
VOUCHER-20261009-00524,2026-10-10T11:38:07,3010,Equity:Members:SCMA-FOUNDER,0.00,35.67,Waterfall Settlement Sweep - SCMA-FOUNDER (HMAC: AUTHENTICATE...)
VOUCHER-20261009-00525,2026-10-10T11:38:07,1010,Assets:Bank:PenFed FBO Operating Cash,30.53,0.00,Waterfall Settlement Sweep - SCMA-MEM-0001 (HMAC: AUTHENTICATE...)
VOUCHER-20261009-00525,2026-10-10T11:38:07,3020,Equity:Members:SCMA-MEM-0001,0.00,30.53,Waterfall Settlement Sweep - SCMA-MEM-0001 (HMAC: AUTHENTICATE...)
VOUCHER-20261009-00526,2026-10-10T11:38:07,1010,Assets:Bank:PenFed FBO Operating Cash,35.67,0.00,Waterfall Settlement Sweep - SCMA-FOUNDER (HMAC: AUTHENTICATE...)
VOUCHER-20261009-00526,2026-10-10T11:38:07,3010,Equity:Members:SCMA-FOUNDER,0.00,35.67,Waterfall Settlement Sweep - SCMA-FOUNDER (HMAC: AUTHENTICATE...)
VOUCHER-20261009-00527,2026-10-10T11:38:07,1010,Assets:Bank:PenFed FBO Operating Cash,30.53,0.00,Waterfall Settlement Sweep - SCMA-MEM-0001 (HMAC: AUTHENTICATE...)
VOUCHER-20261009-00527,2026-10-10T11:38:07,3020,Equity:Members:SCMA-MEM-0001,0.00,30.53,Waterfall Settlement Sweep - SCMA-MEM-0001 (HMAC: AUTHENTICATE...)
VOUCHER-20261009-00528,2026-10-10T11:38:07,1010,Assets:Bank:PenFed FBO Operating Cash,35.67,0.00,Waterfall Settlement Sweep - SCMA-FOUNDER (HMAC: AUTHENTICATE...)
VOUCHER-20261009-00528,2026-10-10T11:38:07,3010,Equity:Members:SCMA-FOUNDER,0.00,35.67,Waterfall Settlement Sweep - SCMA-FOUNDER (HMAC: AUTHENTICATE...)
VOUCHER-20261009-00529,2026-10-10T11:38:07,1010,Assets:Bank:PenFed FBO Operating Cash,30.53,0.00,Waterfall Settlement Sweep - SCMA-MEM-0001 (HMAC: AUTHENTICATE...)
VOUCHER-20261009-00529,2026-10-10T11:38:07,3020,Equity:Members:SCMA-MEM-0001,0.00,30.53,Waterfall Settlement Sweep - SCMA-MEM-0001 (HMAC: AUTHENTICATE...)
VOUCHER-20261009-00530,2026-10-10T11:38:07,1010,Assets:Bank:PenFed FBO Operating Cash,35.67,0.00,Waterfall Settlement Sweep - SCMA-FOUNDER (HMAC: AUTHENTICATE...)
VOUCHER-20261009-00530,2026-10-10T11:38:07,3010,Equity:Members:SCMA-FOUNDER,0.00,35.67,Waterfall Settlement Sweep - SCMA-FOUNDER (HMAC: AUTHENTICATE...)
VOUCHER-20261009-00531,2026-10-10T11:38:07,1010,Assets:Bank:PenFed FBO Operating Cash,30.53,0.00,Waterfall Settlement Sweep - SCMA-MEM-0001 (HMAC: AUTHENTICATE...)
VOUCHER-20261009-00531,2026-10-10T11:38:07,3020,Equity:Members:SCMA-MEM-0001,0.00,30.53,Waterfall Settlement Sweep - SCMA-MEM-0001 (HMAC: AUTHENTICATE...)
VOUCHER-20261009-00532,2026-10-10T11:38:07,1010,Assets:Bank:PenFed FBO Operating Cash,35.67,0.00,Waterfall Settlement Sweep - SCMA-FOUNDER (HMAC: AUTHENTICATE...)
VOUCHER-20261009-00532,2026-10-10T11:38:07,3010,Equity:Members:SCMA-FOUNDER,0.00,35.67,Waterfall Settlement Sweep - SCMA-FOUNDER (HMAC: AUTHENTICATE...)
VOUCHER-20261009-00533,2026-10-10T11:38:07,1010,Assets:Bank:PenFed FBO Operating Cash,30.53,0.00,Waterfall Settlement Sweep - SCMA-MEM-0001 (HMAC: AUTHENTICATE...)
VOUCHER-20261009-00533,2026-10-10T11:38:07,3020,Equity:Members:SCMA-MEM-0001,0.00,30.53,Waterfall Settlement Sweep - SCMA-MEM-0001 (HMAC: AUTHENTICATE...)
VOUCHER-20261009-00534,2026-10-10T11:38:07,1010,Assets:Bank:PenFed FBO Operating Cash,35.67,0.00,Waterfall Settlement Sweep - SCMA-FOUNDER (HMAC: AUTHENTICATE...)
VOUCHER-20261009-00534,2026-10-10T11:38:07,3010,Equity:Members:SCMA-FOUNDER,0.00,35.67,Waterfall Settlement Sweep - SCMA-FOUNDER (HMAC: AUTHENTICATE...)
VOUCHER-20261009-00535,2026-10-10T11:38:07,1010,Assets:Bank:PenFed FBO Operating Cash,30.53,0.00,Waterfall Settlement Sweep - SCMA-MEM-0001 (HMAC: AUTHENTICATE...)
VOUCHER-20261009-00535,2026-10-10T11:38:07,3020,Equity:Members:SCMA-MEM-0001,0.00,30.53,Waterfall Settlement Sweep - SCMA-MEM-0001 (HMAC: AUTHENTICATE...)
VOUCHER-20261009-00536,2026-10-10T11:38:07,1010,Assets:Bank:PenFed FBO Operating Cash,35.67,0.00,Waterfall Settlement Sweep - SCMA-FOUNDER (HMAC: AUTHENTICATE...)
VOUCHER-20261009-00536,2026-10-10T11:38:07,3010,Equity:Members:SCMA-FOUNDER,0.00,35.67,Waterfall Settlement Sweep - SCMA-FOUNDER (HMAC: AUTHENTICATE...)
VOUCHER-20261009-00537,2026-10-10T11:38:07,1010,Assets:Bank:PenFed FBO Operating Cash,30.53,0.00,Waterfall Settlement Sweep - SCMA-MEM-0001 (HMAC: AUTHENTICATE...)
VOUCHER-20261009-00537,2026-10-10T11:38:07,3020,Equity:Members:SCMA-MEM-0001,0.00,30.53,Waterfall Settlement Sweep - SCMA-MEM-0001 (HMAC: AUTHENTICATE...)
VOUCHER-20261009-00538,2026-10-10T11:38:07,1010,Assets:Bank:PenFed FBO Operating Cash,35.67,0.00,Waterfall Settlement Sweep - SCMA-FOUNDER (HMAC: AUTHENTICATE...)
VOUCHER-20261009-00538,2026-10-10T11:38:07,3010,Equity:Members:SCMA-FOUNDER,0.00,35.67,Waterfall Settlement Sweep - SCMA-FOUNDER (HMAC: AUTHENTICATE...)
VOUCHER-20261009-00539,2026-10-10T11:38:07,1010,Assets:Bank:PenFed FBO Operating Cash,30.53,0.00,Waterfall Settlement Sweep - SCMA-MEM-0001 (HMAC: AUTHENTICATE...)
VOUCHER-20261009-00539,2026-10-10T11:38:07,3020,Equity:Members:SCMA-MEM-0001,0.00,30.53,Waterfall Settlement Sweep - SCMA-MEM-0001 (HMAC: AUTHENTICATE...)
VOUCHER-20261009-00540,2026-10-10T11:38:07,1010,Assets:Bank:PenFed FBO Operating Cash,35.67,0.00,Waterfall Settlement Sweep - SCMA-FOUNDER (HMAC: AUTHENTICATE...)
VOUCHER-20261009-00540,2026-10-10T11:38:07,3010,Equity:Members:SCMA-FOUNDER,0.00,35.67,Waterfall Settlement Sweep - SCMA-FOUNDER (HMAC: AUTHENTICATE...)
VOUCHER-20261009-00541,2026-10-10T11:38:07,1010,Assets:Bank:PenFed FBO Operating Cash,30.53,0.00,Waterfall Settlement Sweep - SCMA-MEM-0001 (HMAC: AUTHENTICATE...)
VOUCHER-20261009-00541,2026-10-10T11:38:07,3020,Equity:Members:SCMA-MEM-0001,0.00,30.53,Waterfall Settlement Sweep - SCMA-MEM-0001 (HMAC: AUTHENTICATE...)
VOUCHER-20261009-00542,2026-10-10T11:38:07,1010,Assets:Bank:PenFed FBO Operating Cash,35.67,0.00,Waterfall Settlement Sweep - SCMA-FOUNDER (HMAC: AUTHENTICATE...)
VOUCHER-20261009-00542,2026-10-10T11:38:07,3010,Equity:Members:SCMA-FOUNDER,0.00,35.67,Waterfall Settlement Sweep - SCMA-FOUNDER (HMAC: AUTHENTICATE...)
VOUCHER-20261009-00543,2026-10-10T11:38:07,1010,Assets:Bank:PenFed FBO Operating Cash,30.53,0.00,Waterfall Settlement Sweep - SCMA-MEM-0001 (HMAC: AUTHENTICATE...)
VOUCHER-20261009-00543,2026-10-10T11:38:07,3020,Equity:Members:SCMA-MEM-0001,0.00,30.53,Waterfall Settlement Sweep - SCMA-MEM-0001 (HMAC: AUTHENTICATE...)
VOUCHER-20261009-00544,2026-10-10T11:38:07,1010,Assets:Bank:PenFed FBO Operating Cash,35.67,0.00,Waterfall Settlement Sweep - SCMA-FOUNDER (HMAC: AUTHENTICATE...)
VOUCHER-20261009-00544,2026-10-10T11:38:07,3010,Equity:Members:SCMA-FOUNDER,0.00,35.67,Waterfall Settlement Sweep - SCMA-FOUNDER (HMAC: AUTHENTICATE...)
VOUCHER-20261009-00545,2026-10-10T11:38:07,1010,Assets:Bank:PenFed FBO Operating Cash,30.53,0.00,Waterfall Settlement Sweep - SCMA-MEM-0001 (HMAC: AUTHENTICATE...)
VOUCHER-20261009-00545,2026-10-10T11:38:07,3020,Equity:Members:SCMA-MEM-0001,0.00,30.53,Waterfall Settlement Sweep - SCMA-MEM-0001 (HMAC: AUTHENTICATE...)
VOUCHER-20261009-00546,2026-10-10T11:38:07,1010,Assets:Bank:PenFed FBO Operating Cash,35.67,0.00,Waterfall Settlement Sweep - SCMA-FOUNDER (HMAC: AUTHENTICATE...)
VOUCHER-20261009-00546,2026-10-10T11:38:07,3010,Equity:Members:SCMA-FOUNDER,0.00,35.67,Waterfall Settlement Sweep - SCMA-FOUNDER (HMAC: AUTHENTICATE...)
VOUCHER-20261009-00547,2026-10-10T11:38:07,1010,Assets:Bank:PenFed FBO Operating Cash,30.53,0.00,Waterfall Settlement Sweep - SCMA-MEM-0001 (HMAC: AUTHENTICATE...)
VOUCHER-20261009-00547,2026-10-10T11:38:07,3020,Equity:Members:SCMA-MEM-0001,0.00,30.53,Waterfall Settlement Sweep - SCMA-MEM-0001 (HMAC: AUTHENTICATE...)
VOUCHER-20261009-00548,2026-10-10T11:38:07,1010,Assets:Bank:PenFed FBO Operating Cash,35.67,0.00,Waterfall Settlement Sweep - SCMA-FOUNDER (HMAC: AUTHENTICATE...)
VOUCHER-20261009-00548,2026-10-10T11:38:07,3010,Equity:Members:SCMA-FOUNDER,0.00,35.67,Waterfall Settlement Sweep - SCMA-FOUNDER (HMAC: AUTHENTICATE...)
VOUCHER-20261009-00549,2026-10-10T11:38:07,1010,Assets:Bank:PenFed FBO Operating Cash,30.53,0.00,Waterfall Settlement Sweep - SCMA-MEM-0001 (HMAC: AUTHENTICATE...)
VOUCHER-20261009-00549,2026-10-10T11:38:07,3020,Equity:Members:SCMA-MEM-0001,0.00,30.53,Waterfall Settlement Sweep - SCMA-MEM-0001 (HMAC: AUTHENTICATE...)
VOUCHER-20261009-00550,2026-10-10T11:38:07,1010,Assets:Bank:PenFed FBO Operating Cash,35.67,0.00,Waterfall Settlement Sweep - SCMA-FOUNDER (HMAC: AUTHENTICATE...)
VOUCHER-20261009-00550,2026-10-10T11:38:07,3010,Equity:Members:SCMA-FOUNDER,0.00,35.67,Waterfall Settlement Sweep - SCMA-FOUNDER (HMAC: AUTHENTICATE...)
VOUCHER-20261009-00551,2026-10-10T11:38:07,1010,Assets:Bank:PenFed FBO Operating Cash,30.53,0.00,Waterfall Settlement Sweep - SCMA-MEM-0001 (HMAC: AUTHENTICATE...)
VOUCHER-20261009-00551,2026-10-10T11:38:07,3020,Equity:Members:SCMA-MEM-0001,0.00,30.53,Waterfall Settlement Sweep - SCMA-MEM-0001 (HMAC: AUTHENTICATE...)
VOUCHER-20261009-00552,2026-10-10T11:38:07,1010,Assets:Bank:PenFed FBO Operating Cash,35.67,0.00,Waterfall Settlement Sweep - SCMA-FOUNDER (HMAC: AUTHENTICATE...)
VOUCHER-20261009-00552,2026-10-10T11:38:07,3010,Equity:Members:SCMA-FOUNDER,0.00,35.67,Waterfall Settlement Sweep - SCMA-FOUNDER (HMAC: AUTHENTICATE...)
VOUCHER-20261009-00553,2026-10-10T11:38:07,1010,Assets:Bank:PenFed FBO Operating Cash,30.53,0.00,Waterfall Settlement Sweep - SCMA-MEM-0001 (HMAC: AUTHENTICATE...)
VOUCHER-20261009-00553,2026-10-10T11:38:07,3020,Equity:Members:SCMA-MEM-0001,0.00,30.53,Waterfall Settlement Sweep - SCMA-MEM-0001 (HMAC: AUTHENTICATE...)
VOUCHER-20261009-00554,2026-10-10T11:38:07,1010,Assets:Bank:PenFed FBO Operating Cash,35.67,0.00,Waterfall Settlement Sweep - SCMA-FOUNDER (HMAC: AUTHENTICATE...)
VOUCHER-20261009-00554,2026-10-10T11:38:07,3010,Equity:Members:SCMA-FOUNDER,0.00,35.67,Waterfall Settlement Sweep - SCMA-FOUNDER (HMAC: AUTHENTICATE...)
VOUCHER-20261009-00555,2026-10-10T11:38:07,1010,Assets:Bank:PenFed FBO Operating Cash,30.53,0.00,Waterfall Settlement Sweep - SCMA-MEM-0001 (HMAC: AUTHENTICATE...)
VOUCHER-20261009-00555,2026-10-10T11:38:07,3020,Equity:Members:SCMA-MEM-0001,0.00,30.53,Waterfall Settlement Sweep - SCMA-MEM-0001 (HMAC: AUTHENTICATE...)
VOUCHER-20261009-00556,2026-10-10T11:38:07,1010,Assets:Bank:PenFed FBO Operating Cash,35.67,0.00,Waterfall Settlement Sweep - SCMA-FOUNDER (HMAC: AUTHENTICATE...)
VOUCHER-20261009-00556,2026-10-10T11:38:07,3010,Equity:Members:SCMA-FOUNDER,0.00,35.67,Waterfall Settlement Sweep - SCMA-FOUNDER (HMAC: AUTHENTICATE...)
VOUCHER-20261009-00557,2026-10-10T11:38:07,1010,Assets:Bank:PenFed FBO Operating Cash,30.53,0.00,Waterfall Settlement Sweep - SCMA-MEM-0001 (HMAC: AUTHENTICATE...)
VOUCHER-20261009-00557,2026-10-10T11:38:07,3020,Equity:Members:SCMA-MEM-0001,0.00,30.53,Waterfall Settlement Sweep - SCMA-MEM-0001 (HMAC: AUTHENTICATE...)
VOUCHER-20261009-00558,2026-10-10T11:38:07,1010,Assets:Bank:PenFed FBO Operating Cash,35.67,0.00,Waterfall Settlement Sweep - SCMA-FOUNDER (HMAC: AUTHENTICATE...)
VOUCHER-20261009-00558,2026-10-10T11:38:07,3010,Equity:Members:SCMA-FOUNDER,0.00,35.67,Waterfall Settlement Sweep - SCMA-FOUNDER (HMAC: AUTHENTICATE...)
VOUCHER-20261009-00559,2026-10-10T11:38:07,1010,Assets:Bank:PenFed FBO Operating Cash,30.53,0.00,Waterfall Settlement Sweep - SCMA-MEM-0001 (HMAC: AUTHENTICATE...)
VOUCHER-20261009-00559,2026-10-10T11:38:07,3020,Equity:Members:SCMA-MEM-0001,0.00,30.53,Waterfall Settlement Sweep - SCMA-MEM-0001 (HMAC: AUTHENTICATE...)
VOUCHER-20261009-00560,2026-10-10T11:38:07,1010,Assets:Bank:PenFed FBO Operating Cash,35.67,0.00,Waterfall Settlement Sweep - SCMA-FOUNDER (HMAC: AUTHENTICATE...)
VOUCHER-20261009-00560,2026-10-10T11:38:07,3010,Equity:Members:SCMA-FOUNDER,0.00,35.67,Waterfall Settlement Sweep - SCMA-FOUNDER (HMAC: AUTHENTICATE...)
VOUCHER-20261009-00561,2026-10-10T11:38:07,1010,Assets:Bank:PenFed FBO Operating Cash,30.53,0.00,Waterfall Settlement Sweep - SCMA-MEM-0001 (HMAC: AUTHENTICATE...)
VOUCHER-20261009-00561,2026-10-10T11:38:07,3020,Equity:Members:SCMA-MEM-0001,0.00,30.53,Waterfall Settlement Sweep - SCMA-MEM-0001 (HMAC: AUTHENTICATE...)
VOUCHER-20261009-00562,2026-10-10T11:38:07,1010,Assets:Bank:PenFed FBO Operating Cash,35.67,0.00,Waterfall Settlement Sweep - SCMA-FOUNDER (HMAC: AUTHENTICATE...)
VOUCHER-20261009-00562,2026-10-10T11:38:07,3010,Equity:Members:SCMA-FOUNDER,0.00,35.67,Waterfall Settlement Sweep - SCMA-FOUNDER (HMAC: AUTHENTICATE...)
VOUCHER-20261009-00563,2026-10-10T11:38:07,1010,Assets:Bank:PenFed FBO Operating Cash,30.53,0.00,Waterfall Settlement Sweep - SCMA-MEM-0001 (HMAC: AUTHENTICATE...)
VOUCHER-20261009-00563,2026-10-10T11:38:07,3020,Equity:Members:SCMA-MEM-0001,0.00,30.53,Waterfall Settlement Sweep - SCMA-MEM-0001 (HMAC: AUTHENTICATE...)
VOUCHER-20261009-00564,2026-10-10T11:38:07,1010,Assets:Bank:PenFed FBO Operating Cash,35.67,0.00,Waterfall Settlement Sweep - SCMA-FOUNDER (HMAC: AUTHENTICATE...)
VOUCHER-20261009-00564,2026-10-10T11:38:07,3010,Equity:Members:SCMA-FOUNDER,0.00,35.67,Waterfall Settlement Sweep - SCMA-FOUNDER (HMAC: AUTHENTICATE...)
VOUCHER-20261009-00565,2026-10-10T11:38:07,1010,Assets:Bank:PenFed FBO Operating Cash,30.53,0.00,Waterfall Settlement Sweep - SCMA-MEM-0001 (HMAC: AUTHENTICATE...)
VOUCHER-20261009-00565,2026-10-10T11:38:07,3020,Equity:Members:SCMA-MEM-0001,0.00,30.53,Waterfall Settlement Sweep - SCMA-MEM-0001 (HMAC: AUTHENTICATE...)
VOUCHER-20261009-00566,2026-10-10T11:38:07,1010,Assets:Bank:PenFed FBO Operating Cash,35.67,0.00,Waterfall Settlement Sweep - SCMA-FOUNDER (HMAC: AUTHENTICATE...)
VOUCHER-20261009-00566,2026-10-10T11:38:07,3010,Equity:Members:SCMA-FOUNDER,0.00,35.67,Waterfall Settlement Sweep - SCMA-FOUNDER (HMAC: AUTHENTICATE...)
VOUCHER-20261009-00567,2026-10-10T11:38:07,1010,Assets:Bank:PenFed FBO Operating Cash,30.53,0.00,Waterfall Settlement Sweep - SCMA-MEM-0001 (HMAC: AUTHENTICATE...)
VOUCHER-20261009-00567,2026-10-10T11:38:07,3020,Equity:Members:SCMA-MEM-0001,0.00,30.53,Waterfall Settlement Sweep - SCMA-MEM-0001 (HMAC: AUTHENTICATE...)
VOUCHER-20261009-00568,2026-10-10T11:38:07,1010,Assets:Bank:PenFed FBO Operating Cash,35.67,0.00,Waterfall Settlement Sweep - SCMA-FOUNDER (HMAC: AUTHENTICATE...)
VOUCHER-20261009-00568,2026-10-10T11:38:07,3010,Equity:Members:SCMA-FOUNDER,0.00,35.67,Waterfall Settlement Sweep - SCMA-FOUNDER (HMAC: AUTHENTICATE...)
VOUCHER-20261009-00569,2026-10-10T11:38:07,1010,Assets:Bank:PenFed FBO Operating Cash,30.53,0.00,Waterfall Settlement Sweep - SCMA-MEM-0001 (HMAC: AUTHENTICATE...)
VOUCHER-20261009-00569,2026-10-10T11:38:07,3020,Equity:Members:SCMA-MEM-0001,0.00,30.53,Waterfall Settlement Sweep - SCMA-MEM-0001 (HMAC: AUTHENTICATE...)
VOUCHER-20261009-00570,2026-10-10T11:38:07,1010,Assets:Bank:PenFed FBO Operating Cash,35.67,0.00,Waterfall Settlement Sweep - SCMA-FOUNDER (HMAC: AUTHENTICATE...)
VOUCHER-20261009-00570,2026-10-10T11:38:07,3010,Equity:Members:SCMA-FOUNDER,0.00,35.67,Waterfall Settlement Sweep - SCMA-FOUNDER (HMAC: AUTHENTICATE...)
VOUCHER-20261009-00571,2026-10-10T11:38:07,1010,Assets:Bank:PenFed FBO Operating Cash,30.53,0.00,Waterfall Settlement Sweep - SCMA-MEM-0001 (HMAC: AUTHENTICATE...)
VOUCHER-20261009-00571,2026-10-10T11:38:07,3020,Equity:Members:SCMA-MEM-0001,0.00,30.53,Waterfall Settlement Sweep - SCMA-MEM-0001 (HMAC: AUTHENTICATE...)
VOUCHER-20261009-00572,2026-10-10T11:38:07,1010,Assets:Bank:PenFed FBO Operating Cash,35.67,0.00,Waterfall Settlement Sweep - SCMA-FOUNDER (HMAC: AUTHENTICATE...)
VOUCHER-20261009-00572,2026-10-10T11:38:07,3010,Equity:Members:SCMA-FOUNDER,0.00,35.67,Waterfall Settlement Sweep - SCMA-FOUNDER (HMAC: AUTHENTICATE...)
VOUCHER-20261009-00573,2026-10-10T11:38:07,1010,Assets:Bank:PenFed FBO Operating Cash,30.53,0.00,Waterfall Settlement Sweep - SCMA-MEM-0001 (HMAC: AUTHENTICATE...)
VOUCHER-20261009-00573,2026-10-10T11:38:07,3020,Equity:Members:SCMA-MEM-0001,0.00,30.53,Waterfall Settlement Sweep - SCMA-MEM-0001 (HMAC: AUTHENTICATE...)
VOUCHER-20261009-00574,2026-10-10T11:38:07,1010,Assets:Bank:PenFed FBO Operating Cash,35.67,0.00,Waterfall Settlement Sweep - SCMA-FOUNDER (HMAC: AUTHENTICATE...)
VOUCHER-20261009-00574,2026-10-10T11:38:07,3010,Equity:Members:SCMA-FOUNDER,0.00,35.67,Waterfall Settlement Sweep - SCMA-FOUNDER (HMAC: AUTHENTICATE...)
VOUCHER-20261009-00575,2026-10-10T11:38:07,1010,Assets:Bank:PenFed FBO Operating Cash,30.53,0.00,Waterfall Settlement Sweep - SCMA-MEM-0001 (HMAC: AUTHENTICATE...)
VOUCHER-20261009-00575,2026-10-10T11:38:07,3020,Equity:Members:SCMA-MEM-0001,0.00,30.53,Waterfall Settlement Sweep - SCMA-MEM-0001 (HMAC: AUTHENTICATE...)
VOUCHER-20261009-00576,2026-10-10T11:38:07,1010,Assets:Bank:PenFed FBO Operating Cash,35.67,0.00,Waterfall Settlement Sweep - SCMA-FOUNDER (HMAC: AUTHENTICATE...)
VOUCHER-20261009-00576,2026-10-10T11:38:07,3010,Equity:Members:SCMA-FOUNDER,0.00,35.67,Waterfall Settlement Sweep - SCMA-FOUNDER (HMAC: AUTHENTICATE...)
VOUCHER-20261009-00577,2026-10-10T11:38:07,1010,Assets:Bank:PenFed FBO Operating Cash,30.53,0.00,Waterfall Settlement Sweep - SCMA-MEM-0001 (HMAC: AUTHENTICATE...)
VOUCHER-20261009-00577,2026-10-10T11:38:07,3020,Equity:Members:SCMA-MEM-0001,0.00,30.53,Waterfall Settlement Sweep - SCMA-MEM-0001 (HMAC: AUTHENTICATE...)
VOUCHER-20261009-00578,2026-10-10T11:38:07,1010,Assets:Bank:PenFed FBO Operating Cash,35.67,0.00,Waterfall Settlement Sweep - SCMA-FOUNDER (HMAC: AUTHENTICATE...)
VOUCHER-20261009-00578,2026-10-10T11:38:07,3010,Equity:Members:SCMA-FOUNDER,0.00,35.67,Waterfall Settlement Sweep - SCMA-FOUNDER (HMAC: AUTHENTICATE...)
VOUCHER-20261009-00579,2026-10-10T11:38:07,1010,Assets:Bank:PenFed FBO Operating Cash,30.53,0.00,Waterfall Settlement Sweep - SCMA-MEM-0001 (HMAC: AUTHENTICATE...)
VOUCHER-20261009-00579,2026-10-10T11:38:07,3020,Equity:Members:SCMA-MEM-0001,0.00,30.53,Waterfall Settlement Sweep - SCMA-MEM-0001 (HMAC: AUTHENTICATE...)
VOUCHER-20261009-00580,2026-10-10T11:38:07,1010,Assets:Bank:PenFed FBO Operating Cash,35.67,0.00,Waterfall Settlement Sweep - SCMA-FOUNDER (HMAC: AUTHENTICATE...)
VOUCHER-20261009-00580,2026-10-10T11:38:07,3010,Equity:Members:SCMA-FOUNDER,0.00,35.67,Waterfall Settlement Sweep - SCMA-FOUNDER (HMAC: AUTHENTICATE...)
VOUCHER-20261009-00581,2026-10-10T11:38:07,1010,Assets:Bank:PenFed FBO Operating Cash,30.53,0.00,Waterfall Settlement Sweep - SCMA-MEM-0001 (HMAC: AUTHENTICATE...)
VOUCHER-20261009-00581,2026-10-10T11:38:07,3020,Equity:Members:SCMA-MEM-0001,0.00,30.53,Waterfall Settlement Sweep - SCMA-MEM-0001 (HMAC: AUTHENTICATE...)
VOUCHER-20261009-00582,2026-10-10T11:38:07,1010,Assets:Bank:PenFed FBO Operating Cash,35.67,0.00,Waterfall Settlement Sweep - SCMA-FOUNDER (HMAC: AUTHENTICATE...)
VOUCHER-20261009-00582,2026-10-10T11:38:07,3010,Equity:Members:SCMA-FOUNDER,0.00,35.67,Waterfall Settlement Sweep - SCMA-FOUNDER (HMAC: AUTHENTICATE...)
VOUCHER-20261009-00583,2026-10-10T11:38:07,1010,Assets:Bank:PenFed FBO Operating Cash,30.53,0.00,Waterfall Settlement Sweep - SCMA-MEM-0001 (HMAC: AUTHENTICATE...)
VOUCHER-20261009-00583,2026-10-10T11:38:07,3020,Equity:Members:SCMA-MEM-0001,0.00,30.53,Waterfall Settlement Sweep - SCMA-MEM-0001 (HMAC: AUTHENTICATE...)
VOUCHER-20261009-00584,2026-10-10T11:38:07,1010,Assets:Bank:PenFed FBO Operating Cash,35.67,0.00,Waterfall Settlement Sweep - SCMA-FOUNDER (HMAC: AUTHENTICATE...)
VOUCHER-20261009-00584,2026-10-10T11:38:07,3010,Equity:Members:SCMA-FOUNDER,0.00,35.67,Waterfall Settlement Sweep - SCMA-FOUNDER (HMAC: AUTHENTICATE...)
VOUCHER-20261009-00585,2026-10-10T11:38:07,1010,Assets:Bank:PenFed FBO Operating Cash,35.67,0.00,Waterfall Settlement Sweep - SCMA-FOUNDER (HMAC: AUTHENTICATE...)
VOUCHER-20261009-00585,2026-10-10T11:38:07,3010,Equity:Members:SCMA-FOUNDER,0.00,35.67,Waterfall Settlement Sweep - SCMA-FOUNDER (HMAC: AUTHENTICATE...)
VOUCHER-20261009-00586,2026-10-10T11:38:07,1010,Assets:Bank:PenFed FBO Operating Cash,30.53,0.00,Waterfall Settlement Sweep - SCMA-MEM-0001 (HMAC: AUTHENTICATE...)
VOUCHER-20261009-00586,2026-10-10T11:38:07,3020,Equity:Members:SCMA-MEM-0001,0.00,30.53,Waterfall Settlement Sweep - SCMA-MEM-0001 (HMAC: AUTHENTICATE...)
VOUCHER-20261009-00587,2026-10-10T11:38:07,1010,Assets:Bank:PenFed FBO Operating Cash,35.67,0.00,Waterfall Settlement Sweep - SCMA-FOUNDER (HMAC: AUTHENTICATE...)
VOUCHER-20261009-00587,2026-10-10T11:38:07,3010,Equity:Members:SCMA-FOUNDER,0.00,35.67,Waterfall Settlement Sweep - SCMA-FOUNDER (HMAC: AUTHENTICATE...)
VOUCHER-20261009-00588,2026-10-10T11:38:07,1010,Assets:Bank:PenFed FBO Operating Cash,30.53,0.00,Waterfall Settlement Sweep - SCMA-MEM-0001 (HMAC: AUTHENTICATE...)
VOUCHER-20261009-00588,2026-10-10T11:38:07,3020,Equity:Members:SCMA-MEM-0001,0.00,30.53,Waterfall Settlement Sweep - SCMA-MEM-0001 (HMAC: AUTHENTICATE...)
VOUCHER-20261009-00589,2026-10-10T11:38:07,1010,Assets:Bank:PenFed FBO Operating Cash,35.67,0.00,Waterfall Settlement Sweep - SCMA-FOUNDER (HMAC: AUTHENTICATE...)
VOUCHER-20261009-00589,2026-10-10T11:38:07,3010,Equity:Members:SCMA-FOUNDER,0.00,35.67,Waterfall Settlement Sweep - SCMA-FOUNDER (HMAC: AUTHENTICATE...)
VOUCHER-20261009-00590,2026-10-10T11:38:07,1010,Assets:Bank:PenFed FBO Operating Cash,30.53,0.00,Waterfall Settlement Sweep - SCMA-MEM-0001 (HMAC: AUTHENTICATE...)
VOUCHER-20261009-00590,2026-10-10T11:38:07,3020,Equity:Members:SCMA-MEM-0001,0.00,30.53,Waterfall Settlement Sweep - SCMA-MEM-0001 (HMAC: AUTHENTICATE...)
VOUCHER-20261009-00591,2026-10-10T11:38:07,1010,Assets:Bank:PenFed FBO Operating Cash,35.67,0.00,Waterfall Settlement Sweep - SCMA-FOUNDER (HMAC: AUTHENTICATE...)
VOUCHER-20261009-00591,2026-10-10T11:38:07,3010,Equity:Members:SCMA-FOUNDER,0.00,35.67,Waterfall Settlement Sweep - SCMA-FOUNDER (HMAC: AUTHENTICATE...)
VOUCHER-20261009-00592,2026-10-10T11:38:07,1010,Assets:Bank:PenFed FBO Operating Cash,30.53,0.00,Waterfall Settlement Sweep - SCMA-MEM-0001 (HMAC: AUTHENTICATE...)
VOUCHER-20261009-00592,2026-10-10T11:38:07,3020,Equity:Members:SCMA-MEM-0001,0.00,30.53,Waterfall Settlement Sweep - SCMA-MEM-0001 (HMAC: AUTHENTICATE...)
VOUCHER-20261009-00593,2026-10-10T11:38:07,1010,Assets:Bank:PenFed FBO Operating Cash,35.67,0.00,Waterfall Settlement Sweep - SCMA-FOUNDER (HMAC: AUTHENTICATE...)
VOUCHER-20261009-00593,2026-10-10T11:38:07,3010,Equity:Members:SCMA-FOUNDER,0.00,35.67,Waterfall Settlement Sweep - SCMA-FOUNDER (HMAC: AUTHENTICATE...)
VOUCHER-20261009-00594,2026-10-10T11:38:07,1010,Assets:Bank:PenFed FBO Operating Cash,30.53,0.00,Waterfall Settlement Sweep - SCMA-MEM-0001 (HMAC: AUTHENTICATE...)
VOUCHER-20261009-00594,2026-10-10T11:38:07,3020,Equity:Members:SCMA-MEM-0001,0.00,30.53,Waterfall Settlement Sweep - SCMA-MEM-0001 (HMAC: AUTHENTICATE...)
VOUCHER-20261009-00595,2026-10-10T11:38:07,1010,Assets:Bank:PenFed FBO Operating Cash,35.67,0.00,Waterfall Settlement Sweep - SCMA-FOUNDER (HMAC: AUTHENTICATE...)
VOUCHER-20261009-00595,2026-10-10T11:38:07,3010,Equity:Members:SCMA-FOUNDER,0.00,35.67,Waterfall Settlement Sweep - SCMA-FOUNDER (HMAC: AUTHENTICATE...)
VOUCHER-20261009-00596,2026-10-10T11:38:07,1010,Assets:Bank:PenFed FBO Operating Cash,30.53,0.00,Waterfall Settlement Sweep - SCMA-MEM-0001 (HMAC: AUTHENTICATE...)
VOUCHER-20261009-00596,2026-10-10T11:38:07,3020,Equity:Members:SCMA-MEM-0001,0.00,30.53,Waterfall Settlement Sweep - SCMA-MEM-0001 (HMAC: AUTHENTICATE...)
VOUCHER-20261009-00597,2026-10-10T11:38:07,1010,Assets:Bank:PenFed FBO Operating Cash,35.67,0.00,Waterfall Settlement Sweep - SCMA-FOUNDER (HMAC: AUTHENTICATE...)
VOUCHER-20261009-00597,2026-10-10T11:38:07,3010,Equity:Members:SCMA-FOUNDER,0.00,35.67,Waterfall Settlement Sweep - SCMA-FOUNDER (HMAC: AUTHENTICATE...)
VOUCHER-20261009-00598,2026-10-10T11:38:07,1010,Assets:Bank:PenFed FBO Operating Cash,30.53,0.00,Waterfall Settlement Sweep - SCMA-MEM-0001 (HMAC: AUTHENTICATE...)
VOUCHER-20261009-00598,2026-10-10T11:38:07,3020,Equity:Members:SCMA-MEM-0001,0.00,30.53,Waterfall Settlement Sweep - SCMA-MEM-0001 (HMAC: AUTHENTICATE...)
VOUCHER-20261009-00599,2026-10-10T11:38:07,1010,Assets:Bank:PenFed FBO Operating Cash,35.67,0.00,Waterfall Settlement Sweep - SCMA-FOUNDER (HMAC: AUTHENTICATE...)
VOUCHER-20261009-00599,2026-10-10T11:38:07,3010,Equity:Members:SCMA-FOUNDER,0.00,35.67,Waterfall Settlement Sweep - SCMA-FOUNDER (HMAC: AUTHENTICATE...)
VOUCHER-20261009-00600,2026-10-10T11:38:07,1010,Assets:Bank:PenFed FBO Operating Cash,30.53,0.00,Waterfall Settlement Sweep - SCMA-MEM-0001 (HMAC: AUTHENTICATE...)
VOUCHER-20261009-00600,2026-10-10T11:38:07,3020,Equity:Members:SCMA-MEM-0001,0.00,30.53,Waterfall Settlement Sweep - SCMA-MEM-0001 (HMAC: AUTHENTICATE...)
VOUCHER-20261009-00601,2026-10-10T11:38:07,1010,Assets:Bank:PenFed FBO Operating Cash,35.67,0.00,Waterfall Settlement Sweep - SCMA-FOUNDER (HMAC: AUTHENTICATE...)
VOUCHER-20261009-00601,2026-10-10T11:38:07,3010,Equity:Members:SCMA-FOUNDER,0.00,35.67,Waterfall Settlement Sweep - SCMA-FOUNDER (HMAC: AUTHENTICATE...)
VOUCHER-20261009-00602,2026-10-10T11:38:07,1010,Assets:Bank:PenFed FBO Operating Cash,30.53,0.00,Waterfall Settlement Sweep - SCMA-MEM-0001 (HMAC: AUTHENTICATE...)
VOUCHER-20261009-00602,2026-10-10T11:38:07,3020,Equity:Members:SCMA-MEM-0001,0.00,30.53,Waterfall Settlement Sweep - SCMA-MEM-0001 (HMAC: AUTHENTICATE...)
VOUCHER-20261009-00603,2026-10-10T11:38:07,1010,Assets:Bank:PenFed FBO Operating Cash,35.67,0.00,Waterfall Settlement Sweep - SCMA-FOUNDER (HMAC: AUTHENTICATE...)
VOUCHER-20261009-00603,2026-10-10T11:38:07,3010,Equity:Members:SCMA-FOUNDER,0.00,35.67,Waterfall Settlement Sweep - SCMA-FOUNDER (HMAC: AUTHENTICATE...)
VOUCHER-20261009-00604,2026-10-10T11:38:07,1010,Assets:Bank:PenFed FBO Operating Cash,30.53,0.00,Waterfall Settlement Sweep - SCMA-MEM-0001 (HMAC: AUTHENTICATE...)
VOUCHER-20261009-00604,2026-10-10T11:38:07,3020,Equity:Members:SCMA-MEM-0001,0.00,30.53,Waterfall Settlement Sweep - SCMA-MEM-0001 (HMAC: AUTHENTICATE...)
VOUCHER-20261009-00605,2026-10-10T11:38:07,1010,Assets:Bank:PenFed FBO Operating Cash,35.67,0.00,Waterfall Settlement Sweep - SCMA-FOUNDER (HMAC: AUTHENTICATE...)
VOUCHER-20261009-00605,2026-10-10T11:38:07,3010,Equity:Members:SCMA-FOUNDER,0.00,35.67,Waterfall Settlement Sweep - SCMA-FOUNDER (HMAC: AUTHENTICATE...)
VOUCHER-20261009-00606,2026-10-10T11:38:07,1010,Assets:Bank:PenFed FBO Operating Cash,30.53,0.00,Waterfall Settlement Sweep - SCMA-MEM-0001 (HMAC: AUTHENTICATE...)
VOUCHER-20261009-00606,2026-10-10T11:38:07,3020,Equity:Members:SCMA-MEM-0001,0.00,30.53,Waterfall Settlement Sweep - SCMA-MEM-0001 (HMAC: AUTHENTICATE...)
VOUCHER-20261009-00607,2026-10-10T11:38:07,1010,Assets:Bank:PenFed FBO Operating Cash,35.67,0.00,Waterfall Settlement Sweep - SCMA-FOUNDER (HMAC: AUTHENTICATE...)
VOUCHER-20261009-00607,2026-10-10T11:38:07,3010,Equity:Members:SCMA-FOUNDER,0.00,35.67,Waterfall Settlement Sweep - SCMA-FOUNDER (HMAC: AUTHENTICATE...)
VOUCHER-20261009-00608,2026-10-10T11:38:07,1010,Assets:Bank:PenFed FBO Operating Cash,30.53,0.00,Waterfall Settlement Sweep - SCMA-MEM-0001 (HMAC: AUTHENTICATE...)
VOUCHER-20261009-00608,2026-10-10T11:38:07,3020,Equity:Members:SCMA-MEM-0001,0.00,30.53,Waterfall Settlement Sweep - SCMA-MEM-0001 (HMAC: AUTHENTICATE...)
VOUCHER-20261009-00609,2026-10-10T11:38:07,1010,Assets:Bank:PenFed FBO Operating Cash,35.67,0.00,Waterfall Settlement Sweep - SCMA-FOUNDER (HMAC: AUTHENTICATE...)
VOUCHER-20261009-00609,2026-10-10T11:38:07,3010,Equity:Members:SCMA-FOUNDER,0.00,35.67,Waterfall Settlement Sweep - SCMA-FOUNDER (HMAC: AUTHENTICATE...)
VOUCHER-20261009-00610,2026-10-10T11:38:07,1010,Assets:Bank:PenFed FBO Operating Cash,30.53,0.00,Waterfall Settlement Sweep - SCMA-MEM-0001 (HMAC: AUTHENTICATE...)
VOUCHER-20261009-00610,2026-10-10T11:38:07,3020,Equity:Members:SCMA-MEM-0001,0.00,30.53,Waterfall Settlement Sweep - SCMA-MEM-0001 (HMAC: AUTHENTICATE...)
VOUCHER-20261009-00611,2026-10-10T11:38:07,1010,Assets:Bank:PenFed FBO Operating Cash,35.67,0.00,Waterfall Settlement Sweep - SCMA-FOUNDER (HMAC: AUTHENTICATE...)
VOUCHER-20261009-00611,2026-10-10T11:38:07,3010,Equity:Members:SCMA-FOUNDER,0.00,35.67,Waterfall Settlement Sweep - SCMA-FOUNDER (HMAC: AUTHENTICATE...)
VOUCHER-20261009-00612,2026-10-10T11:38:07,1010,Assets:Bank:PenFed FBO Operating Cash,30.53,0.00,Waterfall Settlement Sweep - SCMA-MEM-0001 (HMAC: AUTHENTICATE...)
VOUCHER-20261009-00612,2026-10-10T11:38:07,3020,Equity:Members:SCMA-MEM-0001,0.00,30.53,Waterfall Settlement Sweep - SCMA-MEM-0001 (HMAC: AUTHENTICATE...)
VOUCHER-20261009-00613,2026-10-10T11:38:07,1010,Assets:Bank:PenFed FBO Operating Cash,35.67,0.00,Waterfall Settlement Sweep - SCMA-FOUNDER (HMAC: AUTHENTICATE...)
VOUCHER-20261009-00613,2026-10-10T11:38:07,3010,Equity:Members:SCMA-FOUNDER,0.00,35.67,Waterfall Settlement Sweep - SCMA-FOUNDER (HMAC: AUTHENTICATE...)
VOUCHER-20261009-00614,2026-10-10T11:38:07,1010,Assets:Bank:PenFed FBO Operating Cash,30.53,0.00,Waterfall Settlement Sweep - SCMA-MEM-0001 (HMAC: AUTHENTICATE...)
VOUCHER-20261009-00614,2026-10-10T11:38:07,3020,Equity:Members:SCMA-MEM-0001,0.00,30.53,Waterfall Settlement Sweep - SCMA-MEM-0001 (HMAC: AUTHENTICATE...)
VOUCHER-20261009-00615,2026-10-10T11:38:07,1010,Assets:Bank:PenFed FBO Operating Cash,35.67,0.00,Waterfall Settlement Sweep - SCMA-FOUNDER (HMAC: AUTHENTICATE...)
VOUCHER-20261009-00615,2026-10-10T11:38:07,3010,Equity:Members:SCMA-FOUNDER,0.00,35.67,Waterfall Settlement Sweep - SCMA-FOUNDER (HMAC: AUTHENTICATE...)
VOUCHER-20261009-00616,2026-10-10T11:38:07,1010,Assets:Bank:PenFed FBO Operating Cash,30.53,0.00,Waterfall Settlement Sweep - SCMA-MEM-0001 (HMAC: AUTHENTICATE...)
VOUCHER-20261009-00616,2026-10-10T11:38:07,3020,Equity:Members:SCMA-MEM-0001,0.00,30.53,Waterfall Settlement Sweep - SCMA-MEM-0001 (HMAC: AUTHENTICATE...)
VOUCHER-20261009-00617,2026-10-10T11:38:07,1010,Assets:Bank:PenFed FBO Operating Cash,35.67,0.00,Waterfall Settlement Sweep - SCMA-FOUNDER (HMAC: AUTHENTICATE...)
VOUCHER-20261009-00617,2026-10-10T11:38:07,3010,Equity:Members:SCMA-FOUNDER,0.00,35.67,Waterfall Settlement Sweep - SCMA-FOUNDER (HMAC: AUTHENTICATE...)
VOUCHER-20261009-00618,2026-10-10T11:38:07,1010,Assets:Bank:PenFed FBO Operating Cash,30.53,0.00,Waterfall Settlement Sweep - SCMA-MEM-0001 (HMAC: AUTHENTICATE...)
VOUCHER-20261009-00618,2026-10-10T11:38:07,3020,Equity:Members:SCMA-MEM-0001,0.00,30.53,Waterfall Settlement Sweep - SCMA-MEM-0001 (HMAC: AUTHENTICATE...)
VOUCHER-20261009-00619,2026-10-10T11:38:07,1010,Assets:Bank:PenFed FBO Operating Cash,35.67,0.00,Waterfall Settlement Sweep - SCMA-FOUNDER (HMAC: AUTHENTICATE...)
VOUCHER-20261009-00619,2026-10-10T11:38:07,3010,Equity:Members:SCMA-FOUNDER,0.00,35.67,Waterfall Settlement Sweep - SCMA-FOUNDER (HMAC: AUTHENTICATE...)
VOUCHER-20261009-00620,2026-10-10T11:38:07,1010,Assets:Bank:PenFed FBO Operating Cash,30.53,0.00,Waterfall Settlement Sweep - SCMA-MEM-0001 (HMAC: AUTHENTICATE...)
VOUCHER-20261009-00620,2026-10-10T11:38:07,3020,Equity:Members:SCMA-MEM-0001,0.00,30.53,Waterfall Settlement Sweep - SCMA-MEM-0001 (HMAC: AUTHENTICATE...)
VOUCHER-20261009-00621,2026-10-10T11:38:07,1010,Assets:Bank:PenFed FBO Operating Cash,35.67,0.00,Waterfall Settlement Sweep - SCMA-FOUNDER (HMAC: AUTHENTICATE...)
VOUCHER-20261009-00621,2026-10-10T11:38:07,3010,Equity:Members:SCMA-FOUNDER,0.00,35.67,Waterfall Settlement Sweep - SCMA-FOUNDER (HMAC: AUTHENTICATE...)
VOUCHER-20261009-00622,2026-10-10T11:38:07,1010,Assets:Bank:PenFed FBO Operating Cash,30.53,0.00,Waterfall Settlement Sweep - SCMA-MEM-0001 (HMAC: AUTHENTICATE...)
VOUCHER-20261009-00622,2026-10-10T11:38:07,3020,Equity:Members:SCMA-MEM-0001,0.00,30.53,Waterfall Settlement Sweep - SCMA-MEM-0001 (HMAC: AUTHENTICATE...)
VOUCHER-20261009-00623,2026-10-10T11:38:07,1010,Assets:Bank:PenFed FBO Operating Cash,35.67,0.00,Waterfall Settlement Sweep - SCMA-FOUNDER (HMAC: AUTHENTICATE...)
VOUCHER-20261009-00623,2026-10-10T11:38:07,3010,Equity:Members:SCMA-FOUNDER,0.00,35.67,Waterfall Settlement Sweep - SCMA-FOUNDER (HMAC: AUTHENTICATE...)
VOUCHER-20261009-00624,2026-10-10T11:38:07,1010,Assets:Bank:PenFed FBO Operating Cash,30.53,0.00,Waterfall Settlement Sweep - SCMA-MEM-0001 (HMAC: AUTHENTICATE...)
VOUCHER-20261009-00624,2026-10-10T11:38:07,3020,Equity:Members:SCMA-MEM-0001,0.00,30.53,Waterfall Settlement Sweep - SCMA-MEM-0001 (HMAC: AUTHENTICATE...)
VOUCHER-20261009-00625,2026-10-10T11:38:07,1010,Assets:Bank:PenFed FBO Operating Cash,35.67,0.00,Waterfall Settlement Sweep - SCMA-FOUNDER (HMAC: AUTHENTICATE...)
VOUCHER-20261009-00625,2026-10-10T11:38:07,3010,Equity:Members:SCMA-FOUNDER,0.00,35.67,Waterfall Settlement Sweep - SCMA-FOUNDER (HMAC: AUTHENTICATE...)
VOUCHER-20261009-00626,2026-10-10T11:38:07,1010,Assets:Bank:PenFed FBO Operating Cash,30.53,0.00,Waterfall Settlement Sweep - SCMA-MEM-0001 (HMAC: AUTHENTICATE...)
VOUCHER-20261009-00626,2026-10-10T11:38:07,3020,Equity:Members:SCMA-MEM-0001,0.00,30.53,Waterfall Settlement Sweep - SCMA-MEM-0001 (HMAC: AUTHENTICATE...)
VOUCHER-20261009-00627,2026-10-10T11:38:07,1010,Assets:Bank:PenFed FBO Operating Cash,35.67,0.00,Waterfall Settlement Sweep - SCMA-FOUNDER (HMAC: AUTHENTICATE...)
VOUCHER-20261009-00627,2026-10-10T11:38:07,3010,Equity:Members:SCMA-FOUNDER,0.00,35.67,Waterfall Settlement Sweep - SCMA-FOUNDER (HMAC: AUTHENTICATE...)
VOUCHER-20261009-00628,2026-10-10T11:38:07,1010,Assets:Bank:PenFed FBO Operating Cash,30.53,0.00,Waterfall Settlement Sweep - SCMA-MEM-0001 (HMAC: AUTHENTICATE...)
VOUCHER-20261009-00628,2026-10-10T11:38:07,3020,Equity:Members:SCMA-MEM-0001,0.00,30.53,Waterfall Settlement Sweep - SCMA-MEM-0001 (HMAC: AUTHENTICATE...)
VOUCHER-20261009-00629,2026-10-10T11:38:07,1010,Assets:Bank:PenFed FBO Operating Cash,35.67,0.00,Waterfall Settlement Sweep - SCMA-FOUNDER (HMAC: AUTHENTICATE...)
VOUCHER-20261009-00629,2026-10-10T11:38:07,3010,Equity:Members:SCMA-FOUNDER,0.00,35.67,Waterfall Settlement Sweep - SCMA-FOUNDER (HMAC: AUTHENTICATE...)
VOUCHER-20261009-00630,2026-10-10T11:38:07,1010,Assets:Bank:PenFed FBO Operating Cash,30.53,0.00,Waterfall Settlement Sweep - SCMA-MEM-0001 (HMAC: AUTHENTICATE...)
VOUCHER-20261009-00630,2026-10-10T11:38:07,3020,Equity:Members:SCMA-MEM-0001,0.00,30.53,Waterfall Settlement Sweep - SCMA-MEM-0001 (HMAC: AUTHENTICATE...)
VOUCHER-20261009-00631,2026-10-10T11:38:07,1010,Assets:Bank:PenFed FBO Operating Cash,35.67,0.00,Waterfall Settlement Sweep - SCMA-FOUNDER (HMAC: AUTHENTICATE...)
VOUCHER-20261009-00631,2026-10-10T11:38:07,3010,Equity:Members:SCMA-FOUNDER,0.00,35.67,Waterfall Settlement Sweep - SCMA-FOUNDER (HMAC: AUTHENTICATE...)
VOUCHER-20261009-00632,2026-10-10T11:38:07,1010,Assets:Bank:PenFed FBO Operating Cash,30.53,0.00,Waterfall Settlement Sweep - SCMA-MEM-0001 (HMAC: AUTHENTICATE...)
VOUCHER-20261009-00632,2026-10-10T11:38:07,3020,Equity:Members:SCMA-MEM-0001,0.00,30.53,Waterfall Settlement Sweep - SCMA-MEM-0001 (HMAC: AUTHENTICATE...)
VOUCHER-20261009-00633,2026-10-10T11:38:07,1010,Assets:Bank:PenFed FBO Operating Cash,35.67,0.00,Waterfall Settlement Sweep - SCMA-FOUNDER (HMAC: AUTHENTICATE...)
VOUCHER-20261009-00633,2026-10-10T11:38:07,3010,Equity:Members:SCMA-FOUNDER,0.00,35.67,Waterfall Settlement Sweep - SCMA-FOUNDER (HMAC: AUTHENTICATE...)
VOUCHER-20261009-00634,2026-10-10T11:38:07,1010,Assets:Bank:PenFed FBO Operating Cash,4.35,0.00,Waterfall Settlement Sweep - SCMA-FOUNDER (HMAC: AUTHENTICATE...)
VOUCHER-20261009-00634,2026-10-10T11:38:07,3010,Equity:Members:SCMA-FOUNDER,0.00,4.35,Waterfall Settlement Sweep - SCMA-FOUNDER (HMAC: AUTHENTICATE...)
VOUCHER-20261009-00635,2026-10-10T11:38:07,1010,Assets:Bank:PenFed FBO Operating Cash,35.67,0.00,Waterfall Settlement Sweep - SCMA-FOUNDER (HMAC: AUTHENTICATE...)
VOUCHER-20261009-00635,2026-10-10T11:38:07,3010,Equity:Members:SCMA-FOUNDER,0.00,35.67,Waterfall Settlement Sweep - SCMA-FOUNDER (HMAC: AUTHENTICATE...)
VOUCHER-20261009-00636,2026-10-10T11:38:07,1010,Assets:Bank:PenFed FBO Operating Cash,30.53,0.00,Waterfall Settlement Sweep - SCMA-MEM-0001 (HMAC: AUTHENTICATE...)
VOUCHER-20261009-00636,2026-10-10T11:38:07,3020,Equity:Members:SCMA-MEM-0001,0.00,30.53,Waterfall Settlement Sweep - SCMA-MEM-0001 (HMAC: AUTHENTICATE...)
VOUCHER-20261009-00637,2026-10-10T11:38:07,1010,Assets:Bank:PenFed FBO Operating Cash,35.67,0.00,Waterfall Settlement Sweep - SCMA-FOUNDER (HMAC: AUTHENTICATE...)
VOUCHER-20261009-00637,2026-10-10T11:38:07,3010,Equity:Members:SCMA-FOUNDER,0.00,35.67,Waterfall Settlement Sweep - SCMA-FOUNDER (HMAC: AUTHENTICATE...)
VOUCHER-20261009-00638,2026-10-10T11:38:07,1010,Assets:Bank:PenFed FBO Operating Cash,30.53,0.00,Waterfall Settlement Sweep - SCMA-MEM-0001 (HMAC: AUTHENTICATE...)
VOUCHER-20261009-00638,2026-10-10T11:38:07,3020,Equity:Members:SCMA-MEM-0001,0.00,30.53,Waterfall Settlement Sweep - SCMA-MEM-0001 (HMAC: AUTHENTICATE...)
VOUCHER-20261009-00639,2026-10-10T11:38:07,1010,Assets:Bank:PenFed FBO Operating Cash,35.67,0.00,Waterfall Settlement Sweep - SCMA-FOUNDER (HMAC: AUTHENTICATE...)
VOUCHER-20261009-00639,2026-10-10T11:38:07,3010,Equity:Members:SCMA-FOUNDER,0.00,35.67,Waterfall Settlement Sweep - SCMA-FOUNDER (HMAC: AUTHENTICATE...)
VOUCHER-20261009-00640,2026-10-10T11:38:07,1010,Assets:Bank:PenFed FBO Operating Cash,30.53,0.00,Waterfall Settlement Sweep - SCMA-MEM-0001 (HMAC: AUTHENTICATE...)
VOUCHER-20261009-00640,2026-10-10T11:38:07,3020,Equity:Members:SCMA-MEM-0001,0.00,30.53,Waterfall Settlement Sweep - SCMA-MEM-0001 (HMAC: AUTHENTICATE...)
VOUCHER-20261009-00641,2026-10-10T11:38:07,1010,Assets:Bank:PenFed FBO Operating Cash,35.67,0.00,Waterfall Settlement Sweep - SCMA-FOUNDER (HMAC: AUTHENTICATE...)
VOUCHER-20261009-00641,2026-10-10T11:38:07,3010,Equity:Members:SCMA-FOUNDER,0.00,35.67,Waterfall Settlement Sweep - SCMA-FOUNDER (HMAC: AUTHENTICATE...)
VOUCHER-20261009-00642,2026-10-10T11:38:07,1010,Assets:Bank:PenFed FBO Operating Cash,30.53,0.00,Waterfall Settlement Sweep - SCMA-MEM-0001 (HMAC: AUTHENTICATE...)
VOUCHER-20261009-00642,2026-10-10T11:38:07,3020,Equity:Members:SCMA-MEM-0001,0.00,30.53,Waterfall Settlement Sweep - SCMA-MEM-0001 (HMAC: AUTHENTICATE...)
VOUCHER-20261009-00643,2026-10-10T11:38:07,1010,Assets:Bank:PenFed FBO Operating Cash,35.67,0.00,Waterfall Settlement Sweep - SCMA-FOUNDER (HMAC: AUTHENTICATE...)
VOUCHER-20261009-00643,2026-10-10T11:38:07,3010,Equity:Members:SCMA-FOUNDER,0.00,35.67,Waterfall Settlement Sweep - SCMA-FOUNDER (HMAC: AUTHENTICATE...)
VOUCHER-20261009-00644,2026-10-10T11:38:07,1010,Assets:Bank:PenFed FBO Operating Cash,30.53,0.00,Waterfall Settlement Sweep - SCMA-MEM-0001 (HMAC: AUTHENTICATE...)
VOUCHER-20261009-00644,2026-10-10T11:38:07,3020,Equity:Members:SCMA-MEM-0001,0.00,30.53,Waterfall Settlement Sweep - SCMA-MEM-0001 (HMAC: AUTHENTICATE...)
VOUCHER-20261009-00645,2026-10-10T11:38:07,1010,Assets:Bank:PenFed FBO Operating Cash,35.67,0.00,Waterfall Settlement Sweep - SCMA-FOUNDER (HMAC: AUTHENTICATE...)
VOUCHER-20261009-00645,2026-10-10T11:38:07,3010,Equity:Members:SCMA-FOUNDER,0.00,35.67,Waterfall Settlement Sweep - SCMA-FOUNDER (HMAC: AUTHENTICATE...)
VOUCHER-20261009-00646,2026-10-10T11:38:07,1010,Assets:Bank:PenFed FBO Operating Cash,30.53,0.00,Waterfall Settlement Sweep - SCMA-MEM-0001 (HMAC: AUTHENTICATE...)
VOUCHER-20261009-00646,2026-10-10T11:38:07,3020,Equity:Members:SCMA-MEM-0001,0.00,30.53,Waterfall Settlement Sweep - SCMA-MEM-0001 (HMAC: AUTHENTICATE...)
VOUCHER-20261009-00647,2026-10-10T11:38:07,1010,Assets:Bank:PenFed FBO Operating Cash,35.67,0.00,Waterfall Settlement Sweep - SCMA-FOUNDER (HMAC: AUTHENTICATE...)
VOUCHER-20261009-00647,2026-10-10T11:38:07,3010,Equity:Members:SCMA-FOUNDER,0.00,35.67,Waterfall Settlement Sweep - SCMA-FOUNDER (HMAC: AUTHENTICATE...)
VOUCHER-20261009-00648,2026-10-10T11:38:07,1010,Assets:Bank:PenFed FBO Operating Cash,30.53,0.00,Waterfall Settlement Sweep - SCMA-MEM-0001 (HMAC: AUTHENTICATE...)
VOUCHER-20261009-00648,2026-10-10T11:38:07,3020,Equity:Members:SCMA-MEM-0001,0.00,30.53,Waterfall Settlement Sweep - SCMA-MEM-0001 (HMAC: AUTHENTICATE...)
VOUCHER-20261009-00649,2026-10-10T11:38:07,1010,Assets:Bank:PenFed FBO Operating Cash,35.67,0.00,Waterfall Settlement Sweep - SCMA-FOUNDER (HMAC: AUTHENTICATE...)
VOUCHER-20261009-00649,2026-10-10T11:38:07,3010,Equity:Members:SCMA-FOUNDER,0.00,35.67,Waterfall Settlement Sweep - SCMA-FOUNDER (HMAC: AUTHENTICATE...)
VOUCHER-20261009-00650,2026-10-10T11:38:07,1010,Assets:Bank:PenFed FBO Operating Cash,30.53,0.00,Waterfall Settlement Sweep - SCMA-MEM-0001 (HMAC: AUTHENTICATE...)
VOUCHER-20261009-00650,2026-10-10T11:38:07,3020,Equity:Members:SCMA-MEM-0001,0.00,30.53,Waterfall Settlement Sweep - SCMA-MEM-0001 (HMAC: AUTHENTICATE...)
VOUCHER-20261009-00651,2026-10-10T11:38:07,1010,Assets:Bank:PenFed FBO Operating Cash,35.67,0.00,Waterfall Settlement Sweep - SCMA-FOUNDER (HMAC: AUTHENTICATE...)
VOUCHER-20261009-00651,2026-10-10T11:38:07,3010,Equity:Members:SCMA-FOUNDER,0.00,35.67,Waterfall Settlement Sweep - SCMA-FOUNDER (HMAC: AUTHENTICATE...)
VOUCHER-20261009-00652,2026-10-10T11:38:07,1010,Assets:Bank:PenFed FBO Operating Cash,30.53,0.00,Waterfall Settlement Sweep - SCMA-MEM-0001 (HMAC: AUTHENTICATE...)
VOUCHER-20261009-00652,2026-10-10T11:38:07,3020,Equity:Members:SCMA-MEM-0001,0.00,30.53,Waterfall Settlement Sweep - SCMA-MEM-0001 (HMAC: AUTHENTICATE...)
VOUCHER-20261009-00653,2026-10-10T11:38:07,1010,Assets:Bank:PenFed FBO Operating Cash,35.67,0.00,Waterfall Settlement Sweep - SCMA-FOUNDER (HMAC: AUTHENTICATE...)
VOUCHER-20261009-00653,2026-10-10T11:38:07,3010,Equity:Members:SCMA-FOUNDER,0.00,35.67,Waterfall Settlement Sweep - SCMA-FOUNDER (HMAC: AUTHENTICATE...)
VOUCHER-20261009-00654,2026-10-10T11:38:07,1010,Assets:Bank:PenFed FBO Operating Cash,30.53,0.00,Waterfall Settlement Sweep - SCMA-MEM-0001 (HMAC: AUTHENTICATE...)
VOUCHER-20261009-00654,2026-10-10T11:38:07,3020,Equity:Members:SCMA-MEM-0001,0.00,30.53,Waterfall Settlement Sweep - SCMA-MEM-0001 (HMAC: AUTHENTICATE...)
VOUCHER-20261009-00655,2026-10-10T11:38:07,1010,Assets:Bank:PenFed FBO Operating Cash,35.67,0.00,Waterfall Settlement Sweep - SCMA-FOUNDER (HMAC: AUTHENTICATE...)
VOUCHER-20261009-00655,2026-10-10T11:38:07,3010,Equity:Members:SCMA-FOUNDER,0.00,35.67,Waterfall Settlement Sweep - SCMA-FOUNDER (HMAC: AUTHENTICATE...)
VOUCHER-20261009-00656,2026-10-10T11:38:07,1010,Assets:Bank:PenFed FBO Operating Cash,30.53,0.00,Waterfall Settlement Sweep - SCMA-MEM-0001 (HMAC: AUTHENTICATE...)
VOUCHER-20261009-00656,2026-10-10T11:38:07,3020,Equity:Members:SCMA-MEM-0001,0.00,30.53,Waterfall Settlement Sweep - SCMA-MEM-0001 (HMAC: AUTHENTICATE...)
VOUCHER-20261009-00657,2026-10-10T11:38:07,1010,Assets:Bank:PenFed FBO Operating Cash,35.67,0.00,Waterfall Settlement Sweep - SCMA-FOUNDER (HMAC: AUTHENTICATE...)
VOUCHER-20261009-00657,2026-10-10T11:38:07,3010,Equity:Members:SCMA-FOUNDER,0.00,35.67,Waterfall Settlement Sweep - SCMA-FOUNDER (HMAC: AUTHENTICATE...)
VOUCHER-20261009-00658,2026-10-10T11:38:07,1010,Assets:Bank:PenFed FBO Operating Cash,30.53,0.00,Waterfall Settlement Sweep - SCMA-MEM-0001 (HMAC: AUTHENTICATE...)
VOUCHER-20261009-00658,2026-10-10T11:38:07,3020,Equity:Members:SCMA-MEM-0001,0.00,30.53,Waterfall Settlement Sweep - SCMA-MEM-0001 (HMAC: AUTHENTICATE...)
VOUCHER-20261009-00659,2026-10-10T11:38:07,1010,Assets:Bank:PenFed FBO Operating Cash,35.67,0.00,Waterfall Settlement Sweep - SCMA-FOUNDER (HMAC: AUTHENTICATE...)
VOUCHER-20261009-00659,2026-10-10T11:38:07,3010,Equity:Members:SCMA-FOUNDER,0.00,35.67,Waterfall Settlement Sweep - SCMA-FOUNDER (HMAC: AUTHENTICATE...)
VOUCHER-20261009-00660,2026-10-10T11:38:07,1010,Assets:Bank:PenFed FBO Operating Cash,30.53,0.00,Waterfall Settlement Sweep - SCMA-MEM-0001 (HMAC: AUTHENTICATE...)
VOUCHER-20261009-00660,2026-10-10T11:38:07,3020,Equity:Members:SCMA-MEM-0001,0.00,30.53,Waterfall Settlement Sweep - SCMA-MEM-0001 (HMAC: AUTHENTICATE...)
VOUCHER-20261009-00661,2026-10-10T11:38:07,1010,Assets:Bank:PenFed FBO Operating Cash,35.67,0.00,Waterfall Settlement Sweep - SCMA-FOUNDER (HMAC: AUTHENTICATE...)
VOUCHER-20261009-00661,2026-10-10T11:38:07,3010,Equity:Members:SCMA-FOUNDER,0.00,35.67,Waterfall Settlement Sweep - SCMA-FOUNDER (HMAC: AUTHENTICATE...)
VOUCHER-20261009-00662,2026-10-10T11:38:07,1010,Assets:Bank:PenFed FBO Operating Cash,30.53,0.00,Waterfall Settlement Sweep - SCMA-MEM-0001 (HMAC: AUTHENTICATE...)
VOUCHER-20261009-00662,2026-10-10T11:38:07,3020,Equity:Members:SCMA-MEM-0001,0.00,30.53,Waterfall Settlement Sweep - SCMA-MEM-0001 (HMAC: AUTHENTICATE...)
VOUCHER-20261009-00663,2026-10-10T11:38:07,1010,Assets:Bank:PenFed FBO Operating Cash,35.67,0.00,Waterfall Settlement Sweep - SCMA-FOUNDER (HMAC: AUTHENTICATE...)
VOUCHER-20261009-00663,2026-10-10T11:38:07,3010,Equity:Members:SCMA-FOUNDER,0.00,35.67,Waterfall Settlement Sweep - SCMA-FOUNDER (HMAC: AUTHENTICATE...)
VOUCHER-20261009-00664,2026-10-10T11:38:07,1010,Assets:Bank:PenFed FBO Operating Cash,30.53,0.00,Waterfall Settlement Sweep - SCMA-MEM-0001 (HMAC: AUTHENTICATE...)
VOUCHER-20261009-00664,2026-10-10T11:38:07,3020,Equity:Members:SCMA-MEM-0001,0.00,30.53,Waterfall Settlement Sweep - SCMA-MEM-0001 (HMAC: AUTHENTICATE...)
VOUCHER-20261009-00665,2026-10-10T11:38:07,1010,Assets:Bank:PenFed FBO Operating Cash,35.67,0.00,Waterfall Settlement Sweep - SCMA-FOUNDER (HMAC: AUTHENTICATE...)
VOUCHER-20261009-00665,2026-10-10T11:38:07,3010,Equity:Members:SCMA-FOUNDER,0.00,35.67,Waterfall Settlement Sweep - SCMA-FOUNDER (HMAC: AUTHENTICATE...)
VOUCHER-20261009-00666,2026-10-10T11:38:07,1010,Assets:Bank:PenFed FBO Operating Cash,30.53,0.00,Waterfall Settlement Sweep - SCMA-MEM-0001 (HMAC: AUTHENTICATE...)
VOUCHER-20261009-00666,2026-10-10T11:38:07,3020,Equity:Members:SCMA-MEM-0001,0.00,30.53,Waterfall Settlement Sweep - SCMA-MEM-0001 (HMAC: AUTHENTICATE...)
VOUCHER-20261009-00667,2026-10-10T11:38:07,1010,Assets:Bank:PenFed FBO Operating Cash,35.67,0.00,Waterfall Settlement Sweep - SCMA-FOUNDER (HMAC: AUTHENTICATE...)
VOUCHER-20261009-00667,2026-10-10T11:38:07,3010,Equity:Members:SCMA-FOUNDER,0.00,35.67,Waterfall Settlement Sweep - SCMA-FOUNDER (HMAC: AUTHENTICATE...)
VOUCHER-20261009-00668,2026-10-10T11:38:07,1010,Assets:Bank:PenFed FBO Operating Cash,30.53,0.00,Waterfall Settlement Sweep - SCMA-MEM-0001 (HMAC: AUTHENTICATE...)
VOUCHER-20261009-00668,2026-10-10T11:38:07,3020,Equity:Members:SCMA-MEM-0001,0.00,30.53,Waterfall Settlement Sweep - SCMA-MEM-0001 (HMAC: AUTHENTICATE...)
VOUCHER-20261009-00669,2026-10-10T11:38:07,1010,Assets:Bank:PenFed FBO Operating Cash,35.67,0.00,Waterfall Settlement Sweep - SCMA-FOUNDER (HMAC: AUTHENTICATE...)
VOUCHER-20261009-00669,2026-10-10T11:38:07,3010,Equity:Members:SCMA-FOUNDER,0.00,35.67,Waterfall Settlement Sweep - SCMA-FOUNDER (HMAC: AUTHENTICATE...)
VOUCHER-20261009-00670,2026-10-10T11:38:07,1010,Assets:Bank:PenFed FBO Operating Cash,30.53,0.00,Waterfall Settlement Sweep - SCMA-MEM-0001 (HMAC: AUTHENTICATE...)
VOUCHER-20261009-00670,2026-10-10T11:38:07,3020,Equity:Members:SCMA-MEM-0001,0.00,30.53,Waterfall Settlement Sweep - SCMA-MEM-0001 (HMAC: AUTHENTICATE...)
VOUCHER-20261009-00671,2026-10-10T11:38:07,1010,Assets:Bank:PenFed FBO Operating Cash,35.67,0.00,Waterfall Settlement Sweep - SCMA-FOUNDER (HMAC: AUTHENTICATE...)
VOUCHER-20261009-00671,2026-10-10T11:38:07,3010,Equity:Members:SCMA-FOUNDER,0.00,35.67,Waterfall Settlement Sweep - SCMA-FOUNDER (HMAC: AUTHENTICATE...)
VOUCHER-20261009-00672,2026-10-10T11:38:07,1010,Assets:Bank:PenFed FBO Operating Cash,30.53,0.00,Waterfall Settlement Sweep - SCMA-MEM-0001 (HMAC: AUTHENTICATE...)
VOUCHER-20261009-00672,2026-10-10T11:38:07,3020,Equity:Members:SCMA-MEM-0001,0.00,30.53,Waterfall Settlement Sweep - SCMA-MEM-0001 (HMAC: AUTHENTICATE...)
VOUCHER-20261009-00673,2026-10-10T11:38:07,1010,Assets:Bank:PenFed FBO Operating Cash,35.67,0.00,Waterfall Settlement Sweep - SCMA-FOUNDER (HMAC: AUTHENTICATE...)
VOUCHER-20261009-00673,2026-10-10T11:38:07,3010,Equity:Members:SCMA-FOUNDER,0.00,35.67,Waterfall Settlement Sweep - SCMA-FOUNDER (HMAC: AUTHENTICATE...)
VOUCHER-20261009-00674,2026-10-10T11:38:07,1010,Assets:Bank:PenFed FBO Operating Cash,30.53,0.00,Waterfall Settlement Sweep - SCMA-MEM-0001 (HMAC: AUTHENTICATE...)
VOUCHER-20261009-00674,2026-10-10T11:38:07,3020,Equity:Members:SCMA-MEM-0001,0.00,30.53,Waterfall Settlement Sweep - SCMA-MEM-0001 (HMAC: AUTHENTICATE...)
VOUCHER-20261009-00675,2026-10-10T11:38:07,1010,Assets:Bank:PenFed FBO Operating Cash,35.67,0.00,Waterfall Settlement Sweep - SCMA-FOUNDER (HMAC: AUTHENTICATE...)
VOUCHER-20261009-00675,2026-10-10T11:38:07,3010,Equity:Members:SCMA-FOUNDER,0.00,35.67,Waterfall Settlement Sweep - SCMA-FOUNDER (HMAC: AUTHENTICATE...)
VOUCHER-20261009-00676,2026-10-10T11:38:07,1010,Assets:Bank:PenFed FBO Operating Cash,30.53,0.00,Waterfall Settlement Sweep - SCMA-MEM-0001 (HMAC: AUTHENTICATE...)
VOUCHER-20261009-00676,2026-10-10T11:38:07,3020,Equity:Members:SCMA-MEM-0001,0.00,30.53,Waterfall Settlement Sweep - SCMA-MEM-0001 (HMAC: AUTHENTICATE...)
VOUCHER-20261009-00677,2026-10-10T11:38:07,1010,Assets:Bank:PenFed FBO Operating Cash,35.67,0.00,Waterfall Settlement Sweep - SCMA-FOUNDER (HMAC: AUTHENTICATE...)
VOUCHER-20261009-00677,2026-10-10T11:38:07,3010,Equity:Members:SCMA-FOUNDER,0.00,35.67,Waterfall Settlement Sweep - SCMA-FOUNDER (HMAC: AUTHENTICATE...)
VOUCHER-20261009-00678,2026-10-10T11:38:07,1010,Assets:Bank:PenFed FBO Operating Cash,30.53,0.00,Waterfall Settlement Sweep - SCMA-MEM-0001 (HMAC: AUTHENTICATE...)
VOUCHER-20261009-00678,2026-10-10T11:38:07,3020,Equity:Members:SCMA-MEM-0001,0.00,30.53,Waterfall Settlement Sweep - SCMA-MEM-0001 (HMAC: AUTHENTICATE...)
VOUCHER-20261009-00679,2026-10-10T11:38:07,1010,Assets:Bank:PenFed FBO Operating Cash,35.67,0.00,Waterfall Settlement Sweep - SCMA-FOUNDER (HMAC: AUTHENTICATE...)
VOUCHER-20261009-00679,2026-10-10T11:38:07,3010,Equity:Members:SCMA-FOUNDER,0.00,35.67,Waterfall Settlement Sweep - SCMA-FOUNDER (HMAC: AUTHENTICATE...)
VOUCHER-20261009-00680,2026-10-10T11:38:07,1010,Assets:Bank:PenFed FBO Operating Cash,30.53,0.00,Waterfall Settlement Sweep - SCMA-MEM-0001 (HMAC: AUTHENTICATE...)
VOUCHER-20261009-00680,2026-10-10T11:38:07,3020,Equity:Members:SCMA-MEM-0001,0.00,30.53,Waterfall Settlement Sweep - SCMA-MEM-0001 (HMAC: AUTHENTICATE...)
VOUCHER-20261009-00681,2026-10-10T11:38:07,1010,Assets:Bank:PenFed FBO Operating Cash,35.67,0.00,Waterfall Settlement Sweep - SCMA-FOUNDER (HMAC: AUTHENTICATE...)
VOUCHER-20261009-00681,2026-10-10T11:38:07,3010,Equity:Members:SCMA-FOUNDER,0.00,35.67,Waterfall Settlement Sweep - SCMA-FOUNDER (HMAC: AUTHENTICATE...)
VOUCHER-20261009-00682,2026-10-10T11:38:07,1010,Assets:Bank:PenFed FBO Operating Cash,30.53,0.00,Waterfall Settlement Sweep - SCMA-MEM-0001 (HMAC: AUTHENTICATE...)
VOUCHER-20261009-00682,2026-10-10T11:38:07,3020,Equity:Members:SCMA-MEM-0001,0.00,30.53,Waterfall Settlement Sweep - SCMA-MEM-0001 (HMAC: AUTHENTICATE...)
VOUCHER-20261009-00683,2026-10-10T11:38:07,1010,Assets:Bank:PenFed FBO Operating Cash,35.67,0.00,Waterfall Settlement Sweep - SCMA-FOUNDER (HMAC: AUTHENTICATE...)
VOUCHER-20261009-00683,2026-10-10T11:38:07,3010,Equity:Members:SCMA-FOUNDER,0.00,35.67,Waterfall Settlement Sweep - SCMA-FOUNDER (HMAC: AUTHENTICATE...)
VOUCHER-20261009-00684,2026-10-10T11:38:07,1010,Assets:Bank:PenFed FBO Operating Cash,30.53,0.00,Waterfall Settlement Sweep - SCMA-MEM-0001 (HMAC: AUTHENTICATE...)
VOUCHER-20261009-00684,2026-10-10T11:38:07,3020,Equity:Members:SCMA-MEM-0001,0.00,30.53,Waterfall Settlement Sweep - SCMA-MEM-0001 (HMAC: AUTHENTICATE...)
VOUCHER-20261009-00685,2026-10-10T11:38:07,1010,Assets:Bank:PenFed FBO Operating Cash,35.67,0.00,Waterfall Settlement Sweep - SCMA-FOUNDER (HMAC: AUTHENTICATE...)
VOUCHER-20261009-00685,2026-10-10T11:38:07,3010,Equity:Members:SCMA-FOUNDER,0.00,35.67,Waterfall Settlement Sweep - SCMA-FOUNDER (HMAC: AUTHENTICATE...)
VOUCHER-20261009-00686,2026-10-10T11:38:07,1010,Assets:Bank:PenFed FBO Operating Cash,30.53,0.00,Waterfall Settlement Sweep - SCMA-MEM-0001 (HMAC: AUTHENTICATE...)
VOUCHER-20261009-00686,2026-10-10T11:38:07,3020,Equity:Members:SCMA-MEM-0001,0.00,30.53,Waterfall Settlement Sweep - SCMA-MEM-0001 (HMAC: AUTHENTICATE...)
VOUCHER-20261009-00687,2026-10-10T11:38:07,1010,Assets:Bank:PenFed FBO Operating Cash,35.67,0.00,Waterfall Settlement Sweep - SCMA-FOUNDER (HMAC: AUTHENTICATE...)
VOUCHER-20261009-00687,2026-10-10T11:38:07,3010,Equity:Members:SCMA-FOUNDER,0.00,35.67,Waterfall Settlement Sweep - SCMA-FOUNDER (HMAC: AUTHENTICATE...)
VOUCHER-20261009-00688,2026-10-10T11:38:07,1010,Assets:Bank:PenFed FBO Operating Cash,30.53,0.00,Waterfall Settlement Sweep - SCMA-MEM-0001 (HMAC: AUTHENTICATE...)
VOUCHER-20261009-00688,2026-10-10T11:38:07,3020,Equity:Members:SCMA-MEM-0001,0.00,30.53,Waterfall Settlement Sweep - SCMA-MEM-0001 (HMAC: AUTHENTICATE...)
VOUCHER-20261009-00689,2026-10-10T11:38:07,1010,Assets:Bank:PenFed FBO Operating Cash,35.67,0.00,Waterfall Settlement Sweep - SCMA-FOUNDER (HMAC: AUTHENTICATE...)
VOUCHER-20261009-00689,2026-10-10T11:38:07,3010,Equity:Members:SCMA-FOUNDER,0.00,35.67,Waterfall Settlement Sweep - SCMA-FOUNDER (HMAC: AUTHENTICATE...)
VOUCHER-20261009-00690,2026-10-10T11:38:07,1010,Assets:Bank:PenFed FBO Operating Cash,30.53,0.00,Waterfall Settlement Sweep - SCMA-MEM-0001 (HMAC: AUTHENTICATE...)
VOUCHER-20261009-00690,2026-10-10T11:38:07,3020,Equity:Members:SCMA-MEM-0001,0.00,30.53,Waterfall Settlement Sweep - SCMA-MEM-0001 (HMAC: AUTHENTICATE...)
VOUCHER-20261009-00691,2026-10-10T11:38:07,1010,Assets:Bank:PenFed FBO Operating Cash,35.67,0.00,Waterfall Settlement Sweep - SCMA-FOUNDER (HMAC: AUTHENTICATE...)
VOUCHER-20261009-00691,2026-10-10T11:38:07,3010,Equity:Members:SCMA-FOUNDER,0.00,35.67,Waterfall Settlement Sweep - SCMA-FOUNDER (HMAC: AUTHENTICATE...)
VOUCHER-20261009-00692,2026-10-10T11:38:07,1010,Assets:Bank:PenFed FBO Operating Cash,30.53,0.00,Waterfall Settlement Sweep - SCMA-MEM-0001 (HMAC: AUTHENTICATE...)
VOUCHER-20261009-00692,2026-10-10T11:38:07,3020,Equity:Members:SCMA-MEM-0001,0.00,30.53,Waterfall Settlement Sweep - SCMA-MEM-0001 (HMAC: AUTHENTICATE...)
VOUCHER-20261009-00693,2026-10-10T11:38:07,1010,Assets:Bank:PenFed FBO Operating Cash,35.67,0.00,Waterfall Settlement Sweep - SCMA-FOUNDER (HMAC: AUTHENTICATE...)
VOUCHER-20261009-00693,2026-10-10T11:38:07,3010,Equity:Members:SCMA-FOUNDER,0.00,35.67,Waterfall Settlement Sweep - SCMA-FOUNDER (HMAC: AUTHENTICATE...)
VOUCHER-20261009-00694,2026-10-10T11:38:07,1010,Assets:Bank:PenFed FBO Operating Cash,30.53,0.00,Waterfall Settlement Sweep - SCMA-MEM-0001 (HMAC: AUTHENTICATE...)
VOUCHER-20261009-00694,2026-10-10T11:38:07,3020,Equity:Members:SCMA-MEM-0001,0.00,30.53,Waterfall Settlement Sweep - SCMA-MEM-0001 (HMAC: AUTHENTICATE...)
VOUCHER-20261009-00695,2026-10-10T11:38:07,1010,Assets:Bank:PenFed FBO Operating Cash,35.67,0.00,Waterfall Settlement Sweep - SCMA-FOUNDER (HMAC: AUTHENTICATE...)
VOUCHER-20261009-00695,2026-10-10T11:38:07,3010,Equity:Members:SCMA-FOUNDER,0.00,35.67,Waterfall Settlement Sweep - SCMA-FOUNDER (HMAC: AUTHENTICATE...)
VOUCHER-20261009-00696,2026-10-10T11:38:07,1010,Assets:Bank:PenFed FBO Operating Cash,30.53,0.00,Waterfall Settlement Sweep - SCMA-MEM-0001 (HMAC: AUTHENTICATE...)
VOUCHER-20261009-00696,2026-10-10T11:38:07,3020,Equity:Members:SCMA-MEM-0001,0.00,30.53,Waterfall Settlement Sweep - SCMA-MEM-0001 (HMAC: AUTHENTICATE...)
VOUCHER-20261009-00697,2026-10-10T11:38:07,1010,Assets:Bank:PenFed FBO Operating Cash,35.67,0.00,Waterfall Settlement Sweep - SCMA-FOUNDER (HMAC: AUTHENTICATE...)
VOUCHER-20261009-00697,2026-10-10T11:38:07,3010,Equity:Members:SCMA-FOUNDER,0.00,35.67,Waterfall Settlement Sweep - SCMA-FOUNDER (HMAC: AUTHENTICATE...)
VOUCHER-20261009-00698,2026-10-10T11:38:07,1010,Assets:Bank:PenFed FBO Operating Cash,30.53,0.00,Waterfall Settlement Sweep - SCMA-MEM-0001 (HMAC: AUTHENTICATE...)
VOUCHER-20261009-00698,2026-10-10T11:38:07,3020,Equity:Members:SCMA-MEM-0001,0.00,30.53,Waterfall Settlement Sweep - SCMA-MEM-0001 (HMAC: AUTHENTICATE...)
VOUCHER-20261009-00699,2026-10-10T11:38:07,1010,Assets:Bank:PenFed FBO Operating Cash,35.67,0.00,Waterfall Settlement Sweep - SCMA-FOUNDER (HMAC: AUTHENTICATE...)
VOUCHER-20261009-00699,2026-10-10T11:38:07,3010,Equity:Members:SCMA-FOUNDER,0.00,35.67,Waterfall Settlement Sweep - SCMA-FOUNDER (HMAC: AUTHENTICATE...)
VOUCHER-20261009-00700,2026-10-10T11:38:07,1010,Assets:Bank:PenFed FBO Operating Cash,30.53,0.00,Waterfall Settlement Sweep - SCMA-MEM-0001 (HMAC: AUTHENTICATE...)
VOUCHER-20261009-00700,2026-10-10T11:38:07,3020,Equity:Members:SCMA-MEM-0001,0.00,30.53,Waterfall Settlement Sweep - SCMA-MEM-0001 (HMAC: AUTHENTICATE...)
VOUCHER-20261009-00701,2026-10-10T11:38:07,1010,Assets:Bank:PenFed FBO Operating Cash,35.67,0.00,Waterfall Settlement Sweep - SCMA-FOUNDER (HMAC: AUTHENTICATE...)
VOUCHER-20261009-00701,2026-10-10T11:38:07,3010,Equity:Members:SCMA-FOUNDER,0.00,35.67,Waterfall Settlement Sweep - SCMA-FOUNDER (HMAC: AUTHENTICATE...)
VOUCHER-20261009-00702,2026-10-10T11:38:07,1010,Assets:Bank:PenFed FBO Operating Cash,30.53,0.00,Waterfall Settlement Sweep - SCMA-MEM-0001 (HMAC: AUTHENTICATE...)
VOUCHER-20261009-00702,2026-10-10T11:38:07,3020,Equity:Members:SCMA-MEM-0001,0.00,30.53,Waterfall Settlement Sweep - SCMA-MEM-0001 (HMAC: AUTHENTICATE...)
VOUCHER-20261009-00703,2026-10-10T11:38:07,1010,Assets:Bank:PenFed FBO Operating Cash,35.67,0.00,Waterfall Settlement Sweep - SCMA-FOUNDER (HMAC: AUTHENTICATE...)
VOUCHER-20261009-00703,2026-10-10T11:38:07,3010,Equity:Members:SCMA-FOUNDER,0.00,35.67,Waterfall Settlement Sweep - SCMA-FOUNDER (HMAC: AUTHENTICATE...)
VOUCHER-20261009-00704,2026-10-10T11:38:07,1010,Assets:Bank:PenFed FBO Operating Cash,30.53,0.00,Waterfall Settlement Sweep - SCMA-MEM-0001 (HMAC: AUTHENTICATE...)
VOUCHER-20261009-00704,2026-10-10T11:38:07,3020,Equity:Members:SCMA-MEM-0001,0.00,30.53,Waterfall Settlement Sweep - SCMA-MEM-0001 (HMAC: AUTHENTICATE...)
VOUCHER-20261009-00705,2026-10-10T11:38:07,1010,Assets:Bank:PenFed FBO Operating Cash,35.67,0.00,Waterfall Settlement Sweep - SCMA-FOUNDER (HMAC: AUTHENTICATE...)
VOUCHER-20261009-00705,2026-10-10T11:38:07,3010,Equity:Members:SCMA-FOUNDER,0.00,35.67,Waterfall Settlement Sweep - SCMA-FOUNDER (HMAC: AUTHENTICATE...)
VOUCHER-20261009-00706,2026-10-10T11:38:07,1010,Assets:Bank:PenFed FBO Operating Cash,30.53,0.00,Waterfall Settlement Sweep - SCMA-MEM-0001 (HMAC: AUTHENTICATE...)
VOUCHER-20261009-00706,2026-10-10T11:38:07,3020,Equity:Members:SCMA-MEM-0001,0.00,30.53,Waterfall Settlement Sweep - SCMA-MEM-0001 (HMAC: AUTHENTICATE...)
VOUCHER-20261009-00707,2026-10-10T11:38:07,1010,Assets:Bank:PenFed FBO Operating Cash,35.67,0.00,Waterfall Settlement Sweep - SCMA-FOUNDER (HMAC: AUTHENTICATE...)
VOUCHER-20261009-00707,2026-10-10T11:38:07,3010,Equity:Members:SCMA-FOUNDER,0.00,35.67,Waterfall Settlement Sweep - SCMA-FOUNDER (HMAC: AUTHENTICATE...)
VOUCHER-20261009-00708,2026-10-10T11:38:07,1010,Assets:Bank:PenFed FBO Operating Cash,30.53,0.00,Waterfall Settlement Sweep - SCMA-MEM-0001 (HMAC: AUTHENTICATE...)
VOUCHER-20261009-00708,2026-10-10T11:38:07,3020,Equity:Members:SCMA-MEM-0001,0.00,30.53,Waterfall Settlement Sweep - SCMA-MEM-0001 (HMAC: AUTHENTICATE...)
VOUCHER-20261009-00709,2026-10-10T11:38:07,1010,Assets:Bank:PenFed FBO Operating Cash,35.67,0.00,Waterfall Settlement Sweep - SCMA-FOUNDER (HMAC: AUTHENTICATE...)
VOUCHER-20261009-00709,2026-10-10T11:38:07,3010,Equity:Members:SCMA-FOUNDER,0.00,35.67,Waterfall Settlement Sweep - SCMA-FOUNDER (HMAC: AUTHENTICATE...)
VOUCHER-20261009-00710,2026-10-10T11:38:07,1010,Assets:Bank:PenFed FBO Operating Cash,30.53,0.00,Waterfall Settlement Sweep - SCMA-MEM-0001 (HMAC: AUTHENTICATE...)
VOUCHER-20261009-00710,2026-10-10T11:38:07,3020,Equity:Members:SCMA-MEM-0001,0.00,30.53,Waterfall Settlement Sweep - SCMA-MEM-0001 (HMAC: AUTHENTICATE...)
VOUCHER-20261009-00711,2026-10-10T11:38:07,1010,Assets:Bank:PenFed FBO Operating Cash,35.67,0.00,Waterfall Settlement Sweep - SCMA-FOUNDER (HMAC: AUTHENTICATE...)
VOUCHER-20261009-00711,2026-10-10T11:38:07,3010,Equity:Members:SCMA-FOUNDER,0.00,35.67,Waterfall Settlement Sweep - SCMA-FOUNDER (HMAC: AUTHENTICATE...)
VOUCHER-20261009-00712,2026-10-10T11:38:07,1010,Assets:Bank:PenFed FBO Operating Cash,30.53,0.00,Waterfall Settlement Sweep - SCMA-MEM-0001 (HMAC: AUTHENTICATE...)
VOUCHER-20261009-00712,2026-10-10T11:38:07,3020,Equity:Members:SCMA-MEM-0001,0.00,30.53,Waterfall Settlement Sweep - SCMA-MEM-0001 (HMAC: AUTHENTICATE...)
VOUCHER-20261009-00713,2026-10-10T11:38:07,1010,Assets:Bank:PenFed FBO Operating Cash,35.67,0.00,Waterfall Settlement Sweep - SCMA-FOUNDER (HMAC: AUTHENTICATE...)
VOUCHER-20261009-00713,2026-10-10T11:38:07,3010,Equity:Members:SCMA-FOUNDER,0.00,35.67,Waterfall Settlement Sweep - SCMA-FOUNDER (HMAC: AUTHENTICATE...)
VOUCHER-20261009-00714,2026-10-10T11:38:07,1010,Assets:Bank:PenFed FBO Operating Cash,30.53,0.00,Waterfall Settlement Sweep - SCMA-MEM-0001 (HMAC: AUTHENTICATE...)
VOUCHER-20261009-00714,2026-10-10T11:38:07,3020,Equity:Members:SCMA-MEM-0001,0.00,30.53,Waterfall Settlement Sweep - SCMA-MEM-0001 (HMAC: AUTHENTICATE...)
VOUCHER-20261009-00715,2026-10-10T11:38:07,1010,Assets:Bank:PenFed FBO Operating Cash,35.67,0.00,Waterfall Settlement Sweep - SCMA-FOUNDER (HMAC: AUTHENTICATE...)
VOUCHER-20261009-00715,2026-10-10T11:38:07,3010,Equity:Members:SCMA-FOUNDER,0.00,35.67,Waterfall Settlement Sweep - SCMA-FOUNDER (HMAC: AUTHENTICATE...)
VOUCHER-20261009-00716,2026-10-10T11:38:07,1010,Assets:Bank:PenFed FBO Operating Cash,30.53,0.00,Waterfall Settlement Sweep - SCMA-MEM-0001 (HMAC: AUTHENTICATE...)
VOUCHER-20261009-00716,2026-10-10T11:38:07,3020,Equity:Members:SCMA-MEM-0001,0.00,30.53,Waterfall Settlement Sweep - SCMA-MEM-0001 (HMAC: AUTHENTICATE...)
VOUCHER-20261009-00717,2026-10-10T11:38:07,1010,Assets:Bank:PenFed FBO Operating Cash,35.67,0.00,Waterfall Settlement Sweep - SCMA-FOUNDER (HMAC: AUTHENTICATE...)
VOUCHER-20261009-00717,2026-10-10T11:38:07,3010,Equity:Members:SCMA-FOUNDER,0.00,35.67,Waterfall Settlement Sweep - SCMA-FOUNDER (HMAC: AUTHENTICATE...)
VOUCHER-20261009-00718,2026-10-10T11:38:07,1010,Assets:Bank:PenFed FBO Operating Cash,30.53,0.00,Waterfall Settlement Sweep - SCMA-MEM-0001 (HMAC: AUTHENTICATE...)
VOUCHER-20261009-00718,2026-10-10T11:38:07,3020,Equity:Members:SCMA-MEM-0001,0.00,30.53,Waterfall Settlement Sweep - SCMA-MEM-0001 (HMAC: AUTHENTICATE...)
VOUCHER-20261009-00719,2026-10-10T11:38:07,1010,Assets:Bank:PenFed FBO Operating Cash,35.67,0.00,Waterfall Settlement Sweep - SCMA-FOUNDER (HMAC: AUTHENTICATE...)
VOUCHER-20261009-00719,2026-10-10T11:38:07,3010,Equity:Members:SCMA-FOUNDER,0.00,35.67,Waterfall Settlement Sweep - SCMA-FOUNDER (HMAC: AUTHENTICATE...)
VOUCHER-20261009-00720,2026-10-10T11:38:07,1010,Assets:Bank:PenFed FBO Operating Cash,30.53,0.00,Waterfall Settlement Sweep - SCMA-MEM-0001 (HMAC: AUTHENTICATE...)
VOUCHER-20261009-00720,2026-10-10T11:38:07,3020,Equity:Members:SCMA-MEM-0001,0.00,30.53,Waterfall Settlement Sweep - SCMA-MEM-0001 (HMAC: AUTHENTICATE...)
VOUCHER-20261009-00721,2026-10-10T11:38:07,1010,Assets:Bank:PenFed FBO Operating Cash,35.67,0.00,Waterfall Settlement Sweep - SCMA-FOUNDER (HMAC: AUTHENTICATE...)
VOUCHER-20261009-00721,2026-10-10T11:38:07,3010,Equity:Members:SCMA-FOUNDER,0.00,35.67,Waterfall Settlement Sweep - SCMA-FOUNDER (HMAC: AUTHENTICATE...)
VOUCHER-20261009-00722,2026-10-10T11:38:07,1010,Assets:Bank:PenFed FBO Operating Cash,30.53,0.00,Waterfall Settlement Sweep - SCMA-MEM-0001 (HMAC: AUTHENTICATE...)
VOUCHER-20261009-00722,2026-10-10T11:38:07,3020,Equity:Members:SCMA-MEM-0001,0.00,30.53,Waterfall Settlement Sweep - SCMA-MEM-0001 (HMAC: AUTHENTICATE...)
VOUCHER-20261009-00723,2026-10-10T11:38:07,1010,Assets:Bank:PenFed FBO Operating Cash,35.67,0.00,Waterfall Settlement Sweep - SCMA-FOUNDER (HMAC: AUTHENTICATE...)
VOUCHER-20261009-00723,2026-10-10T11:38:07,3010,Equity:Members:SCMA-FOUNDER,0.00,35.67,Waterfall Settlement Sweep - SCMA-FOUNDER (HMAC: AUTHENTICATE...)
VOUCHER-20261009-00724,2026-10-10T11:38:07,1010,Assets:Bank:PenFed FBO Operating Cash,30.53,0.00,Waterfall Settlement Sweep - SCMA-MEM-0001 (HMAC: AUTHENTICATE...)
VOUCHER-20261009-00724,2026-10-10T11:38:07,3020,Equity:Members:SCMA-MEM-0001,0.00,30.53,Waterfall Settlement Sweep - SCMA-MEM-0001 (HMAC: AUTHENTICATE...)
VOUCHER-20261009-00725,2026-10-10T11:38:07,1010,Assets:Bank:PenFed FBO Operating Cash,35.67,0.00,Waterfall Settlement Sweep - SCMA-FOUNDER (HMAC: AUTHENTICATE...)
VOUCHER-20261009-00725,2026-10-10T11:38:07,3010,Equity:Members:SCMA-FOUNDER,0.00,35.67,Waterfall Settlement Sweep - SCMA-FOUNDER (HMAC: AUTHENTICATE...)
VOUCHER-20261009-00726,2026-10-10T11:38:07,1010,Assets:Bank:PenFed FBO Operating Cash,30.53,0.00,Waterfall Settlement Sweep - SCMA-MEM-0001 (HMAC: AUTHENTICATE...)
VOUCHER-20261009-00726,2026-10-10T11:38:07,3020,Equity:Members:SCMA-MEM-0001,0.00,30.53,Waterfall Settlement Sweep - SCMA-MEM-0001 (HMAC: AUTHENTICATE...)
VOUCHER-20261009-00727,2026-10-10T11:38:07,1010,Assets:Bank:PenFed FBO Operating Cash,35.67,0.00,Waterfall Settlement Sweep - SCMA-FOUNDER (HMAC: AUTHENTICATE...)
VOUCHER-20261009-00727,2026-10-10T11:38:07,3010,Equity:Members:SCMA-FOUNDER,0.00,35.67,Waterfall Settlement Sweep - SCMA-FOUNDER (HMAC: AUTHENTICATE...)
VOUCHER-20261009-00728,2026-10-10T11:38:07,1010,Assets:Bank:PenFed FBO Operating Cash,30.53,0.00,Waterfall Settlement Sweep - SCMA-MEM-0001 (HMAC: AUTHENTICATE...)
VOUCHER-20261009-00728,2026-10-10T11:38:07,3020,Equity:Members:SCMA-MEM-0001,0.00,30.53,Waterfall Settlement Sweep - SCMA-MEM-0001 (HMAC: AUTHENTICATE...)
VOUCHER-20261009-00729,2026-10-10T11:38:07,1010,Assets:Bank:PenFed FBO Operating Cash,35.67,0.00,Waterfall Settlement Sweep - SCMA-FOUNDER (HMAC: AUTHENTICATE...)
VOUCHER-20261009-00729,2026-10-10T11:38:07,3010,Equity:Members:SCMA-FOUNDER,0.00,35.67,Waterfall Settlement Sweep - SCMA-FOUNDER (HMAC: AUTHENTICATE...)
VOUCHER-20261009-00730,2026-10-10T11:38:07,1010,Assets:Bank:PenFed FBO Operating Cash,30.53,0.00,Waterfall Settlement Sweep - SCMA-MEM-0001 (HMAC: AUTHENTICATE...)
VOUCHER-20261009-00730,2026-10-10T11:38:07,3020,Equity:Members:SCMA-MEM-0001,0.00,30.53,Waterfall Settlement Sweep - SCMA-MEM-0001 (HMAC: AUTHENTICATE...)
VOUCHER-20261009-00731,2026-10-10T11:38:07,1010,Assets:Bank:PenFed FBO Operating Cash,35.67,0.00,Waterfall Settlement Sweep - SCMA-FOUNDER (HMAC: AUTHENTICATE...)
VOUCHER-20261009-00731,2026-10-10T11:38:07,3010,Equity:Members:SCMA-FOUNDER,0.00,35.67,Waterfall Settlement Sweep - SCMA-FOUNDER (HMAC: AUTHENTICATE...)
VOUCHER-20261009-00732,2026-10-10T11:38:07,1010,Assets:Bank:PenFed FBO Operating Cash,30.53,0.00,Waterfall Settlement Sweep - SCMA-MEM-0001 (HMAC: AUTHENTICATE...)
VOUCHER-20261009-00732,2026-10-10T11:38:07,3020,Equity:Members:SCMA-MEM-0001,0.00,30.53,Waterfall Settlement Sweep - SCMA-MEM-0001 (HMAC: AUTHENTICATE...)
VOUCHER-20261009-00733,2026-10-10T11:38:07,1010,Assets:Bank:PenFed FBO Operating Cash,35.67,0.00,Waterfall Settlement Sweep - SCMA-FOUNDER (HMAC: AUTHENTICATE...)
VOUCHER-20261009-00733,2026-10-10T11:38:07,3010,Equity:Members:SCMA-FOUNDER,0.00,35.67,Waterfall Settlement Sweep - SCMA-FOUNDER (HMAC: AUTHENTICATE...)
VOUCHER-20261009-00734,2026-10-10T11:38:07,1010,Assets:Bank:PenFed FBO Operating Cash,30.53,0.00,Waterfall Settlement Sweep - SCMA-MEM-0001 (HMAC: AUTHENTICATE...)
VOUCHER-20261009-00734,2026-10-10T11:38:07,3020,Equity:Members:SCMA-MEM-0001,0.00,30.53,Waterfall Settlement Sweep - SCMA-MEM-0001 (HMAC: AUTHENTICATE...)
VOUCHER-20261009-00735,2026-10-10T11:38:07,1010,Assets:Bank:PenFed FBO Operating Cash,35.67,0.00,Waterfall Settlement Sweep - SCMA-FOUNDER (HMAC: AUTHENTICATE...)
VOUCHER-20261009-00735,2026-10-10T11:38:07,3010,Equity:Members:SCMA-FOUNDER,0.00,35.67,Waterfall Settlement Sweep - SCMA-FOUNDER (HMAC: AUTHENTICATE...)
VOUCHER-20261009-00736,2026-10-10T11:38:07,1010,Assets:Bank:PenFed FBO Operating Cash,30.53,0.00,Waterfall Settlement Sweep - SCMA-MEM-0001 (HMAC: AUTHENTICATE...)
VOUCHER-20261009-00736,2026-10-10T11:38:07,3020,Equity:Members:SCMA-MEM-0001,0.00,30.53,Waterfall Settlement Sweep - SCMA-MEM-0001 (HMAC: AUTHENTICATE...)
VOUCHER-20261009-00737,2026-10-10T11:38:07,1010,Assets:Bank:PenFed FBO Operating Cash,35.67,0.00,Waterfall Settlement Sweep - SCMA-FOUNDER (HMAC: AUTHENTICATE...)
VOUCHER-20261009-00737,2026-10-10T11:38:07,3010,Equity:Members:SCMA-FOUNDER,0.00,35.67,Waterfall Settlement Sweep - SCMA-FOUNDER (HMAC: AUTHENTICATE...)
VOUCHER-20261009-00738,2026-10-10T11:38:07,1010,Assets:Bank:PenFed FBO Operating Cash,30.53,0.00,Waterfall Settlement Sweep - SCMA-MEM-0001 (HMAC: AUTHENTICATE...)
VOUCHER-20261009-00738,2026-10-10T11:38:07,3020,Equity:Members:SCMA-MEM-0001,0.00,30.53,Waterfall Settlement Sweep - SCMA-MEM-0001 (HMAC: AUTHENTICATE...)
VOUCHER-20261009-00739,2026-10-10T11:38:07,1010,Assets:Bank:PenFed FBO Operating Cash,35.67,0.00,Waterfall Settlement Sweep - SCMA-FOUNDER (HMAC: AUTHENTICATE...)
VOUCHER-20261009-00739,2026-10-10T11:38:07,3010,Equity:Members:SCMA-FOUNDER,0.00,35.67,Waterfall Settlement Sweep - SCMA-FOUNDER (HMAC: AUTHENTICATE...)
VOUCHER-20261009-00740,2026-10-10T11:38:07,1010,Assets:Bank:PenFed FBO Operating Cash,30.53,0.00,Waterfall Settlement Sweep - SCMA-MEM-0001 (HMAC: AUTHENTICATE...)
VOUCHER-20261009-00740,2026-10-10T11:38:07,3020,Equity:Members:SCMA-MEM-0001,0.00,30.53,Waterfall Settlement Sweep - SCMA-MEM-0001 (HMAC: AUTHENTICATE...)
VOUCHER-20261009-00741,2026-10-10T11:38:07,1010,Assets:Bank:PenFed FBO Operating Cash,35.67,0.00,Waterfall Settlement Sweep - SCMA-FOUNDER (HMAC: AUTHENTICATE...)
VOUCHER-20261009-00741,2026-10-10T11:38:07,3010,Equity:Members:SCMA-FOUNDER,0.00,35.67,Waterfall Settlement Sweep - SCMA-FOUNDER (HMAC: AUTHENTICATE...)
VOUCHER-20261009-00742,2026-10-10T11:38:07,1010,Assets:Bank:PenFed FBO Operating Cash,30.53,0.00,Waterfall Settlement Sweep - SCMA-MEM-0001 (HMAC: AUTHENTICATE...)
VOUCHER-20261009-00742,2026-10-10T11:38:07,3020,Equity:Members:SCMA-MEM-0001,0.00,30.53,Waterfall Settlement Sweep - SCMA-MEM-0001 (HMAC: AUTHENTICATE...)
VOUCHER-20261009-00743,2026-10-10T11:38:07,1010,Assets:Bank:PenFed FBO Operating Cash,35.67,0.00,Waterfall Settlement Sweep - SCMA-FOUNDER (HMAC: AUTHENTICATE...)
VOUCHER-20261009-00743,2026-10-10T11:38:07,3010,Equity:Members:SCMA-FOUNDER,0.00,35.67,Waterfall Settlement Sweep - SCMA-FOUNDER (HMAC: AUTHENTICATE...)
VOUCHER-20261009-00744,2026-10-10T11:38:07,1010,Assets:Bank:PenFed FBO Operating Cash,30.53,0.00,Waterfall Settlement Sweep - SCMA-MEM-0001 (HMAC: AUTHENTICATE...)
VOUCHER-20261009-00744,2026-10-10T11:38:07,3020,Equity:Members:SCMA-MEM-0001,0.00,30.53,Waterfall Settlement Sweep - SCMA-MEM-0001 (HMAC: AUTHENTICATE...)
VOUCHER-20261009-00745,2026-10-10T11:38:07,1010,Assets:Bank:PenFed FBO Operating Cash,35.67,0.00,Waterfall Settlement Sweep - SCMA-FOUNDER (HMAC: AUTHENTICATE...)
VOUCHER-20261009-00745,2026-10-10T11:38:07,3010,Equity:Members:SCMA-FOUNDER,0.00,35.67,Waterfall Settlement Sweep - SCMA-FOUNDER (HMAC: AUTHENTICATE...)
VOUCHER-20261009-00746,2026-10-10T11:38:07,1010,Assets:Bank:PenFed FBO Operating Cash,30.53,0.00,Waterfall Settlement Sweep - SCMA-MEM-0001 (HMAC: AUTHENTICATE...)
VOUCHER-20261009-00746,2026-10-10T11:38:07,3020,Equity:Members:SCMA-MEM-0001,0.00,30.53,Waterfall Settlement Sweep - SCMA-MEM-0001 (HMAC: AUTHENTICATE...)
VOUCHER-20261009-00747,2026-10-10T11:38:07,1010,Assets:Bank:PenFed FBO Operating Cash,35.67,0.00,Waterfall Settlement Sweep - SCMA-FOUNDER (HMAC: AUTHENTICATE...)
VOUCHER-20261009-00747,2026-10-10T11:38:07,3010,Equity:Members:SCMA-FOUNDER,0.00,35.67,Waterfall Settlement Sweep - SCMA-FOUNDER (HMAC: AUTHENTICATE...)
VOUCHER-20261009-00748,2026-10-10T11:38:07,1010,Assets:Bank:PenFed FBO Operating Cash,30.53,0.00,Waterfall Settlement Sweep - SCMA-MEM-0001 (HMAC: AUTHENTICATE...)
VOUCHER-20261009-00748,2026-10-10T11:38:07,3020,Equity:Members:SCMA-MEM-0001,0.00,30.53,Waterfall Settlement Sweep - SCMA-MEM-0001 (HMAC: AUTHENTICATE...)
VOUCHER-20261009-00749,2026-10-10T11:38:07,1010,Assets:Bank:PenFed FBO Operating Cash,35.67,0.00,Waterfall Settlement Sweep - SCMA-FOUNDER (HMAC: AUTHENTICATE...)
VOUCHER-20261009-00749,2026-10-10T11:38:07,3010,Equity:Members:SCMA-FOUNDER,0.00,35.67,Waterfall Settlement Sweep - SCMA-FOUNDER (HMAC: AUTHENTICATE...)
VOUCHER-20261009-00750,2026-10-10T11:38:07,1010,Assets:Bank:PenFed FBO Operating Cash,30.53,0.00,Waterfall Settlement Sweep - SCMA-MEM-0001 (HMAC: AUTHENTICATE...)
VOUCHER-20261009-00750,2026-10-10T11:38:07,3020,Equity:Members:SCMA-MEM-0001,0.00,30.53,Waterfall Settlement Sweep - SCMA-MEM-0001 (HMAC: AUTHENTICATE...)
VOUCHER-20261009-00751,2026-10-10T11:38:07,1010,Assets:Bank:PenFed FBO Operating Cash,35.67,0.00,Waterfall Settlement Sweep - SCMA-FOUNDER (HMAC: AUTHENTICATE...)
VOUCHER-20261009-00751,2026-10-10T11:38:07,3010,Equity:Members:SCMA-FOUNDER,0.00,35.67,Waterfall Settlement Sweep - SCMA-FOUNDER (HMAC: AUTHENTICATE...)
VOUCHER-20261009-00752,2026-10-10T11:38:07,1010,Assets:Bank:PenFed FBO Operating Cash,30.53,0.00,Waterfall Settlement Sweep - SCMA-MEM-0001 (HMAC: AUTHENTICATE...)
VOUCHER-20261009-00752,2026-10-10T11:38:07,3020,Equity:Members:SCMA-MEM-0001,0.00,30.53,Waterfall Settlement Sweep - SCMA-MEM-0001 (HMAC: AUTHENTICATE...)
VOUCHER-20261009-00753,2026-10-10T11:38:07,1010,Assets:Bank:PenFed FBO Operating Cash,35.67,0.00,Waterfall Settlement Sweep - SCMA-FOUNDER (HMAC: AUTHENTICATE...)
VOUCHER-20261009-00753,2026-10-10T11:38:07,3010,Equity:Members:SCMA-FOUNDER,0.00,35.67,Waterfall Settlement Sweep - SCMA-FOUNDER (HMAC: AUTHENTICATE...)
VOUCHER-20261009-00754,2026-10-10T11:38:07,1010,Assets:Bank:PenFed FBO Operating Cash,30.53,0.00,Waterfall Settlement Sweep - SCMA-MEM-0001 (HMAC: AUTHENTICATE...)
VOUCHER-20261009-00754,2026-10-10T11:38:07,3020,Equity:Members:SCMA-MEM-0001,0.00,30.53,Waterfall Settlement Sweep - SCMA-MEM-0001 (HMAC: AUTHENTICATE...)
VOUCHER-20261009-00755,2026-10-10T11:38:07,1010,Assets:Bank:PenFed FBO Operating Cash,35.67,0.00,Waterfall Settlement Sweep - SCMA-FOUNDER (HMAC: AUTHENTICATE...)
VOUCHER-20261009-00755,2026-10-10T11:38:07,3010,Equity:Members:SCMA-FOUNDER,0.00,35.67,Waterfall Settlement Sweep - SCMA-FOUNDER (HMAC: AUTHENTICATE...)
VOUCHER-20261009-00756,2026-10-10T11:38:07,1010,Assets:Bank:PenFed FBO Operating Cash,30.53,0.00,Waterfall Settlement Sweep - SCMA-MEM-0001 (HMAC: AUTHENTICATE...)
VOUCHER-20261009-00756,2026-10-10T11:38:07,3020,Equity:Members:SCMA-MEM-0001,0.00,30.53,Waterfall Settlement Sweep - SCMA-MEM-0001 (HMAC: AUTHENTICATE...)
VOUCHER-20261009-00757,2026-10-10T11:38:07,1010,Assets:Bank:PenFed FBO Operating Cash,35.67,0.00,Waterfall Settlement Sweep - SCMA-FOUNDER (HMAC: AUTHENTICATE...)
VOUCHER-20261009-00757,2026-10-10T11:38:07,3010,Equity:Members:SCMA-FOUNDER,0.00,35.67,Waterfall Settlement Sweep - SCMA-FOUNDER (HMAC: AUTHENTICATE...)
VOUCHER-20261009-00758,2026-10-10T11:38:07,1010,Assets:Bank:PenFed FBO Operating Cash,30.53,0.00,Waterfall Settlement Sweep - SCMA-MEM-0001 (HMAC: AUTHENTICATE...)
VOUCHER-20261009-00758,2026-10-10T11:38:07,3020,Equity:Members:SCMA-MEM-0001,0.00,30.53,Waterfall Settlement Sweep - SCMA-MEM-0001 (HMAC: AUTHENTICATE...)
VOUCHER-20261009-00759,2026-10-10T11:38:07,1010,Assets:Bank:PenFed FBO Operating Cash,35.67,0.00,Waterfall Settlement Sweep - SCMA-FOUNDER (HMAC: AUTHENTICATE...)
VOUCHER-20261009-00759,2026-10-10T11:38:07,3010,Equity:Members:SCMA-FOUNDER,0.00,35.67,Waterfall Settlement Sweep - SCMA-FOUNDER (HMAC: AUTHENTICATE...)
VOUCHER-20261009-00760,2026-10-10T11:38:07,1010,Assets:Bank:PenFed FBO Operating Cash,30.53,0.00,Waterfall Settlement Sweep - SCMA-MEM-0001 (HMAC: AUTHENTICATE...)
VOUCHER-20261009-00760,2026-10-10T11:38:07,3020,Equity:Members:SCMA-MEM-0001,0.00,30.53,Waterfall Settlement Sweep - SCMA-MEM-0001 (HMAC: AUTHENTICATE...)
VOUCHER-20261009-00761,2026-10-10T11:38:07,1010,Assets:Bank:PenFed FBO Operating Cash,35.67,0.00,Waterfall Settlement Sweep - SCMA-FOUNDER (HMAC: AUTHENTICATE...)
VOUCHER-20261009-00761,2026-10-10T11:38:07,3010,Equity:Members:SCMA-FOUNDER,0.00,35.67,Waterfall Settlement Sweep - SCMA-FOUNDER (HMAC: AUTHENTICATE...)
VOUCHER-20261009-00762,2026-10-10T11:38:07,1010,Assets:Bank:PenFed FBO Operating Cash,30.53,0.00,Waterfall Settlement Sweep - SCMA-MEM-0001 (HMAC: AUTHENTICATE...)
VOUCHER-20261009-00762,2026-10-10T11:38:07,3020,Equity:Members:SCMA-MEM-0001,0.00,30.53,Waterfall Settlement Sweep - SCMA-MEM-0001 (HMAC: AUTHENTICATE...)
VOUCHER-20261009-00763,2026-10-10T11:38:07,1010,Assets:Bank:PenFed FBO Operating Cash,35.67,0.00,Waterfall Settlement Sweep - SCMA-FOUNDER (HMAC: AUTHENTICATE...)
VOUCHER-20261009-00763,2026-10-10T11:38:07,3010,Equity:Members:SCMA-FOUNDER,0.00,35.67,Waterfall Settlement Sweep - SCMA-FOUNDER (HMAC: AUTHENTICATE...)
VOUCHER-20261009-00764,2026-10-10T11:38:07,1010,Assets:Bank:PenFed FBO Operating Cash,30.53,0.00,Waterfall Settlement Sweep - SCMA-MEM-0001 (HMAC: AUTHENTICATE...)
VOUCHER-20261009-00764,2026-10-10T11:38:07,3020,Equity:Members:SCMA-MEM-0001,0.00,30.53,Waterfall Settlement Sweep - SCMA-MEM-0001 (HMAC: AUTHENTICATE...)
VOUCHER-20261009-00765,2026-10-10T11:38:07,1010,Assets:Bank:PenFed FBO Operating Cash,35.67,0.00,Waterfall Settlement Sweep - SCMA-FOUNDER (HMAC: AUTHENTICATE...)
VOUCHER-20261009-00765,2026-10-10T11:38:07,3010,Equity:Members:SCMA-FOUNDER,0.00,35.67,Waterfall Settlement Sweep - SCMA-FOUNDER (HMAC: AUTHENTICATE...)
VOUCHER-20261009-00766,2026-10-10T11:38:07,1010,Assets:Bank:PenFed FBO Operating Cash,30.53,0.00,Waterfall Settlement Sweep - SCMA-MEM-0001 (HMAC: AUTHENTICATE...)
VOUCHER-20261009-00766,2026-10-10T11:38:07,3020,Equity:Members:SCMA-MEM-0001,0.00,30.53,Waterfall Settlement Sweep - SCMA-MEM-0001 (HMAC: AUTHENTICATE...)
VOUCHER-20261009-00767,2026-10-10T11:38:07,1010,Assets:Bank:PenFed FBO Operating Cash,35.67,0.00,Waterfall Settlement Sweep - SCMA-FOUNDER (HMAC: AUTHENTICATE...)
VOUCHER-20261009-00767,2026-10-10T11:38:07,3010,Equity:Members:SCMA-FOUNDER,0.00,35.67,Waterfall Settlement Sweep - SCMA-FOUNDER (HMAC: AUTHENTICATE...)
VOUCHER-20261009-00768,2026-10-10T11:38:07,1010,Assets:Bank:PenFed FBO Operating Cash,30.53,0.00,Waterfall Settlement Sweep - SCMA-MEM-0001 (HMAC: AUTHENTICATE...)
VOUCHER-20261009-00768,2026-10-10T11:38:07,3020,Equity:Members:SCMA-MEM-0001,0.00,30.53,Waterfall Settlement Sweep - SCMA-MEM-0001 (HMAC: AUTHENTICATE...)
VOUCHER-20261009-00769,2026-10-10T11:38:07,1010,Assets:Bank:PenFed FBO Operating Cash,35.67,0.00,Waterfall Settlement Sweep - SCMA-FOUNDER (HMAC: AUTHENTICATE...)
VOUCHER-20261009-00769,2026-10-10T11:38:07,3010,Equity:Members:SCMA-FOUNDER,0.00,35.67,Waterfall Settlement Sweep - SCMA-FOUNDER (HMAC: AUTHENTICATE...)
VOUCHER-20261009-00770,2026-10-10T11:38:07,1010,Assets:Bank:PenFed FBO Operating Cash,30.53,0.00,Waterfall Settlement Sweep - SCMA-MEM-0001 (HMAC: AUTHENTICATE...)
VOUCHER-20261009-00770,2026-10-10T11:38:07,3020,Equity:Members:SCMA-MEM-0001,0.00,30.53,Waterfall Settlement Sweep - SCMA-MEM-0001 (HMAC: AUTHENTICATE...)
VOUCHER-20261009-00771,2026-10-10T11:38:07,1010,Assets:Bank:PenFed FBO Operating Cash,35.67,0.00,Waterfall Settlement Sweep - SCMA-FOUNDER (HMAC: AUTHENTICATE...)
VOUCHER-20261009-00771,2026-10-10T11:38:07,3010,Equity:Members:SCMA-FOUNDER,0.00,35.67,Waterfall Settlement Sweep - SCMA-FOUNDER (HMAC: AUTHENTICATE...)
VOUCHER-20261009-00772,2026-10-10T11:38:07,1010,Assets:Bank:PenFed FBO Operating Cash,30.53,0.00,Waterfall Settlement Sweep - SCMA-MEM-0001 (HMAC: AUTHENTICATE...)
VOUCHER-20261009-00772,2026-10-10T11:38:07,3020,Equity:Members:SCMA-MEM-0001,0.00,30.53,Waterfall Settlement Sweep - SCMA-MEM-0001 (HMAC: AUTHENTICATE...)
VOUCHER-20261009-00773,2026-10-10T11:38:07,1010,Assets:Bank:PenFed FBO Operating Cash,35.67,0.00,Waterfall Settlement Sweep - SCMA-FOUNDER (HMAC: AUTHENTICATE...)
VOUCHER-20261009-00773,2026-10-10T11:38:07,3010,Equity:Members:SCMA-FOUNDER,0.00,35.67,Waterfall Settlement Sweep - SCMA-FOUNDER (HMAC: AUTHENTICATE...)
VOUCHER-20261009-00774,2026-10-10T11:38:07,1010,Assets:Bank:PenFed FBO Operating Cash,30.53,0.00,Waterfall Settlement Sweep - SCMA-MEM-0001 (HMAC: AUTHENTICATE...)
VOUCHER-20261009-00774,2026-10-10T11:38:07,3020,Equity:Members:SCMA-MEM-0001,0.00,30.53,Waterfall Settlement Sweep - SCMA-MEM-0001 (HMAC: AUTHENTICATE...)
VOUCHER-20261009-00775,2026-10-10T11:38:07,1010,Assets:Bank:PenFed FBO Operating Cash,35.67,0.00,Waterfall Settlement Sweep - SCMA-FOUNDER (HMAC: AUTHENTICATE...)
VOUCHER-20261009-00775,2026-10-10T11:38:07,3010,Equity:Members:SCMA-FOUNDER,0.00,35.67,Waterfall Settlement Sweep - SCMA-FOUNDER (HMAC: AUTHENTICATE...)
VOUCHER-20261009-00776,2026-10-10T11:38:07,1010,Assets:Bank:PenFed FBO Operating Cash,30.53,0.00,Waterfall Settlement Sweep - SCMA-MEM-0001 (HMAC: AUTHENTICATE...)
VOUCHER-20261009-00776,2026-10-10T11:38:07,3020,Equity:Members:SCMA-MEM-0001,0.00,30.53,Waterfall Settlement Sweep - SCMA-MEM-0001 (HMAC: AUTHENTICATE...)
VOUCHER-20261009-00777,2026-10-10T11:38:07,1010,Assets:Bank:PenFed FBO Operating Cash,35.67,0.00,Waterfall Settlement Sweep - SCMA-FOUNDER (HMAC: AUTHENTICATE...)
VOUCHER-20261009-00777,2026-10-10T11:38:07,3010,Equity:Members:SCMA-FOUNDER,0.00,35.67,Waterfall Settlement Sweep - SCMA-FOUNDER (HMAC: AUTHENTICATE...)
VOUCHER-20261009-00778,2026-10-10T11:38:07,1010,Assets:Bank:PenFed FBO Operating Cash,30.53,0.00,Waterfall Settlement Sweep - SCMA-MEM-0001 (HMAC: AUTHENTICATE...)
VOUCHER-20261009-00778,2026-10-10T11:38:07,3020,Equity:Members:SCMA-MEM-0001,0.00,30.53,Waterfall Settlement Sweep - SCMA-MEM-0001 (HMAC: AUTHENTICATE...)
VOUCHER-20261009-00779,2026-10-10T11:38:07,1010,Assets:Bank:PenFed FBO Operating Cash,35.67,0.00,Waterfall Settlement Sweep - SCMA-FOUNDER (HMAC: AUTHENTICATE...)
VOUCHER-20261009-00779,2026-10-10T11:38:07,3010,Equity:Members:SCMA-FOUNDER,0.00,35.67,Waterfall Settlement Sweep - SCMA-FOUNDER (HMAC: AUTHENTICATE...)
VOUCHER-20261009-00780,2026-10-10T11:38:07,1010,Assets:Bank:PenFed FBO Operating Cash,30.53,0.00,Waterfall Settlement Sweep - SCMA-MEM-0001 (HMAC: AUTHENTICATE...)
VOUCHER-20261009-00780,2026-10-10T11:38:07,3020,Equity:Members:SCMA-MEM-0001,0.00,30.53,Waterfall Settlement Sweep - SCMA-MEM-0001 (HMAC: AUTHENTICATE...)
VOUCHER-20261009-00781,2026-10-10T11:38:07,1010,Assets:Bank:PenFed FBO Operating Cash,35.67,0.00,Waterfall Settlement Sweep - SCMA-FOUNDER (HMAC: AUTHENTICATE...)
VOUCHER-20261009-00781,2026-10-10T11:38:07,3010,Equity:Members:SCMA-FOUNDER,0.00,35.67,Waterfall Settlement Sweep - SCMA-FOUNDER (HMAC: AUTHENTICATE...)
VOUCHER-20261009-00782,2026-10-10T11:38:07,1010,Assets:Bank:PenFed FBO Operating Cash,30.53,0.00,Waterfall Settlement Sweep - SCMA-MEM-0001 (HMAC: AUTHENTICATE...)
VOUCHER-20261009-00782,2026-10-10T11:38:07,3020,Equity:Members:SCMA-MEM-0001,0.00,30.53,Waterfall Settlement Sweep - SCMA-MEM-0001 (HMAC: AUTHENTICATE...)
VOUCHER-20261009-00783,2026-10-10T11:38:07,1010,Assets:Bank:PenFed FBO Operating Cash,35.67,0.00,Waterfall Settlement Sweep - SCMA-FOUNDER (HMAC: AUTHENTICATE...)
VOUCHER-20261009-00783,2026-10-10T11:38:07,3010,Equity:Members:SCMA-FOUNDER,0.00,35.67,Waterfall Settlement Sweep - SCMA-FOUNDER (HMAC: AUTHENTICATE...)
VOUCHER-20261009-00784,2026-10-10T11:38:07,1010,Assets:Bank:PenFed FBO Operating Cash,30.53,0.00,Waterfall Settlement Sweep - SCMA-MEM-0001 (HMAC: AUTHENTICATE...)
VOUCHER-20261009-00784,2026-10-10T11:38:07,3020,Equity:Members:SCMA-MEM-0001,0.00,30.53,Waterfall Settlement Sweep - SCMA-MEM-0001 (HMAC: AUTHENTICATE...)
VOUCHER-20261009-00785,2026-10-10T11:38:07,1010,Assets:Bank:PenFed FBO Operating Cash,35.67,0.00,Waterfall Settlement Sweep - SCMA-FOUNDER (HMAC: AUTHENTICATE...)
VOUCHER-20261009-00785,2026-10-10T11:38:07,3010,Equity:Members:SCMA-FOUNDER,0.00,35.67,Waterfall Settlement Sweep - SCMA-FOUNDER (HMAC: AUTHENTICATE...)
VOUCHER-20261009-00786,2026-10-10T11:38:07,1010,Assets:Bank:PenFed FBO Operating Cash,30.53,0.00,Waterfall Settlement Sweep - SCMA-MEM-0001 (HMAC: AUTHENTICATE...)
VOUCHER-20261009-00786,2026-10-10T11:38:07,3020,Equity:Members:SCMA-MEM-0001,0.00,30.53,Waterfall Settlement Sweep - SCMA-MEM-0001 (HMAC: AUTHENTICATE...)
VOUCHER-20261009-00787,2026-10-10T11:38:07,1010,Assets:Bank:PenFed FBO Operating Cash,35.67,0.00,Waterfall Settlement Sweep - SCMA-FOUNDER (HMAC: AUTHENTICATE...)
VOUCHER-20261009-00787,2026-10-10T11:38:07,3010,Equity:Members:SCMA-FOUNDER,0.00,35.67,Waterfall Settlement Sweep - SCMA-FOUNDER (HMAC: AUTHENTICATE...)
VOUCHER-20261009-00788,2026-10-10T11:38:07,1010,Assets:Bank:PenFed FBO Operating Cash,30.53,0.00,Waterfall Settlement Sweep - SCMA-MEM-0001 (HMAC: AUTHENTICATE...)
VOUCHER-20261009-00788,2026-10-10T11:38:07,3020,Equity:Members:SCMA-MEM-0001,0.00,30.53,Waterfall Settlement Sweep - SCMA-MEM-0001 (HMAC: AUTHENTICATE...)
VOUCHER-20261009-00789,2026-10-10T11:38:07,1010,Assets:Bank:PenFed FBO Operating Cash,35.67,0.00,Waterfall Settlement Sweep - SCMA-FOUNDER (HMAC: AUTHENTICATE...)
VOUCHER-20261009-00789,2026-10-10T11:38:07,3010,Equity:Members:SCMA-FOUNDER,0.00,35.67,Waterfall Settlement Sweep - SCMA-FOUNDER (HMAC: AUTHENTICATE...)
VOUCHER-20261009-00790,2026-10-10T11:38:07,1010,Assets:Bank:PenFed FBO Operating Cash,30.53,0.00,Waterfall Settlement Sweep - SCMA-MEM-0001 (HMAC: AUTHENTICATE...)
VOUCHER-20261009-00790,2026-10-10T11:38:07,3020,Equity:Members:SCMA-MEM-0001,0.00,30.53,Waterfall Settlement Sweep - SCMA-MEM-0001 (HMAC: AUTHENTICATE...)
VOUCHER-20261009-00791,2026-10-10T11:38:07,1010,Assets:Bank:PenFed FBO Operating Cash,35.67,0.00,Waterfall Settlement Sweep - SCMA-FOUNDER (HMAC: AUTHENTICATE...)
VOUCHER-20261009-00791,2026-10-10T11:38:07,3010,Equity:Members:SCMA-FOUNDER,0.00,35.67,Waterfall Settlement Sweep - SCMA-FOUNDER (HMAC: AUTHENTICATE...)
VOUCHER-20261009-00792,2026-10-10T11:38:07,1010,Assets:Bank:PenFed FBO Operating Cash,30.53,0.00,Waterfall Settlement Sweep - SCMA-MEM-0001 (HMAC: AUTHENTICATE...)
VOUCHER-20261009-00792,2026-10-10T11:38:07,3020,Equity:Members:SCMA-MEM-0001,0.00,30.53,Waterfall Settlement Sweep - SCMA-MEM-0001 (HMAC: AUTHENTICATE...)
VOUCHER-20261009-00793,2026-10-10T11:38:07,1010,Assets:Bank:PenFed FBO Operating Cash,35.67,0.00,Waterfall Settlement Sweep - SCMA-FOUNDER (HMAC: AUTHENTICATE...)
VOUCHER-20261009-00793,2026-10-10T11:38:07,3010,Equity:Members:SCMA-FOUNDER,0.00,35.67,Waterfall Settlement Sweep - SCMA-FOUNDER (HMAC: AUTHENTICATE...)
VOUCHER-20261009-00794,2026-10-10T11:38:07,1010,Assets:Bank:PenFed FBO Operating Cash,30.53,0.00,Waterfall Settlement Sweep - SCMA-MEM-0001 (HMAC: AUTHENTICATE...)
VOUCHER-20261009-00794,2026-10-10T11:38:07,3020,Equity:Members:SCMA-MEM-0001,0.00,30.53,Waterfall Settlement Sweep - SCMA-MEM-0001 (HMAC: AUTHENTICATE...)
VOUCHER-20261009-00795,2026-10-10T11:38:07,1010,Assets:Bank:PenFed FBO Operating Cash,35.67,0.00,Waterfall Settlement Sweep - SCMA-FOUNDER (HMAC: AUTHENTICATE...)
VOUCHER-20261009-00795,2026-10-10T11:38:07,3010,Equity:Members:SCMA-FOUNDER,0.00,35.67,Waterfall Settlement Sweep - SCMA-FOUNDER (HMAC: AUTHENTICATE...)
VOUCHER-20261009-00796,2026-10-10T11:38:07,1010,Assets:Bank:PenFed FBO Operating Cash,30.53,0.00,Waterfall Settlement Sweep - SCMA-MEM-0001 (HMAC: AUTHENTICATE...)
VOUCHER-20261009-00796,2026-10-10T11:38:07,3020,Equity:Members:SCMA-MEM-0001,0.00,30.53,Waterfall Settlement Sweep - SCMA-MEM-0001 (HMAC: AUTHENTICATE...)
VOUCHER-20261009-00797,2026-10-10T11:38:07,1010,Assets:Bank:PenFed FBO Operating Cash,35.67,0.00,Waterfall Settlement Sweep - SCMA-FOUNDER (HMAC: AUTHENTICATE...)
VOUCHER-20261009-00797,2026-10-10T11:38:07,3010,Equity:Members:SCMA-FOUNDER,0.00,35.67,Waterfall Settlement Sweep - SCMA-FOUNDER (HMAC: AUTHENTICATE...)
VOUCHER-20261009-00798,2026-10-10T11:38:07,1010,Assets:Bank:PenFed FBO Operating Cash,30.53,0.00,Waterfall Settlement Sweep - SCMA-MEM-0001 (HMAC: AUTHENTICATE...)
VOUCHER-20261009-00798,2026-10-10T11:38:07,3020,Equity:Members:SCMA-MEM-0001,0.00,30.53,Waterfall Settlement Sweep - SCMA-MEM-0001 (HMAC: AUTHENTICATE...)
VOUCHER-20261009-00799,2026-10-10T11:38:07,1010,Assets:Bank:PenFed FBO Operating Cash,35.67,0.00,Waterfall Settlement Sweep - SCMA-FOUNDER (HMAC: AUTHENTICATE...)
VOUCHER-20261009-00799,2026-10-10T11:38:07,3010,Equity:Members:SCMA-FOUNDER,0.00,35.67,Waterfall Settlement Sweep - SCMA-FOUNDER (HMAC: AUTHENTICATE...)
VOUCHER-20261009-00800,2026-10-10T11:38:07,1010,Assets:Bank:PenFed FBO Operating Cash,30.53,0.00,Waterfall Settlement Sweep - SCMA-MEM-0001 (HMAC: AUTHENTICATE...)
VOUCHER-20261009-00800,2026-10-10T11:38:07,3020,Equity:Members:SCMA-MEM-0001,0.00,30.53,Waterfall Settlement Sweep - SCMA-MEM-0001 (HMAC: AUTHENTICATE...)
VOUCHER-20261009-00801,2026-10-10T11:38:07,1010,Assets:Bank:PenFed FBO Operating Cash,35.67,0.00,Waterfall Settlement Sweep - SCMA-FOUNDER (HMAC: AUTHENTICATE...)
VOUCHER-20261009-00801,2026-10-10T11:38:07,3010,Equity:Members:SCMA-FOUNDER,0.00,35.67,Waterfall Settlement Sweep - SCMA-FOUNDER (HMAC: AUTHENTICATE...)
VOUCHER-20261009-00802,2026-10-10T11:38:07,1010,Assets:Bank:PenFed FBO Operating Cash,30.53,0.00,Waterfall Settlement Sweep - SCMA-MEM-0001 (HMAC: AUTHENTICATE...)
VOUCHER-20261009-00802,2026-10-10T11:38:07,3020,Equity:Members:SCMA-MEM-0001,0.00,30.53,Waterfall Settlement Sweep - SCMA-MEM-0001 (HMAC: AUTHENTICATE...)
VOUCHER-20261009-00803,2026-10-10T11:38:07,1010,Assets:Bank:PenFed FBO Operating Cash,35.67,0.00,Waterfall Settlement Sweep - SCMA-FOUNDER (HMAC: AUTHENTICATE...)
VOUCHER-20261009-00803,2026-10-10T11:38:07,3010,Equity:Members:SCMA-FOUNDER,0.00,35.67,Waterfall Settlement Sweep - SCMA-FOUNDER (HMAC: AUTHENTICATE...)
VOUCHER-20261009-00804,2026-10-10T11:38:07,1010,Assets:Bank:PenFed FBO Operating Cash,30.53,0.00,Waterfall Settlement Sweep - SCMA-MEM-0001 (HMAC: AUTHENTICATE...)
VOUCHER-20261009-00804,2026-10-10T11:38:07,3020,Equity:Members:SCMA-MEM-0001,0.00,30.53,Waterfall Settlement Sweep - SCMA-MEM-0001 (HMAC: AUTHENTICATE...)
VOUCHER-20261009-00805,2026-10-10T11:38:07,1010,Assets:Bank:PenFed FBO Operating Cash,35.67,0.00,Waterfall Settlement Sweep - SCMA-FOUNDER (HMAC: AUTHENTICATE...)
VOUCHER-20261009-00805,2026-10-10T11:38:07,3010,Equity:Members:SCMA-FOUNDER,0.00,35.67,Waterfall Settlement Sweep - SCMA-FOUNDER (HMAC: AUTHENTICATE...)
VOUCHER-20261009-00806,2026-10-10T11:38:07,1010,Assets:Bank:PenFed FBO Operating Cash,30.53,0.00,Waterfall Settlement Sweep - SCMA-MEM-0001 (HMAC: AUTHENTICATE...)
VOUCHER-20261009-00806,2026-10-10T11:38:07,3020,Equity:Members:SCMA-MEM-0001,0.00,30.53,Waterfall Settlement Sweep - SCMA-MEM-0001 (HMAC: AUTHENTICATE...)
VOUCHER-20261009-00807,2026-10-10T11:38:07,1010,Assets:Bank:PenFed FBO Operating Cash,35.67,0.00,Waterfall Settlement Sweep - SCMA-FOUNDER (HMAC: AUTHENTICATE...)
VOUCHER-20261009-00807,2026-10-10T11:38:07,3010,Equity:Members:SCMA-FOUNDER,0.00,35.67,Waterfall Settlement Sweep - SCMA-FOUNDER (HMAC: AUTHENTICATE...)
VOUCHER-20261009-00808,2026-10-10T11:38:07,1010,Assets:Bank:PenFed FBO Operating Cash,30.53,0.00,Waterfall Settlement Sweep - SCMA-MEM-0001 (HMAC: AUTHENTICATE...)
VOUCHER-20261009-00808,2026-10-10T11:38:07,3020,Equity:Members:SCMA-MEM-0001,0.00,30.53,Waterfall Settlement Sweep - SCMA-MEM-0001 (HMAC: AUTHENTICATE...)
VOUCHER-20261009-00809,2026-10-10T11:38:07,1010,Assets:Bank:PenFed FBO Operating Cash,35.67,0.00,Waterfall Settlement Sweep - SCMA-FOUNDER (HMAC: AUTHENTICATE...)
VOUCHER-20261009-00809,2026-10-10T11:38:07,3010,Equity:Members:SCMA-FOUNDER,0.00,35.67,Waterfall Settlement Sweep - SCMA-FOUNDER (HMAC: AUTHENTICATE...)
VOUCHER-20261009-00810,2026-10-10T11:38:07,1010,Assets:Bank:PenFed FBO Operating Cash,30.53,0.00,Waterfall Settlement Sweep - SCMA-MEM-0001 (HMAC: AUTHENTICATE...)
VOUCHER-20261009-00810,2026-10-10T11:38:07,3020,Equity:Members:SCMA-MEM-0001,0.00,30.53,Waterfall Settlement Sweep - SCMA-MEM-0001 (HMAC: AUTHENTICATE...)
VOUCHER-20261009-00811,2026-10-10T11:38:07,1010,Assets:Bank:PenFed FBO Operating Cash,35.67,0.00,Waterfall Settlement Sweep - SCMA-FOUNDER (HMAC: AUTHENTICATE...)
VOUCHER-20261009-00811,2026-10-10T11:38:07,3010,Equity:Members:SCMA-FOUNDER,0.00,35.67,Waterfall Settlement Sweep - SCMA-FOUNDER (HMAC: AUTHENTICATE...)
VOUCHER-20261009-00812,2026-10-10T11:38:07,1010,Assets:Bank:PenFed FBO Operating Cash,30.53,0.00,Waterfall Settlement Sweep - SCMA-MEM-0001 (HMAC: AUTHENTICATE...)
VOUCHER-20261009-00812,2026-10-10T11:38:07,3020,Equity:Members:SCMA-MEM-0001,0.00,30.53,Waterfall Settlement Sweep - SCMA-MEM-0001 (HMAC: AUTHENTICATE...)
VOUCHER-20261009-00813,2026-10-10T11:38:07,1010,Assets:Bank:PenFed FBO Operating Cash,35.67,0.00,Waterfall Settlement Sweep - SCMA-FOUNDER (HMAC: AUTHENTICATE...)
VOUCHER-20261009-00813,2026-10-10T11:38:07,3010,Equity:Members:SCMA-FOUNDER,0.00,35.67,Waterfall Settlement Sweep - SCMA-FOUNDER (HMAC: AUTHENTICATE...)
VOUCHER-20261009-00814,2026-10-10T11:38:07,1010,Assets:Bank:PenFed FBO Operating Cash,30.53,0.00,Waterfall Settlement Sweep - SCMA-MEM-0001 (HMAC: AUTHENTICATE...)
VOUCHER-20261009-00814,2026-10-10T11:38:07,3020,Equity:Members:SCMA-MEM-0001,0.00,30.53,Waterfall Settlement Sweep - SCMA-MEM-0001 (HMAC: AUTHENTICATE...)
VOUCHER-20261009-00815,2026-10-10T11:38:07,1010,Assets:Bank:PenFed FBO Operating Cash,35.67,0.00,Waterfall Settlement Sweep - SCMA-FOUNDER (HMAC: AUTHENTICATE...)
VOUCHER-20261009-00815,2026-10-10T11:38:07,3010,Equity:Members:SCMA-FOUNDER,0.00,35.67,Waterfall Settlement Sweep - SCMA-FOUNDER (HMAC: AUTHENTICATE...)
VOUCHER-20261009-00816,2026-10-10T11:38:07,1010,Assets:Bank:PenFed FBO Operating Cash,30.53,0.00,Waterfall Settlement Sweep - SCMA-MEM-0001 (HMAC: AUTHENTICATE...)
VOUCHER-20261009-00816,2026-10-10T11:38:07,3020,Equity:Members:SCMA-MEM-0001,0.00,30.53,Waterfall Settlement Sweep - SCMA-MEM-0001 (HMAC: AUTHENTICATE...)
VOUCHER-20261009-00817,2026-10-10T11:38:07,1010,Assets:Bank:PenFed FBO Operating Cash,35.67,0.00,Waterfall Settlement Sweep - SCMA-FOUNDER (HMAC: AUTHENTICATE...)
VOUCHER-20261009-00817,2026-10-10T11:38:07,3010,Equity:Members:SCMA-FOUNDER,0.00,35.67,Waterfall Settlement Sweep - SCMA-FOUNDER (HMAC: AUTHENTICATE...)
VOUCHER-20261009-00818,2026-10-10T11:38:07,1010,Assets:Bank:PenFed FBO Operating Cash,30.53,0.00,Waterfall Settlement Sweep - SCMA-MEM-0001 (HMAC: AUTHENTICATE...)
VOUCHER-20261009-00818,2026-10-10T11:38:07,3020,Equity:Members:SCMA-MEM-0001,0.00,30.53,Waterfall Settlement Sweep - SCMA-MEM-0001 (HMAC: AUTHENTICATE...)
VOUCHER-20261009-00819,2026-10-10T11:38:07,1010,Assets:Bank:PenFed FBO Operating Cash,35.67,0.00,Waterfall Settlement Sweep - SCMA-FOUNDER (HMAC: AUTHENTICATE...)
VOUCHER-20261009-00819,2026-10-10T11:38:07,3010,Equity:Members:SCMA-FOUNDER,0.00,35.67,Waterfall Settlement Sweep - SCMA-FOUNDER (HMAC: AUTHENTICATE...)
VOUCHER-20261009-00820,2026-10-10T11:38:07,1010,Assets:Bank:PenFed FBO Operating Cash,30.53,0.00,Waterfall Settlement Sweep - SCMA-MEM-0001 (HMAC: AUTHENTICATE...)
VOUCHER-20261009-00820,2026-10-10T11:38:07,3020,Equity:Members:SCMA-MEM-0001,0.00,30.53,Waterfall Settlement Sweep - SCMA-MEM-0001 (HMAC: AUTHENTICATE...)
VOUCHER-20261009-00821,2026-10-10T11:38:07,1010,Assets:Bank:PenFed FBO Operating Cash,35.67,0.00,Waterfall Settlement Sweep - SCMA-FOUNDER (HMAC: AUTHENTICATE...)
VOUCHER-20261009-00821,2026-10-10T11:38:07,3010,Equity:Members:SCMA-FOUNDER,0.00,35.67,Waterfall Settlement Sweep - SCMA-FOUNDER (HMAC: AUTHENTICATE...)
VOUCHER-20261009-00822,2026-10-10T11:38:07,1010,Assets:Bank:PenFed FBO Operating Cash,30.53,0.00,Waterfall Settlement Sweep - SCMA-MEM-0001 (HMAC: AUTHENTICATE...)
VOUCHER-20261009-00822,2026-10-10T11:38:07,3020,Equity:Members:SCMA-MEM-0001,0.00,30.53,Waterfall Settlement Sweep - SCMA-MEM-0001 (HMAC: AUTHENTICATE...)
VOUCHER-20261009-00823,2026-10-10T11:38:07,1010,Assets:Bank:PenFed FBO Operating Cash,35.67,0.00,Waterfall Settlement Sweep - SCMA-FOUNDER (HMAC: AUTHENTICATE...)
VOUCHER-20261009-00823,2026-10-10T11:38:07,3010,Equity:Members:SCMA-FOUNDER,0.00,35.67,Waterfall Settlement Sweep - SCMA-FOUNDER (HMAC: AUTHENTICATE...)
VOUCHER-20261009-00824,2026-10-10T11:38:07,1010,Assets:Bank:PenFed FBO Operating Cash,30.53,0.00,Waterfall Settlement Sweep - SCMA-MEM-0001 (HMAC: AUTHENTICATE...)
VOUCHER-20261009-00824,2026-10-10T11:38:07,3020,Equity:Members:SCMA-MEM-0001,0.00,30.53,Waterfall Settlement Sweep - SCMA-MEM-0001 (HMAC: AUTHENTICATE...)
VOUCHER-20261009-00825,2026-10-10T11:38:07,1010,Assets:Bank:PenFed FBO Operating Cash,35.67,0.00,Waterfall Settlement Sweep - SCMA-FOUNDER (HMAC: AUTHENTICATE...)
VOUCHER-20261009-00825,2026-10-10T11:38:07,3010,Equity:Members:SCMA-FOUNDER,0.00,35.67,Waterfall Settlement Sweep - SCMA-FOUNDER (HMAC: AUTHENTICATE...)
VOUCHER-20261009-00826,2026-10-10T11:38:07,1010,Assets:Bank:PenFed FBO Operating Cash,30.53,0.00,Waterfall Settlement Sweep - SCMA-MEM-0001 (HMAC: AUTHENTICATE...)
VOUCHER-20261009-00826,2026-10-10T11:38:07,3020,Equity:Members:SCMA-MEM-0001,0.00,30.53,Waterfall Settlement Sweep - SCMA-MEM-0001 (HMAC: AUTHENTICATE...)
VOUCHER-20261009-00827,2026-10-10T11:38:07,1010,Assets:Bank:PenFed FBO Operating Cash,35.67,0.00,Waterfall Settlement Sweep - SCMA-FOUNDER (HMAC: AUTHENTICATE...)
VOUCHER-20261009-00827,2026-10-10T11:38:07,3010,Equity:Members:SCMA-FOUNDER,0.00,35.67,Waterfall Settlement Sweep - SCMA-FOUNDER (HMAC: AUTHENTICATE...)
VOUCHER-20261009-00828,2026-10-10T11:38:07,1010,Assets:Bank:PenFed FBO Operating Cash,30.53,0.00,Waterfall Settlement Sweep - SCMA-MEM-0001 (HMAC: AUTHENTICATE...)
VOUCHER-20261009-00828,2026-10-10T11:38:07,3020,Equity:Members:SCMA-MEM-0001,0.00,30.53,Waterfall Settlement Sweep - SCMA-MEM-0001 (HMAC: AUTHENTICATE...)
VOUCHER-20261009-00829,2026-10-10T11:38:07,1010,Assets:Bank:PenFed FBO Operating Cash,35.67,0.00,Waterfall Settlement Sweep - SCMA-FOUNDER (HMAC: AUTHENTICATE...)
VOUCHER-20261009-00829,2026-10-10T11:38:07,3010,Equity:Members:SCMA-FOUNDER,0.00,35.67,Waterfall Settlement Sweep - SCMA-FOUNDER (HMAC: AUTHENTICATE...)
VOUCHER-20261009-00830,2026-10-10T11:38:07,1010,Assets:Bank:PenFed FBO Operating Cash,30.53,0.00,Waterfall Settlement Sweep - SCMA-MEM-0001 (HMAC: AUTHENTICATE...)
VOUCHER-20261009-00830,2026-10-10T11:38:07,3020,Equity:Members:SCMA-MEM-0001,0.00,30.53,Waterfall Settlement Sweep - SCMA-MEM-0001 (HMAC: AUTHENTICATE...)
VOUCHER-20261009-00831,2026-10-10T11:38:07,1010,Assets:Bank:PenFed FBO Operating Cash,35.67,0.00,Waterfall Settlement Sweep - SCMA-FOUNDER (HMAC: AUTHENTICATE...)
VOUCHER-20261009-00831,2026-10-10T11:38:07,3010,Equity:Members:SCMA-FOUNDER,0.00,35.67,Waterfall Settlement Sweep - SCMA-FOUNDER (HMAC: AUTHENTICATE...)
VOUCHER-20261009-00832,2026-10-10T11:38:07,1010,Assets:Bank:PenFed FBO Operating Cash,30.53,0.00,Waterfall Settlement Sweep - SCMA-MEM-0001 (HMAC: AUTHENTICATE...)
VOUCHER-20261009-00832,2026-10-10T11:38:07,3020,Equity:Members:SCMA-MEM-0001,0.00,30.53,Waterfall Settlement Sweep - SCMA-MEM-0001 (HMAC: AUTHENTICATE...)
VOUCHER-20261009-00833,2026-10-10T11:38:07,1010,Assets:Bank:PenFed FBO Operating Cash,35.67,0.00,Waterfall Settlement Sweep - SCMA-FOUNDER (HMAC: AUTHENTICATE...)
VOUCHER-20261009-00833,2026-10-10T11:38:07,3010,Equity:Members:SCMA-FOUNDER,0.00,35.67,Waterfall Settlement Sweep - SCMA-FOUNDER (HMAC: AUTHENTICATE...)
VOUCHER-20261009-00834,2026-10-10T11:38:07,1010,Assets:Bank:PenFed FBO Operating Cash,30.53,0.00,Waterfall Settlement Sweep - SCMA-MEM-0001 (HMAC: AUTHENTICATE...)
VOUCHER-20261009-00834,2026-10-10T11:38:07,3020,Equity:Members:SCMA-MEM-0001,0.00,30.53,Waterfall Settlement Sweep - SCMA-MEM-0001 (HMAC: AUTHENTICATE...)
VOUCHER-20261009-00835,2026-10-10T11:38:07,1010,Assets:Bank:PenFed FBO Operating Cash,35.67,0.00,Waterfall Settlement Sweep - SCMA-FOUNDER (HMAC: AUTHENTICATE...)
VOUCHER-20261009-00835,2026-10-10T11:38:07,3010,Equity:Members:SCMA-FOUNDER,0.00,35.67,Waterfall Settlement Sweep - SCMA-FOUNDER (HMAC: AUTHENTICATE...)
VOUCHER-20261009-00836,2026-10-10T11:38:07,1010,Assets:Bank:PenFed FBO Operating Cash,30.53,0.00,Waterfall Settlement Sweep - SCMA-MEM-0001 (HMAC: AUTHENTICATE...)
VOUCHER-20261009-00836,2026-10-10T11:38:07,3020,Equity:Members:SCMA-MEM-0001,0.00,30.53,Waterfall Settlement Sweep - SCMA-MEM-0001 (HMAC: AUTHENTICATE...)
VOUCHER-20261009-00837,2026-10-10T11:38:07,1010,Assets:Bank:PenFed FBO Operating Cash,35.67,0.00,Waterfall Settlement Sweep - SCMA-FOUNDER (HMAC: AUTHENTICATE...)
VOUCHER-20261009-00837,2026-10-10T11:38:07,3010,Equity:Members:SCMA-FOUNDER,0.00,35.67,Waterfall Settlement Sweep - SCMA-FOUNDER (HMAC: AUTHENTICATE...)
VOUCHER-20261009-00838,2026-10-10T11:38:07,1010,Assets:Bank:PenFed FBO Operating Cash,30.53,0.00,Waterfall Settlement Sweep - SCMA-MEM-0001 (HMAC: AUTHENTICATE...)
VOUCHER-20261009-00838,2026-10-10T11:38:07,3020,Equity:Members:SCMA-MEM-0001,0.00,30.53,Waterfall Settlement Sweep - SCMA-MEM-0001 (HMAC: AUTHENTICATE...)
VOUCHER-20261009-00839,2026-10-10T11:38:07,1010,Assets:Bank:PenFed FBO Operating Cash,35.67,0.00,Waterfall Settlement Sweep - SCMA-FOUNDER (HMAC: AUTHENTICATE...)
VOUCHER-20261009-00839,2026-10-10T11:38:07,3010,Equity:Members:SCMA-FOUNDER,0.00,35.67,Waterfall Settlement Sweep - SCMA-FOUNDER (HMAC: AUTHENTICATE...)
VOUCHER-20261009-00840,2026-10-10T11:38:07,1010,Assets:Bank:PenFed FBO Operating Cash,30.53,0.00,Waterfall Settlement Sweep - SCMA-MEM-0001 (HMAC: AUTHENTICATE...)
VOUCHER-20261009-00840,2026-10-10T11:38:07,3020,Equity:Members:SCMA-MEM-0001,0.00,30.53,Waterfall Settlement Sweep - SCMA-MEM-0001 (HMAC: AUTHENTICATE...)
VOUCHER-20261009-00841,2026-10-10T11:38:07,1010,Assets:Bank:PenFed FBO Operating Cash,35.67,0.00,Waterfall Settlement Sweep - SCMA-FOUNDER (HMAC: AUTHENTICATE...)
VOUCHER-20261009-00841,2026-10-10T11:38:07,3010,Equity:Members:SCMA-FOUNDER,0.00,35.67,Waterfall Settlement Sweep - SCMA-FOUNDER (HMAC: AUTHENTICATE...)
VOUCHER-20261009-00842,2026-10-10T11:38:07,1010,Assets:Bank:PenFed FBO Operating Cash,30.53,0.00,Waterfall Settlement Sweep - SCMA-MEM-0001 (HMAC: AUTHENTICATE...)
VOUCHER-20261009-00842,2026-10-10T11:38:07,3020,Equity:Members:SCMA-MEM-0001,0.00,30.53,Waterfall Settlement Sweep - SCMA-MEM-0001 (HMAC: AUTHENTICATE...)
VOUCHER-20261009-00843,2026-10-10T11:38:07,1010,Assets:Bank:PenFed FBO Operating Cash,35.67,0.00,Waterfall Settlement Sweep - SCMA-FOUNDER (HMAC: AUTHENTICATE...)
VOUCHER-20261009-00843,2026-10-10T11:38:07,3010,Equity:Members:SCMA-FOUNDER,0.00,35.67,Waterfall Settlement Sweep - SCMA-FOUNDER (HMAC: AUTHENTICATE...)
VOUCHER-20261009-00844,2026-10-10T11:38:07,1010,Assets:Bank:PenFed FBO Operating Cash,30.53,0.00,Waterfall Settlement Sweep - SCMA-MEM-0001 (HMAC: AUTHENTICATE...)
VOUCHER-20261009-00844,2026-10-10T11:38:07,3020,Equity:Members:SCMA-MEM-0001,0.00,30.53,Waterfall Settlement Sweep - SCMA-MEM-0001 (HMAC: AUTHENTICATE...)
VOUCHER-20261009-00845,2026-10-10T11:38:07,1010,Assets:Bank:PenFed FBO Operating Cash,35.67,0.00,Waterfall Settlement Sweep - SCMA-FOUNDER (HMAC: AUTHENTICATE...)
VOUCHER-20261009-00845,2026-10-10T11:38:07,3010,Equity:Members:SCMA-FOUNDER,0.00,35.67,Waterfall Settlement Sweep - SCMA-FOUNDER (HMAC: AUTHENTICATE...)
VOUCHER-20261009-00846,2026-10-10T11:38:07,1010,Assets:Bank:PenFed FBO Operating Cash,30.53,0.00,Waterfall Settlement Sweep - SCMA-MEM-0001 (HMAC: AUTHENTICATE...)
VOUCHER-20261009-00846,2026-10-10T11:38:07,3020,Equity:Members:SCMA-MEM-0001,0.00,30.53,Waterfall Settlement Sweep - SCMA-MEM-0001 (HMAC: AUTHENTICATE...)
VOUCHER-20261009-00847,2026-10-10T11:38:07,1010,Assets:Bank:PenFed FBO Operating Cash,35.67,0.00,Waterfall Settlement Sweep - SCMA-FOUNDER (HMAC: AUTHENTICATE...)
VOUCHER-20261009-00847,2026-10-10T11:38:07,3010,Equity:Members:SCMA-FOUNDER,0.00,35.67,Waterfall Settlement Sweep - SCMA-FOUNDER (HMAC: AUTHENTICATE...)
VOUCHER-20261009-00848,2026-10-10T11:38:07,1010,Assets:Bank:PenFed FBO Operating Cash,30.53,0.00,Waterfall Settlement Sweep - SCMA-MEM-0001 (HMAC: AUTHENTICATE...)
VOUCHER-20261009-00848,2026-10-10T11:38:07,3020,Equity:Members:SCMA-MEM-0001,0.00,30.53,Waterfall Settlement Sweep - SCMA-MEM-0001 (HMAC: AUTHENTICATE...)
VOUCHER-20261009-00849,2026-10-10T11:38:07,1010,Assets:Bank:PenFed FBO Operating Cash,35.67,0.00,Waterfall Settlement Sweep - SCMA-FOUNDER (HMAC: AUTHENTICATE...)
VOUCHER-20261009-00849,2026-10-10T11:38:07,3010,Equity:Members:SCMA-FOUNDER,0.00,35.67,Waterfall Settlement Sweep - SCMA-FOUNDER (HMAC: AUTHENTICATE...)
VOUCHER-20261009-00850,2026-10-10T11:38:07,1010,Assets:Bank:PenFed FBO Operating Cash,30.53,0.00,Waterfall Settlement Sweep - SCMA-MEM-0001 (HMAC: AUTHENTICATE...)
VOUCHER-20261009-00850,2026-10-10T11:38:07,3020,Equity:Members:SCMA-MEM-0001,0.00,30.53,Waterfall Settlement Sweep - SCMA-MEM-0001 (HMAC: AUTHENTICATE...)
VOUCHER-20261009-00851,2026-10-10T11:38:07,1010,Assets:Bank:PenFed FBO Operating Cash,35.67,0.00,Waterfall Settlement Sweep - SCMA-FOUNDER (HMAC: AUTHENTICATE...)
VOUCHER-20261009-00851,2026-10-10T11:38:07,3010,Equity:Members:SCMA-FOUNDER,0.00,35.67,Waterfall Settlement Sweep - SCMA-FOUNDER (HMAC: AUTHENTICATE...)
VOUCHER-20261009-00852,2026-10-10T11:38:07,1010,Assets:Bank:PenFed FBO Operating Cash,30.53,0.00,Waterfall Settlement Sweep - SCMA-MEM-0001 (HMAC: AUTHENTICATE...)
VOUCHER-20261009-00852,2026-10-10T11:38:07,3020,Equity:Members:SCMA-MEM-0001,0.00,30.53,Waterfall Settlement Sweep - SCMA-MEM-0001 (HMAC: AUTHENTICATE...)
VOUCHER-20261009-00853,2026-10-10T11:38:07,1010,Assets:Bank:PenFed FBO Operating Cash,35.67,0.00,Waterfall Settlement Sweep - SCMA-FOUNDER (HMAC: AUTHENTICATE...)
VOUCHER-20261009-00853,2026-10-10T11:38:07,3010,Equity:Members:SCMA-FOUNDER,0.00,35.67,Waterfall Settlement Sweep - SCMA-FOUNDER (HMAC: AUTHENTICATE...)
VOUCHER-20261009-00854,2026-10-10T11:38:07,1010,Assets:Bank:PenFed FBO Operating Cash,30.53,0.00,Waterfall Settlement Sweep - SCMA-MEM-0001 (HMAC: AUTHENTICATE...)
VOUCHER-20261009-00854,2026-10-10T11:38:07,3020,Equity:Members:SCMA-MEM-0001,0.00,30.53,Waterfall Settlement Sweep - SCMA-MEM-0001 (HMAC: AUTHENTICATE...)
VOUCHER-20261009-00855,2026-10-10T11:38:07,1010,Assets:Bank:PenFed FBO Operating Cash,35.67,0.00,Waterfall Settlement Sweep - SCMA-FOUNDER (HMAC: AUTHENTICATE...)
VOUCHER-20261009-00855,2026-10-10T11:38:07,3010,Equity:Members:SCMA-FOUNDER,0.00,35.67,Waterfall Settlement Sweep - SCMA-FOUNDER (HMAC: AUTHENTICATE...)
VOUCHER-20261009-00856,2026-10-10T11:38:07,1010,Assets:Bank:PenFed FBO Operating Cash,30.53,0.00,Waterfall Settlement Sweep - SCMA-MEM-0001 (HMAC: AUTHENTICATE...)
VOUCHER-20261009-00856,2026-10-10T11:38:07,3020,Equity:Members:SCMA-MEM-0001,0.00,30.53,Waterfall Settlement Sweep - SCMA-MEM-0001 (HMAC: AUTHENTICATE...)
VOUCHER-20261009-00857,2026-10-10T11:38:07,1010,Assets:Bank:PenFed FBO Operating Cash,35.67,0.00,Waterfall Settlement Sweep - SCMA-FOUNDER (HMAC: AUTHENTICATE...)
VOUCHER-20261009-00857,2026-10-10T11:38:07,3010,Equity:Members:SCMA-FOUNDER,0.00,35.67,Waterfall Settlement Sweep - SCMA-FOUNDER (HMAC: AUTHENTICATE...)
VOUCHER-20261009-00858,2026-10-10T11:38:07,1010,Assets:Bank:PenFed FBO Operating Cash,30.53,0.00,Waterfall Settlement Sweep - SCMA-MEM-0001 (HMAC: AUTHENTICATE...)
VOUCHER-20261009-00858,2026-10-10T11:38:07,3020,Equity:Members:SCMA-MEM-0001,0.00,30.53,Waterfall Settlement Sweep - SCMA-MEM-0001 (HMAC: AUTHENTICATE...)
VOUCHER-20261009-00859,2026-10-10T11:38:07,1010,Assets:Bank:PenFed FBO Operating Cash,35.67,0.00,Waterfall Settlement Sweep - SCMA-FOUNDER (HMAC: AUTHENTICATE...)
VOUCHER-20261009-00859,2026-10-10T11:38:07,3010,Equity:Members:SCMA-FOUNDER,0.00,35.67,Waterfall Settlement Sweep - SCMA-FOUNDER (HMAC: AUTHENTICATE...)
VOUCHER-20261009-00860,2026-10-10T11:38:07,1010,Assets:Bank:PenFed FBO Operating Cash,30.53,0.00,Waterfall Settlement Sweep - SCMA-MEM-0001 (HMAC: AUTHENTICATE...)
VOUCHER-20261009-00860,2026-10-10T11:38:07,3020,Equity:Members:SCMA-MEM-0001,0.00,30.53,Waterfall Settlement Sweep - SCMA-MEM-0001 (HMAC: AUTHENTICATE...)
VOUCHER-20261009-00861,2026-10-10T11:38:07,1010,Assets:Bank:PenFed FBO Operating Cash,35.67,0.00,Waterfall Settlement Sweep - SCMA-FOUNDER (HMAC: AUTHENTICATE...)
VOUCHER-20261009-00861,2026-10-10T11:38:07,3010,Equity:Members:SCMA-FOUNDER,0.00,35.67,Waterfall Settlement Sweep - SCMA-FOUNDER (HMAC: AUTHENTICATE...)
VOUCHER-20261009-00862,2026-10-10T11:38:07,1010,Assets:Bank:PenFed FBO Operating Cash,30.53,0.00,Waterfall Settlement Sweep - SCMA-MEM-0001 (HMAC: AUTHENTICATE...)
VOUCHER-20261009-00862,2026-10-10T11:38:07,3020,Equity:Members:SCMA-MEM-0001,0.00,30.53,Waterfall Settlement Sweep - SCMA-MEM-0001 (HMAC: AUTHENTICATE...)
VOUCHER-20261009-00863,2026-10-10T11:38:07,1010,Assets:Bank:PenFed FBO Operating Cash,35.67,0.00,Waterfall Settlement Sweep - SCMA-FOUNDER (HMAC: AUTHENTICATE...)
VOUCHER-20261009-00863,2026-10-10T11:38:07,3010,Equity:Members:SCMA-FOUNDER,0.00,35.67,Waterfall Settlement Sweep - SCMA-FOUNDER (HMAC: AUTHENTICATE...)
VOUCHER-20261009-00864,2026-10-10T11:38:07,1010,Assets:Bank:PenFed FBO Operating Cash,30.53,0.00,Waterfall Settlement Sweep - SCMA-MEM-0001 (HMAC: AUTHENTICATE...)
VOUCHER-20261009-00864,2026-10-10T11:38:07,3020,Equity:Members:SCMA-MEM-0001,0.00,30.53,Waterfall Settlement Sweep - SCMA-MEM-0001 (HMAC: AUTHENTICATE...)
VOUCHER-20261009-00865,2026-10-10T11:38:07,1010,Assets:Bank:PenFed FBO Operating Cash,35.67,0.00,Waterfall Settlement Sweep - SCMA-FOUNDER (HMAC: AUTHENTICATE...)
VOUCHER-20261009-00865,2026-10-10T11:38:07,3010,Equity:Members:SCMA-FOUNDER,0.00,35.67,Waterfall Settlement Sweep - SCMA-FOUNDER (HMAC: AUTHENTICATE...)
VOUCHER-20261009-00866,2026-10-10T11:38:07,1010,Assets:Bank:PenFed FBO Operating Cash,30.53,0.00,Waterfall Settlement Sweep - SCMA-MEM-0001 (HMAC: AUTHENTICATE...)
VOUCHER-20261009-00866,2026-10-10T11:38:07,3020,Equity:Members:SCMA-MEM-0001,0.00,30.53,Waterfall Settlement Sweep - SCMA-MEM-0001 (HMAC: AUTHENTICATE...)
VOUCHER-20261009-00867,2026-10-10T11:38:07,1010,Assets:Bank:PenFed FBO Operating Cash,35.67,0.00,Waterfall Settlement Sweep - SCMA-FOUNDER (HMAC: AUTHENTICATE...)
VOUCHER-20261009-00867,2026-10-10T11:38:07,3010,Equity:Members:SCMA-FOUNDER,0.00,35.67,Waterfall Settlement Sweep - SCMA-FOUNDER (HMAC: AUTHENTICATE...)
VOUCHER-20261009-00868,2026-10-10T11:38:07,1010,Assets:Bank:PenFed FBO Operating Cash,30.53,0.00,Waterfall Settlement Sweep - SCMA-MEM-0001 (HMAC: AUTHENTICATE...)
VOUCHER-20261009-00868,2026-10-10T11:38:07,3020,Equity:Members:SCMA-MEM-0001,0.00,30.53,Waterfall Settlement Sweep - SCMA-MEM-0001 (HMAC: AUTHENTICATE...)
VOUCHER-20261009-00869,2026-10-10T11:38:07,1010,Assets:Bank:PenFed FBO Operating Cash,35.67,0.00,Waterfall Settlement Sweep - SCMA-FOUNDER (HMAC: AUTHENTICATE...)
VOUCHER-20261009-00869,2026-10-10T11:38:07,3010,Equity:Members:SCMA-FOUNDER,0.00,35.67,Waterfall Settlement Sweep - SCMA-FOUNDER (HMAC: AUTHENTICATE...)
VOUCHER-20261009-00870,2026-10-10T11:38:07,1010,Assets:Bank:PenFed FBO Operating Cash,30.53,0.00,Waterfall Settlement Sweep - SCMA-MEM-0001 (HMAC: AUTHENTICATE...)
VOUCHER-20261009-00870,2026-10-10T11:38:07,3020,Equity:Members:SCMA-MEM-0001,0.00,30.53,Waterfall Settlement Sweep - SCMA-MEM-0001 (HMAC: AUTHENTICATE...)
VOUCHER-20261009-00871,2026-10-10T11:38:07,1010,Assets:Bank:PenFed FBO Operating Cash,35.67,0.00,Waterfall Settlement Sweep - SCMA-FOUNDER (HMAC: AUTHENTICATE...)
VOUCHER-20261009-00871,2026-10-10T11:38:07,3010,Equity:Members:SCMA-FOUNDER,0.00,35.67,Waterfall Settlement Sweep - SCMA-FOUNDER (HMAC: AUTHENTICATE...)
VOUCHER-20261009-00872,2026-10-10T11:38:07,1010,Assets:Bank:PenFed FBO Operating Cash,30.53,0.00,Waterfall Settlement Sweep - SCMA-MEM-0001 (HMAC: AUTHENTICATE...)
VOUCHER-20261009-00872,2026-10-10T11:38:07,3020,Equity:Members:SCMA-MEM-0001,0.00,30.53,Waterfall Settlement Sweep - SCMA-MEM-0001 (HMAC: AUTHENTICATE...)
VOUCHER-20261009-00873,2026-10-10T11:38:07,1010,Assets:Bank:PenFed FBO Operating Cash,35.67,0.00,Waterfall Settlement Sweep - SCMA-FOUNDER (HMAC: AUTHENTICATE...)
VOUCHER-20261009-00873,2026-10-10T11:38:07,3010,Equity:Members:SCMA-FOUNDER,0.00,35.67,Waterfall Settlement Sweep - SCMA-FOUNDER (HMAC: AUTHENTICATE...)
VOUCHER-20261009-00874,2026-10-10T11:38:07,1010,Assets:Bank:PenFed FBO Operating Cash,30.53,0.00,Waterfall Settlement Sweep - SCMA-MEM-0001 (HMAC: AUTHENTICATE...)
VOUCHER-20261009-00874,2026-10-10T11:38:07,3020,Equity:Members:SCMA-MEM-0001,0.00,30.53,Waterfall Settlement Sweep - SCMA-MEM-0001 (HMAC: AUTHENTICATE...)
VOUCHER-20261009-00875,2026-10-10T11:38:07,1010,Assets:Bank:PenFed FBO Operating Cash,35.67,0.00,Waterfall Settlement Sweep - SCMA-FOUNDER (HMAC: AUTHENTICATE...)
VOUCHER-20261009-00875,2026-10-10T11:38:07,3010,Equity:Members:SCMA-FOUNDER,0.00,35.67,Waterfall Settlement Sweep - SCMA-FOUNDER (HMAC: AUTHENTICATE...)
VOUCHER-20261009-00876,2026-10-10T11:38:07,1010,Assets:Bank:PenFed FBO Operating Cash,30.53,0.00,Waterfall Settlement Sweep - SCMA-MEM-0001 (HMAC: AUTHENTICATE...)
VOUCHER-20261009-00876,2026-10-10T11:38:07,3020,Equity:Members:SCMA-MEM-0001,0.00,30.53,Waterfall Settlement Sweep - SCMA-MEM-0001 (HMAC: AUTHENTICATE...)
VOUCHER-20261009-00877,2026-10-10T11:38:07,1010,Assets:Bank:PenFed FBO Operating Cash,35.67,0.00,Waterfall Settlement Sweep - SCMA-FOUNDER (HMAC: AUTHENTICATE...)
VOUCHER-20261009-00877,2026-10-10T11:38:07,3010,Equity:Members:SCMA-FOUNDER,0.00,35.67,Waterfall Settlement Sweep - SCMA-FOUNDER (HMAC: AUTHENTICATE...)
VOUCHER-20261009-00878,2026-10-10T11:38:07,1010,Assets:Bank:PenFed FBO Operating Cash,30.53,0.00,Waterfall Settlement Sweep - SCMA-MEM-0001 (HMAC: AUTHENTICATE...)
VOUCHER-20261009-00878,2026-10-10T11:38:07,3020,Equity:Members:SCMA-MEM-0001,0.00,30.53,Waterfall Settlement Sweep - SCMA-MEM-0001 (HMAC: AUTHENTICATE...)
VOUCHER-20261009-00879,2026-10-10T11:38:07,1010,Assets:Bank:PenFed FBO Operating Cash,35.67,0.00,Waterfall Settlement Sweep - SCMA-FOUNDER (HMAC: AUTHENTICATE...)
VOUCHER-20261009-00879,2026-10-10T11:38:07,3010,Equity:Members:SCMA-FOUNDER,0.00,35.67,Waterfall Settlement Sweep - SCMA-FOUNDER (HMAC: AUTHENTICATE...)
VOUCHER-20261009-00880,2026-10-10T11:38:07,1010,Assets:Bank:PenFed FBO Operating Cash,30.53,0.00,Waterfall Settlement Sweep - SCMA-MEM-0001 (HMAC: AUTHENTICATE...)
VOUCHER-20261009-00880,2026-10-10T11:38:07,3020,Equity:Members:SCMA-MEM-0001,0.00,30.53,Waterfall Settlement Sweep - SCMA-MEM-0001 (HMAC: AUTHENTICATE...)
VOUCHER-20261009-00881,2026-10-10T11:38:07,1010,Assets:Bank:PenFed FBO Operating Cash,35.67,0.00,Waterfall Settlement Sweep - SCMA-FOUNDER (HMAC: AUTHENTICATE...)
VOUCHER-20261009-00881,2026-10-10T11:38:07,3010,Equity:Members:SCMA-FOUNDER,0.00,35.67,Waterfall Settlement Sweep - SCMA-FOUNDER (HMAC: AUTHENTICATE...)
VOUCHER-20261009-00882,2026-10-10T11:38:07,1010,Assets:Bank:PenFed FBO Operating Cash,30.53,0.00,Waterfall Settlement Sweep - SCMA-MEM-0001 (HMAC: AUTHENTICATE...)
VOUCHER-20261009-00882,2026-10-10T11:38:07,3020,Equity:Members:SCMA-MEM-0001,0.00,30.53,Waterfall Settlement Sweep - SCMA-MEM-0001 (HMAC: AUTHENTICATE...)
VOUCHER-20261009-00883,2026-10-10T11:38:07,1010,Assets:Bank:PenFed FBO Operating Cash,35.67,0.00,Waterfall Settlement Sweep - SCMA-FOUNDER (HMAC: AUTHENTICATE...)
VOUCHER-20261009-00883,2026-10-10T11:38:07,3010,Equity:Members:SCMA-FOUNDER,0.00,35.67,Waterfall Settlement Sweep - SCMA-FOUNDER (HMAC: AUTHENTICATE...)
VOUCHER-20261009-00884,2026-10-10T11:38:07,1010,Assets:Bank:PenFed FBO Operating Cash,30.53,0.00,Waterfall Settlement Sweep - SCMA-MEM-0001 (HMAC: AUTHENTICATE...)
VOUCHER-20261009-00884,2026-10-10T11:38:07,3020,Equity:Members:SCMA-MEM-0001,0.00,30.53,Waterfall Settlement Sweep - SCMA-MEM-0001 (HMAC: AUTHENTICATE...)
VOUCHER-20261009-00885,2026-10-10T11:38:07,1010,Assets:Bank:PenFed FBO Operating Cash,35.67,0.00,Waterfall Settlement Sweep - SCMA-FOUNDER (HMAC: AUTHENTICATE...)
VOUCHER-20261009-00885,2026-10-10T11:38:07,3010,Equity:Members:SCMA-FOUNDER,0.00,35.67,Waterfall Settlement Sweep - SCMA-FOUNDER (HMAC: AUTHENTICATE...)
VOUCHER-20261009-00886,2026-10-10T11:38:07,1010,Assets:Bank:PenFed FBO Operating Cash,30.53,0.00,Waterfall Settlement Sweep - SCMA-MEM-0001 (HMAC: AUTHENTICATE...)
VOUCHER-20261009-00886,2026-10-10T11:38:07,3020,Equity:Members:SCMA-MEM-0001,0.00,30.53,Waterfall Settlement Sweep - SCMA-MEM-0001 (HMAC: AUTHENTICATE...)
VOUCHER-20261009-00887,2026-10-10T11:38:07,1010,Assets:Bank:PenFed FBO Operating Cash,35.67,0.00,Waterfall Settlement Sweep - SCMA-FOUNDER (HMAC: AUTHENTICATE...)
VOUCHER-20261009-00887,2026-10-10T11:38:07,3010,Equity:Members:SCMA-FOUNDER,0.00,35.67,Waterfall Settlement Sweep - SCMA-FOUNDER (HMAC: AUTHENTICATE...)
VOUCHER-20261009-00888,2026-10-10T11:38:07,1010,Assets:Bank:PenFed FBO Operating Cash,30.53,0.00,Waterfall Settlement Sweep - SCMA-MEM-0001 (HMAC: AUTHENTICATE...)
VOUCHER-20261009-00888,2026-10-10T11:38:07,3020,Equity:Members:SCMA-MEM-0001,0.00,30.53,Waterfall Settlement Sweep - SCMA-MEM-0001 (HMAC: AUTHENTICATE...)
VOUCHER-20261009-00889,2026-10-10T11:38:07,1010,Assets:Bank:PenFed FBO Operating Cash,35.67,0.00,Waterfall Settlement Sweep - SCMA-FOUNDER (HMAC: AUTHENTICATE...)
VOUCHER-20261009-00889,2026-10-10T11:38:07,3010,Equity:Members:SCMA-FOUNDER,0.00,35.67,Waterfall Settlement Sweep - SCMA-FOUNDER (HMAC: AUTHENTICATE...)
VOUCHER-20261009-00890,2026-10-10T11:38:07,1010,Assets:Bank:PenFed FBO Operating Cash,30.53,0.00,Waterfall Settlement Sweep - SCMA-MEM-0001 (HMAC: AUTHENTICATE...)
VOUCHER-20261009-00890,2026-10-10T11:38:07,3020,Equity:Members:SCMA-MEM-0001,0.00,30.53,Waterfall Settlement Sweep - SCMA-MEM-0001 (HMAC: AUTHENTICATE...)
VOUCHER-20261009-00891,2026-10-10T11:38:07,1010,Assets:Bank:PenFed FBO Operating Cash,35.67,0.00,Waterfall Settlement Sweep - SCMA-FOUNDER (HMAC: AUTHENTICATE...)
VOUCHER-20261009-00891,2026-10-10T11:38:07,3010,Equity:Members:SCMA-FOUNDER,0.00,35.67,Waterfall Settlement Sweep - SCMA-FOUNDER (HMAC: AUTHENTICATE...)
VOUCHER-20261009-00892,2026-10-10T11:38:07,1010,Assets:Bank:PenFed FBO Operating Cash,30.53,0.00,Waterfall Settlement Sweep - SCMA-MEM-0001 (HMAC: AUTHENTICATE...)
VOUCHER-20261009-00892,2026-10-10T11:38:07,3020,Equity:Members:SCMA-MEM-0001,0.00,30.53,Waterfall Settlement Sweep - SCMA-MEM-0001 (HMAC: AUTHENTICATE...)
VOUCHER-20261009-00893,2026-10-10T11:38:07,1010,Assets:Bank:PenFed FBO Operating Cash,35.67,0.00,Waterfall Settlement Sweep - SCMA-FOUNDER (HMAC: AUTHENTICATE...)
VOUCHER-20261009-00893,2026-10-10T11:38:07,3010,Equity:Members:SCMA-FOUNDER,0.00,35.67,Waterfall Settlement Sweep - SCMA-FOUNDER (HMAC: AUTHENTICATE...)
VOUCHER-20261009-00894,2026-10-10T11:38:07,1010,Assets:Bank:PenFed FBO Operating Cash,30.53,0.00,Waterfall Settlement Sweep - SCMA-MEM-0001 (HMAC: AUTHENTICATE...)
VOUCHER-20261009-00894,2026-10-10T11:38:07,3020,Equity:Members:SCMA-MEM-0001,0.00,30.53,Waterfall Settlement Sweep - SCMA-MEM-0001 (HMAC: AUTHENTICATE...)
VOUCHER-20261009-00895,2026-10-10T11:38:07,1010,Assets:Bank:PenFed FBO Operating Cash,35.67,0.00,Waterfall Settlement Sweep - SCMA-FOUNDER (HMAC: AUTHENTICATE...)
VOUCHER-20261009-00895,2026-10-10T11:38:07,3010,Equity:Members:SCMA-FOUNDER,0.00,35.67,Waterfall Settlement Sweep - SCMA-FOUNDER (HMAC: AUTHENTICATE...)
VOUCHER-20261009-00896,2026-10-10T11:38:07,1010,Assets:Bank:PenFed FBO Operating Cash,30.53,0.00,Waterfall Settlement Sweep - SCMA-MEM-0001 (HMAC: AUTHENTICATE...)
VOUCHER-20261009-00896,2026-10-10T11:38:07,3020,Equity:Members:SCMA-MEM-0001,0.00,30.53,Waterfall Settlement Sweep - SCMA-MEM-0001 (HMAC: AUTHENTICATE...)
VOUCHER-20261009-00897,2026-10-10T11:38:07,1010,Assets:Bank:PenFed FBO Operating Cash,35.67,0.00,Waterfall Settlement Sweep - SCMA-FOUNDER (HMAC: AUTHENTICATE...)
VOUCHER-20261009-00897,2026-10-10T11:38:07,3010,Equity:Members:SCMA-FOUNDER,0.00,35.67,Waterfall Settlement Sweep - SCMA-FOUNDER (HMAC: AUTHENTICATE...)
VOUCHER-20261009-00898,2026-10-10T11:38:07,1010,Assets:Bank:PenFed FBO Operating Cash,30.53,0.00,Waterfall Settlement Sweep - SCMA-MEM-0001 (HMAC: AUTHENTICATE...)
VOUCHER-20261009-00898,2026-10-10T11:38:07,3020,Equity:Members:SCMA-MEM-0001,0.00,30.53,Waterfall Settlement Sweep - SCMA-MEM-0001 (HMAC: AUTHENTICATE...)
VOUCHER-20261009-00899,2026-10-10T11:38:07,1010,Assets:Bank:PenFed FBO Operating Cash,35.67,0.00,Waterfall Settlement Sweep - SCMA-FOUNDER (HMAC: AUTHENTICATE...)
VOUCHER-20261009-00899,2026-10-10T11:38:07,3010,Equity:Members:SCMA-FOUNDER,0.00,35.67,Waterfall Settlement Sweep - SCMA-FOUNDER (HMAC: AUTHENTICATE...)
VOUCHER-20261009-00900,2026-10-10T11:38:07,1010,Assets:Bank:PenFed FBO Operating Cash,30.53,0.00,Waterfall Settlement Sweep - SCMA-MEM-0001 (HMAC: AUTHENTICATE...)
VOUCHER-20261009-00900,2026-10-10T11:38:07,3020,Equity:Members:SCMA-MEM-0001,0.00,30.53,Waterfall Settlement Sweep - SCMA-MEM-0001 (HMAC: AUTHENTICATE...)
VOUCHER-20261009-00901,2026-10-10T11:38:07,1010,Assets:Bank:PenFed FBO Operating Cash,35.67,0.00,Waterfall Settlement Sweep - SCMA-FOUNDER (HMAC: AUTHENTICATE...)
VOUCHER-20261009-00901,2026-10-10T11:38:07,3010,Equity:Members:SCMA-FOUNDER,0.00,35.67,Waterfall Settlement Sweep - SCMA-FOUNDER (HMAC: AUTHENTICATE...)
VOUCHER-20261009-00902,2026-10-10T11:38:07,1010,Assets:Bank:PenFed FBO Operating Cash,30.53,0.00,Waterfall Settlement Sweep - SCMA-MEM-0001 (HMAC: AUTHENTICATE...)
VOUCHER-20261009-00902,2026-10-10T11:38:07,3020,Equity:Members:SCMA-MEM-0001,0.00,30.53,Waterfall Settlement Sweep - SCMA-MEM-0001 (HMAC: AUTHENTICATE...)
VOUCHER-20261009-00903,2026-10-10T11:38:07,1010,Assets:Bank:PenFed FBO Operating Cash,35.67,0.00,Waterfall Settlement Sweep - SCMA-FOUNDER (HMAC: AUTHENTICATE...)
VOUCHER-20261009-00903,2026-10-10T11:38:07,3010,Equity:Members:SCMA-FOUNDER,0.00,35.67,Waterfall Settlement Sweep - SCMA-FOUNDER (HMAC: AUTHENTICATE...)
VOUCHER-20261009-00904,2026-10-10T11:38:07,1010,Assets:Bank:PenFed FBO Operating Cash,30.53,0.00,Waterfall Settlement Sweep - SCMA-MEM-0001 (HMAC: AUTHENTICATE...)
VOUCHER-20261009-00904,2026-10-10T11:38:07,3020,Equity:Members:SCMA-MEM-0001,0.00,30.53,Waterfall Settlement Sweep - SCMA-MEM-0001 (HMAC: AUTHENTICATE...)
VOUCHER-20261009-00905,2026-10-10T11:38:07,1010,Assets:Bank:PenFed FBO Operating Cash,35.67,0.00,Waterfall Settlement Sweep - SCMA-FOUNDER (HMAC: AUTHENTICATE...)
VOUCHER-20261009-00905,2026-10-10T11:38:07,3010,Equity:Members:SCMA-FOUNDER,0.00,35.67,Waterfall Settlement Sweep - SCMA-FOUNDER (HMAC: AUTHENTICATE...)
VOUCHER-20261009-00906,2026-10-10T11:38:07,1010,Assets:Bank:PenFed FBO Operating Cash,30.53,0.00,Waterfall Settlement Sweep - SCMA-MEM-0001 (HMAC: AUTHENTICATE...)
VOUCHER-20261009-00906,2026-10-10T11:38:07,3020,Equity:Members:SCMA-MEM-0001,0.00,30.53,Waterfall Settlement Sweep - SCMA-MEM-0001 (HMAC: AUTHENTICATE...)
VOUCHER-20261009-00907,2026-10-10T11:38:07,1010,Assets:Bank:PenFed FBO Operating Cash,35.67,0.00,Waterfall Settlement Sweep - SCMA-FOUNDER (HMAC: AUTHENTICATE...)
VOUCHER-20261009-00907,2026-10-10T11:38:07,3010,Equity:Members:SCMA-FOUNDER,0.00,35.67,Waterfall Settlement Sweep - SCMA-FOUNDER (HMAC: AUTHENTICATE...)
VOUCHER-20261009-00908,2026-10-10T11:38:07,1010,Assets:Bank:PenFed FBO Operating Cash,30.53,0.00,Waterfall Settlement Sweep - SCMA-MEM-0001 (HMAC: AUTHENTICATE...)
VOUCHER-20261009-00908,2026-10-10T11:38:07,3020,Equity:Members:SCMA-MEM-0001,0.00,30.53,Waterfall Settlement Sweep - SCMA-MEM-0001 (HMAC: AUTHENTICATE...)
VOUCHER-20261009-00909,2026-10-10T11:38:07,1010,Assets:Bank:PenFed FBO Operating Cash,35.67,0.00,Waterfall Settlement Sweep - SCMA-FOUNDER (HMAC: AUTHENTICATE...)
VOUCHER-20261009-00909,2026-10-10T11:38:07,3010,Equity:Members:SCMA-FOUNDER,0.00,35.67,Waterfall Settlement Sweep - SCMA-FOUNDER (HMAC: AUTHENTICATE...)
VOUCHER-20261009-00910,2026-10-10T11:38:07,1010,Assets:Bank:PenFed FBO Operating Cash,30.53,0.00,Waterfall Settlement Sweep - SCMA-MEM-0001 (HMAC: AUTHENTICATE...)
VOUCHER-20261009-00910,2026-10-10T11:38:07,3020,Equity:Members:SCMA-MEM-0001,0.00,30.53,Waterfall Settlement Sweep - SCMA-MEM-0001 (HMAC: AUTHENTICATE...)
VOUCHER-20261009-00911,2026-10-10T11:38:07,1010,Assets:Bank:PenFed FBO Operating Cash,35.67,0.00,Waterfall Settlement Sweep - SCMA-FOUNDER (HMAC: AUTHENTICATE...)
VOUCHER-20261009-00911,2026-10-10T11:38:07,3010,Equity:Members:SCMA-FOUNDER,0.00,35.67,Waterfall Settlement Sweep - SCMA-FOUNDER (HMAC: AUTHENTICATE...)
VOUCHER-20261009-00912,2026-10-10T11:38:07,1010,Assets:Bank:PenFed FBO Operating Cash,30.53,0.00,Waterfall Settlement Sweep - SCMA-MEM-0001 (HMAC: AUTHENTICATE...)
VOUCHER-20261009-00912,2026-10-10T11:38:07,3020,Equity:Members:SCMA-MEM-0001,0.00,30.53,Waterfall Settlement Sweep - SCMA-MEM-0001 (HMAC: AUTHENTICATE...)
VOUCHER-20261009-00913,2026-10-10T11:38:07,1010,Assets:Bank:PenFed FBO Operating Cash,35.67,0.00,Waterfall Settlement Sweep - SCMA-FOUNDER (HMAC: AUTHENTICATE...)
VOUCHER-20261009-00913,2026-10-10T11:38:07,3010,Equity:Members:SCMA-FOUNDER,0.00,35.67,Waterfall Settlement Sweep - SCMA-FOUNDER (HMAC: AUTHENTICATE...)
VOUCHER-20261009-00914,2026-10-10T11:38:07,1010,Assets:Bank:PenFed FBO Operating Cash,30.53,0.00,Waterfall Settlement Sweep - SCMA-MEM-0001 (HMAC: AUTHENTICATE...)
VOUCHER-20261009-00914,2026-10-10T11:38:07,3020,Equity:Members:SCMA-MEM-0001,0.00,30.53,Waterfall Settlement Sweep - SCMA-MEM-0001 (HMAC: AUTHENTICATE...)
VOUCHER-20261009-00915,2026-10-10T11:38:07,1010,Assets:Bank:PenFed FBO Operating Cash,35.67,0.00,Waterfall Settlement Sweep - SCMA-FOUNDER (HMAC: AUTHENTICATE...)
VOUCHER-20261009-00915,2026-10-10T11:38:07,3010,Equity:Members:SCMA-FOUNDER,0.00,35.67,Waterfall Settlement Sweep - SCMA-FOUNDER (HMAC: AUTHENTICATE...)
VOUCHER-20261009-00916,2026-10-10T11:38:07,1010,Assets:Bank:PenFed FBO Operating Cash,30.53,0.00,Waterfall Settlement Sweep - SCMA-MEM-0001 (HMAC: AUTHENTICATE...)
VOUCHER-20261009-00916,2026-10-10T11:38:07,3020,Equity:Members:SCMA-MEM-0001,0.00,30.53,Waterfall Settlement Sweep - SCMA-MEM-0001 (HMAC: AUTHENTICATE...)
VOUCHER-20261009-00917,2026-10-10T11:38:07,1010,Assets:Bank:PenFed FBO Operating Cash,35.67,0.00,Waterfall Settlement Sweep - SCMA-FOUNDER (HMAC: AUTHENTICATE...)
VOUCHER-20261009-00917,2026-10-10T11:38:07,3010,Equity:Members:SCMA-FOUNDER,0.00,35.67,Waterfall Settlement Sweep - SCMA-FOUNDER (HMAC: AUTHENTICATE...)
VOUCHER-20261009-00918,2026-10-10T11:38:07,1010,Assets:Bank:PenFed FBO Operating Cash,30.53,0.00,Waterfall Settlement Sweep - SCMA-MEM-0001 (HMAC: AUTHENTICATE...)
VOUCHER-20261009-00918,2026-10-10T11:38:07,3020,Equity:Members:SCMA-MEM-0001,0.00,30.53,Waterfall Settlement Sweep - SCMA-MEM-0001 (HMAC: AUTHENTICATE...)
VOUCHER-20261009-00919,2026-10-10T11:38:07,1010,Assets:Bank:PenFed FBO Operating Cash,35.67,0.00,Waterfall Settlement Sweep - SCMA-FOUNDER (HMAC: AUTHENTICATE...)
VOUCHER-20261009-00919,2026-10-10T11:38:07,3010,Equity:Members:SCMA-FOUNDER,0.00,35.67,Waterfall Settlement Sweep - SCMA-FOUNDER (HMAC: AUTHENTICATE...)
VOUCHER-20261009-00920,2026-10-10T11:38:07,1010,Assets:Bank:PenFed FBO Operating Cash,30.53,0.00,Waterfall Settlement Sweep - SCMA-MEM-0001 (HMAC: AUTHENTICATE...)
VOUCHER-20261009-00920,2026-10-10T11:38:07,3020,Equity:Members:SCMA-MEM-0001,0.00,30.53,Waterfall Settlement Sweep - SCMA-MEM-0001 (HMAC: AUTHENTICATE...)
VOUCHER-20261009-00921,2026-10-10T11:38:07,1010,Assets:Bank:PenFed FBO Operating Cash,35.67,0.00,Waterfall Settlement Sweep - SCMA-FOUNDER (HMAC: AUTHENTICATE...)
VOUCHER-20261009-00921,2026-10-10T11:38:07,3010,Equity:Members:SCMA-FOUNDER,0.00,35.67,Waterfall Settlement Sweep - SCMA-FOUNDER (HMAC: AUTHENTICATE...)
VOUCHER-20261009-00922,2026-10-10T11:38:07,1010,Assets:Bank:PenFed FBO Operating Cash,30.53,0.00,Waterfall Settlement Sweep - SCMA-MEM-0001 (HMAC: AUTHENTICATE...)
VOUCHER-20261009-00922,2026-10-10T11:38:07,3020,Equity:Members:SCMA-MEM-0001,0.00,30.53,Waterfall Settlement Sweep - SCMA-MEM-0001 (HMAC: AUTHENTICATE...)
VOUCHER-20261009-00923,2026-10-10T11:38:07,1010,Assets:Bank:PenFed FBO Operating Cash,35.67,0.00,Waterfall Settlement Sweep - SCMA-FOUNDER (HMAC: AUTHENTICATE...)
VOUCHER-20261009-00923,2026-10-10T11:38:07,3010,Equity:Members:SCMA-FOUNDER,0.00,35.67,Waterfall Settlement Sweep - SCMA-FOUNDER (HMAC: AUTHENTICATE...)
VOUCHER-20261009-00924,2026-10-10T11:38:07,1010,Assets:Bank:PenFed FBO Operating Cash,30.53,0.00,Waterfall Settlement Sweep - SCMA-MEM-0001 (HMAC: AUTHENTICATE...)
VOUCHER-20261009-00924,2026-10-10T11:38:07,3020,Equity:Members:SCMA-MEM-0001,0.00,30.53,Waterfall Settlement Sweep - SCMA-MEM-0001 (HMAC: AUTHENTICATE...)
VOUCHER-20261009-00925,2026-10-10T11:38:07,1010,Assets:Bank:PenFed FBO Operating Cash,35.67,0.00,Waterfall Settlement Sweep - SCMA-FOUNDER (HMAC: AUTHENTICATE...)
VOUCHER-20261009-00925,2026-10-10T11:38:07,3010,Equity:Members:SCMA-FOUNDER,0.00,35.67,Waterfall Settlement Sweep - SCMA-FOUNDER (HMAC: AUTHENTICATE...)
VOUCHER-20261009-00926,2026-10-10T11:38:07,1010,Assets:Bank:PenFed FBO Operating Cash,30.53,0.00,Waterfall Settlement Sweep - SCMA-MEM-0001 (HMAC: AUTHENTICATE...)
VOUCHER-20261009-00926,2026-10-10T11:38:07,3020,Equity:Members:SCMA-MEM-0001,0.00,30.53,Waterfall Settlement Sweep - SCMA-MEM-0001 (HMAC: AUTHENTICATE...)
VOUCHER-20261009-00927,2026-10-10T11:38:07,1010,Assets:Bank:PenFed FBO Operating Cash,35.67,0.00,Waterfall Settlement Sweep - SCMA-FOUNDER (HMAC: AUTHENTICATE...)
VOUCHER-20261009-00927,2026-10-10T11:38:07,3010,Equity:Members:SCMA-FOUNDER,0.00,35.67,Waterfall Settlement Sweep - SCMA-FOUNDER (HMAC: AUTHENTICATE...)
VOUCHER-20261009-00928,2026-10-10T11:38:07,1010,Assets:Bank:PenFed FBO Operating Cash,30.53,0.00,Waterfall Settlement Sweep - SCMA-MEM-0001 (HMAC: AUTHENTICATE...)
VOUCHER-20261009-00928,2026-10-10T11:38:07,3020,Equity:Members:SCMA-MEM-0001,0.00,30.53,Waterfall Settlement Sweep - SCMA-MEM-0001 (HMAC: AUTHENTICATE...)
VOUCHER-20261009-00929,2026-10-10T11:38:07,1010,Assets:Bank:PenFed FBO Operating Cash,35.67,0.00,Waterfall Settlement Sweep - SCMA-FOUNDER (HMAC: AUTHENTICATE...)
VOUCHER-20261009-00929,2026-10-10T11:38:07,3010,Equity:Members:SCMA-FOUNDER,0.00,35.67,Waterfall Settlement Sweep - SCMA-FOUNDER (HMAC: AUTHENTICATE...)
VOUCHER-20261009-00930,2026-10-10T11:38:07,1010,Assets:Bank:PenFed FBO Operating Cash,30.53,0.00,Waterfall Settlement Sweep - SCMA-MEM-0001 (HMAC: AUTHENTICATE...)
VOUCHER-20261009-00930,2026-10-10T11:38:07,3020,Equity:Members:SCMA-MEM-0001,0.00,30.53,Waterfall Settlement Sweep - SCMA-MEM-0001 (HMAC: AUTHENTICATE...)
VOUCHER-20261009-00931,2026-10-10T11:38:07,1010,Assets:Bank:PenFed FBO Operating Cash,35.67,0.00,Waterfall Settlement Sweep - SCMA-FOUNDER (HMAC: AUTHENTICATE...)
VOUCHER-20261009-00931,2026-10-10T11:38:07,3010,Equity:Members:SCMA-FOUNDER,0.00,35.67,Waterfall Settlement Sweep - SCMA-FOUNDER (HMAC: AUTHENTICATE...)
VOUCHER-20261009-00932,2026-10-10T11:38:07,1010,Assets:Bank:PenFed FBO Operating Cash,30.53,0.00,Waterfall Settlement Sweep - SCMA-MEM-0001 (HMAC: AUTHENTICATE...)
VOUCHER-20261009-00932,2026-10-10T11:38:07,3020,Equity:Members:SCMA-MEM-0001,0.00,30.53,Waterfall Settlement Sweep - SCMA-MEM-0001 (HMAC: AUTHENTICATE...)
VOUCHER-20261009-00933,2026-10-10T11:38:07,1010,Assets:Bank:PenFed FBO Operating Cash,35.67,0.00,Waterfall Settlement Sweep - SCMA-FOUNDER (HMAC: AUTHENTICATE...)
VOUCHER-20261009-00933,2026-10-10T11:38:07,3010,Equity:Members:SCMA-FOUNDER,0.00,35.67,Waterfall Settlement Sweep - SCMA-FOUNDER (HMAC: AUTHENTICATE...)
VOUCHER-20261009-00934,2026-10-10T11:38:07,1010,Assets:Bank:PenFed FBO Operating Cash,30.53,0.00,Waterfall Settlement Sweep - SCMA-MEM-0001 (HMAC: AUTHENTICATE...)
VOUCHER-20261009-00934,2026-10-10T11:38:07,3020,Equity:Members:SCMA-MEM-0001,0.00,30.53,Waterfall Settlement Sweep - SCMA-MEM-0001 (HMAC: AUTHENTICATE...)
VOUCHER-20261009-00935,2026-10-10T11:38:07,1010,Assets:Bank:PenFed FBO Operating Cash,35.67,0.00,Waterfall Settlement Sweep - SCMA-FOUNDER (HMAC: AUTHENTICATE...)
VOUCHER-20261009-00935,2026-10-10T11:38:07,3010,Equity:Members:SCMA-FOUNDER,0.00,35.67,Waterfall Settlement Sweep - SCMA-FOUNDER (HMAC: AUTHENTICATE...)
VOUCHER-20261009-00936,2026-10-10T11:38:07,1010,Assets:Bank:PenFed FBO Operating Cash,30.53,0.00,Waterfall Settlement Sweep - SCMA-MEM-0001 (HMAC: AUTHENTICATE...)
VOUCHER-20261009-00936,2026-10-10T11:38:07,3020,Equity:Members:SCMA-MEM-0001,0.00,30.53,Waterfall Settlement Sweep - SCMA-MEM-0001 (HMAC: AUTHENTICATE...)
VOUCHER-20261009-00937,2026-10-10T11:38:07,1010,Assets:Bank:PenFed FBO Operating Cash,35.67,0.00,Waterfall Settlement Sweep - SCMA-FOUNDER (HMAC: AUTHENTICATE...)
VOUCHER-20261009-00937,2026-10-10T11:38:07,3010,Equity:Members:SCMA-FOUNDER,0.00,35.67,Waterfall Settlement Sweep - SCMA-FOUNDER (HMAC: AUTHENTICATE...)
VOUCHER-20261009-00938,2026-10-10T11:38:07,1010,Assets:Bank:PenFed FBO Operating Cash,30.53,0.00,Waterfall Settlement Sweep - SCMA-MEM-0001 (HMAC: AUTHENTICATE...)
VOUCHER-20261009-00938,2026-10-10T11:38:07,3020,Equity:Members:SCMA-MEM-0001,0.00,30.53,Waterfall Settlement Sweep - SCMA-MEM-0001 (HMAC: AUTHENTICATE...)
VOUCHER-20261009-00939,2026-10-10T11:38:07,1010,Assets:Bank:PenFed FBO Operating Cash,35.67,0.00,Waterfall Settlement Sweep - SCMA-FOUNDER (HMAC: AUTHENTICATE...)
VOUCHER-20261009-00939,2026-10-10T11:38:07,3010,Equity:Members:SCMA-FOUNDER,0.00,35.67,Waterfall Settlement Sweep - SCMA-FOUNDER (HMAC: AUTHENTICATE...)
VOUCHER-20261009-00940,2026-10-10T11:38:07,1010,Assets:Bank:PenFed FBO Operating Cash,30.53,0.00,Waterfall Settlement Sweep - SCMA-MEM-0001 (HMAC: AUTHENTICATE...)
VOUCHER-20261009-00940,2026-10-10T11:38:07,3020,Equity:Members:SCMA-MEM-0001,0.00,30.53,Waterfall Settlement Sweep - SCMA-MEM-0001 (HMAC: AUTHENTICATE...)
VOUCHER-20261009-00941,2026-10-10T11:38:07,1010,Assets:Bank:PenFed FBO Operating Cash,35.67,0.00,Waterfall Settlement Sweep - SCMA-FOUNDER (HMAC: AUTHENTICATE...)
VOUCHER-20261009-00941,2026-10-10T11:38:07,3010,Equity:Members:SCMA-FOUNDER,0.00,35.67,Waterfall Settlement Sweep - SCMA-FOUNDER (HMAC: AUTHENTICATE...)
VOUCHER-20261009-00942,2026-10-10T11:38:07,1010,Assets:Bank:PenFed FBO Operating Cash,30.53,0.00,Waterfall Settlement Sweep - SCMA-MEM-0001 (HMAC: AUTHENTICATE...)
VOUCHER-20261009-00942,2026-10-10T11:38:07,3020,Equity:Members:SCMA-MEM-0001,0.00,30.53,Waterfall Settlement Sweep - SCMA-MEM-0001 (HMAC: AUTHENTICATE...)
VOUCHER-20261009-00943,2026-10-10T11:38:07,1010,Assets:Bank:PenFed FBO Operating Cash,35.67,0.00,Waterfall Settlement Sweep - SCMA-FOUNDER (HMAC: AUTHENTICATE...)
VOUCHER-20261009-00943,2026-10-10T11:38:07,3010,Equity:Members:SCMA-FOUNDER,0.00,35.67,Waterfall Settlement Sweep - SCMA-FOUNDER (HMAC: AUTHENTICATE...)
VOUCHER-20261009-00944,2026-10-10T11:38:07,1010,Assets:Bank:PenFed FBO Operating Cash,30.53,0.00,Waterfall Settlement Sweep - SCMA-MEM-0001 (HMAC: AUTHENTICATE...)
VOUCHER-20261009-00944,2026-10-10T11:38:07,3020,Equity:Members:SCMA-MEM-0001,0.00,30.53,Waterfall Settlement Sweep - SCMA-MEM-0001 (HMAC: AUTHENTICATE...)
VOUCHER-20261009-00945,2026-10-10T11:38:07,1010,Assets:Bank:PenFed FBO Operating Cash,35.67,0.00,Waterfall Settlement Sweep - SCMA-FOUNDER (HMAC: AUTHENTICATE...)
VOUCHER-20261009-00945,2026-10-10T11:38:07,3010,Equity:Members:SCMA-FOUNDER,0.00,35.67,Waterfall Settlement Sweep - SCMA-FOUNDER (HMAC: AUTHENTICATE...)
VOUCHER-20261010-00946,2026-10-10T11:38:07,1010,Assets:Bank:PenFed FBO Operating Cash,30.53,0.00,Waterfall Settlement Sweep - SCMA-MEM-0001 (HMAC: AUTHENTICATE...)
VOUCHER-20261010-00946,2026-10-10T11:38:07,3020,Equity:Members:SCMA-MEM-0001,0.00,30.53,Waterfall Settlement Sweep - SCMA-MEM-0001 (HMAC: AUTHENTICATE...)
VOUCHER-20261010-00947,2026-10-10T11:38:07,1010,Assets:Bank:PenFed FBO Operating Cash,35.67,0.00,Waterfall Settlement Sweep - SCMA-FOUNDER (HMAC: AUTHENTICATE...)
VOUCHER-20261010-00947,2026-10-10T11:38:07,3010,Equity:Members:SCMA-FOUNDER,0.00,35.67,Waterfall Settlement Sweep - SCMA-FOUNDER (HMAC: AUTHENTICATE...)
VOUCHER-20261010-00948,2026-10-10T11:38:07,1010,Assets:Bank:PenFed FBO Operating Cash,30.53,0.00,Waterfall Settlement Sweep - SCMA-MEM-0001 (HMAC: AUTHENTICATE...)
VOUCHER-20261010-00948,2026-10-10T11:38:07,3020,Equity:Members:SCMA-MEM-0001,0.00,30.53,Waterfall Settlement Sweep - SCMA-MEM-0001 (HMAC: AUTHENTICATE...)
VOUCHER-20261010-00949,2026-10-10T11:38:07,1010,Assets:Bank:PenFed FBO Operating Cash,35.67,0.00,Waterfall Settlement Sweep - SCMA-FOUNDER (HMAC: AUTHENTICATE...)
VOUCHER-20261010-00949,2026-10-10T11:38:07,3010,Equity:Members:SCMA-FOUNDER,0.00,35.67,Waterfall Settlement Sweep - SCMA-FOUNDER (HMAC: AUTHENTICATE...)
VOUCHER-20261010-00950,2026-10-10T11:38:07,1010,Assets:Bank:PenFed FBO Operating Cash,30.53,0.00,Waterfall Settlement Sweep - SCMA-MEM-0001 (HMAC: AUTHENTICATE...)
VOUCHER-20261010-00950,2026-10-10T11:38:07,3020,Equity:Members:SCMA-MEM-0001,0.00,30.53,Waterfall Settlement Sweep - SCMA-MEM-0001 (HMAC: AUTHENTICATE...)
VOUCHER-20261010-00951,2026-10-10T11:38:07,1010,Assets:Bank:PenFed FBO Operating Cash,35.67,0.00,Waterfall Settlement Sweep - SCMA-FOUNDER (HMAC: AUTHENTICATE...)
VOUCHER-20261010-00951,2026-10-10T11:38:07,3010,Equity:Members:SCMA-FOUNDER,0.00,35.67,Waterfall Settlement Sweep - SCMA-FOUNDER (HMAC: AUTHENTICATE...)
VOUCHER-20261010-00952,2026-10-10T11:38:07,1010,Assets:Bank:PenFed FBO Operating Cash,30.53,0.00,Waterfall Settlement Sweep - SCMA-MEM-0001 (HMAC: AUTHENTICATE...)
VOUCHER-20261010-00952,2026-10-10T11:38:07,3020,Equity:Members:SCMA-MEM-0001,0.00,30.53,Waterfall Settlement Sweep - SCMA-MEM-0001 (HMAC: AUTHENTICATE...)
VOUCHER-20261010-00953,2026-10-10T11:38:07,1010,Assets:Bank:PenFed FBO Operating Cash,35.67,0.00,Waterfall Settlement Sweep - SCMA-FOUNDER (HMAC: AUTHENTICATE...)
VOUCHER-20261010-00953,2026-10-10T11:38:07,3010,Equity:Members:SCMA-FOUNDER,0.00,35.67,Waterfall Settlement Sweep - SCMA-FOUNDER (HMAC: AUTHENTICATE...)
VOUCHER-20261010-00954,2026-10-10T11:38:07,1010,Assets:Bank:PenFed FBO Operating Cash,30.53,0.00,Waterfall Settlement Sweep - SCMA-MEM-0001 (HMAC: AUTHENTICATE...)
VOUCHER-20261010-00954,2026-10-10T11:38:07,3020,Equity:Members:SCMA-MEM-0001,0.00,30.53,Waterfall Settlement Sweep - SCMA-MEM-0001 (HMAC: AUTHENTICATE...)
VOUCHER-20261010-00955,2026-10-10T11:38:07,1010,Assets:Bank:PenFed FBO Operating Cash,35.67,0.00,Waterfall Settlement Sweep - SCMA-FOUNDER (HMAC: AUTHENTICATE...)
VOUCHER-20261010-00955,2026-10-10T11:38:07,3010,Equity:Members:SCMA-FOUNDER,0.00,35.67,Waterfall Settlement Sweep - SCMA-FOUNDER (HMAC: AUTHENTICATE...)
VOUCHER-20261010-00956,2026-10-10T11:38:07,1010,Assets:Bank:PenFed FBO Operating Cash,30.53,0.00,Waterfall Settlement Sweep - SCMA-MEM-0001 (HMAC: AUTHENTICATE...)
VOUCHER-20261010-00956,2026-10-10T11:38:07,3020,Equity:Members:SCMA-MEM-0001,0.00,30.53,Waterfall Settlement Sweep - SCMA-MEM-0001 (HMAC: AUTHENTICATE...)
VOUCHER-20261010-00957,2026-10-10T11:38:07,1010,Assets:Bank:PenFed FBO Operating Cash,35.67,0.00,Waterfall Settlement Sweep - SCMA-FOUNDER (HMAC: AUTHENTICATE...)
VOUCHER-20261010-00957,2026-10-10T11:38:07,3010,Equity:Members:SCMA-FOUNDER,0.00,35.67,Waterfall Settlement Sweep - SCMA-FOUNDER (HMAC: AUTHENTICATE...)
VOUCHER-20261010-00958,2026-10-10T11:38:07,1010,Assets:Bank:PenFed FBO Operating Cash,30.53,0.00,Waterfall Settlement Sweep - SCMA-MEM-0001 (HMAC: AUTHENTICATE...)
VOUCHER-20261010-00958,2026-10-10T11:38:07,3020,Equity:Members:SCMA-MEM-0001,0.00,30.53,Waterfall Settlement Sweep - SCMA-MEM-0001 (HMAC: AUTHENTICATE...)
VOUCHER-20261010-00959,2026-10-10T11:38:07,1010,Assets:Bank:PenFed FBO Operating Cash,35.67,0.00,Waterfall Settlement Sweep - SCMA-FOUNDER (HMAC: AUTHENTICATE...)
VOUCHER-20261010-00959,2026-10-10T11:38:07,3010,Equity:Members:SCMA-FOUNDER,0.00,35.67,Waterfall Settlement Sweep - SCMA-FOUNDER (HMAC: AUTHENTICATE...)
VOUCHER-20261010-00960,2026-10-10T11:38:07,1010,Assets:Bank:PenFed FBO Operating Cash,30.53,0.00,Waterfall Settlement Sweep - SCMA-MEM-0001 (HMAC: AUTHENTICATE...)
VOUCHER-20261010-00960,2026-10-10T11:38:07,3020,Equity:Members:SCMA-MEM-0001,0.00,30.53,Waterfall Settlement Sweep - SCMA-MEM-0001 (HMAC: AUTHENTICATE...)
VOUCHER-20261010-00961,2026-10-10T11:38:07,1010,Assets:Bank:PenFed FBO Operating Cash,35.67,0.00,Waterfall Settlement Sweep - SCMA-FOUNDER (HMAC: AUTHENTICATE...)
VOUCHER-20261010-00961,2026-10-10T11:38:07,3010,Equity:Members:SCMA-FOUNDER,0.00,35.67,Waterfall Settlement Sweep - SCMA-FOUNDER (HMAC: AUTHENTICATE...)
VOUCHER-20261010-00962,2026-10-10T11:38:07,1010,Assets:Bank:PenFed FBO Operating Cash,30.53,0.00,Waterfall Settlement Sweep - SCMA-MEM-0001 (HMAC: AUTHENTICATE...)
VOUCHER-20261010-00962,2026-10-10T11:38:07,3020,Equity:Members:SCMA-MEM-0001,0.00,30.53,Waterfall Settlement Sweep - SCMA-MEM-0001 (HMAC: AUTHENTICATE...)
VOUCHER-20261010-00963,2026-10-10T11:38:07,1010,Assets:Bank:PenFed FBO Operating Cash,35.67,0.00,Waterfall Settlement Sweep - SCMA-FOUNDER (HMAC: AUTHENTICATE...)
VOUCHER-20261010-00963,2026-10-10T11:38:07,3010,Equity:Members:SCMA-FOUNDER,0.00,35.67,Waterfall Settlement Sweep - SCMA-FOUNDER (HMAC: AUTHENTICATE...)
VOUCHER-20261010-00964,2026-10-10T11:38:07,1010,Assets:Bank:PenFed FBO Operating Cash,30.53,0.00,Waterfall Settlement Sweep - SCMA-MEM-0001 (HMAC: AUTHENTICATE...)
VOUCHER-20261010-00964,2026-10-10T11:38:07,3020,Equity:Members:SCMA-MEM-0001,0.00,30.53,Waterfall Settlement Sweep - SCMA-MEM-0001 (HMAC: AUTHENTICATE...)
VOUCHER-20261010-00965,2026-10-10T11:38:07,1010,Assets:Bank:PenFed FBO Operating Cash,35.67,0.00,Waterfall Settlement Sweep - SCMA-FOUNDER (HMAC: AUTHENTICATE...)
VOUCHER-20261010-00965,2026-10-10T11:38:07,3010,Equity:Members:SCMA-FOUNDER,0.00,35.67,Waterfall Settlement Sweep - SCMA-FOUNDER (HMAC: AUTHENTICATE...)
VOUCHER-20261010-00966,2026-10-10T11:38:07,1010,Assets:Bank:PenFed FBO Operating Cash,30.53,0.00,Waterfall Settlement Sweep - SCMA-MEM-0001 (HMAC: AUTHENTICATE...)
VOUCHER-20261010-00966,2026-10-10T11:38:07,3020,Equity:Members:SCMA-MEM-0001,0.00,30.53,Waterfall Settlement Sweep - SCMA-MEM-0001 (HMAC: AUTHENTICATE...)
VOUCHER-20261010-00967,2026-10-10T11:38:07,1010,Assets:Bank:PenFed FBO Operating Cash,35.67,0.00,Waterfall Settlement Sweep - SCMA-FOUNDER (HMAC: AUTHENTICATE...)
VOUCHER-20261010-00967,2026-10-10T11:38:07,3010,Equity:Members:SCMA-FOUNDER,0.00,35.67,Waterfall Settlement Sweep - SCMA-FOUNDER (HMAC: AUTHENTICATE...)
VOUCHER-20261010-00968,2026-10-10T11:38:07,1010,Assets:Bank:PenFed FBO Operating Cash,30.53,0.00,Waterfall Settlement Sweep - SCMA-MEM-0001 (HMAC: AUTHENTICATE...)
VOUCHER-20261010-00968,2026-10-10T11:38:07,3020,Equity:Members:SCMA-MEM-0001,0.00,30.53,Waterfall Settlement Sweep - SCMA-MEM-0001 (HMAC: AUTHENTICATE...)
VOUCHER-20261010-00969,2026-10-10T11:38:07,1010,Assets:Bank:PenFed FBO Operating Cash,35.67,0.00,Waterfall Settlement Sweep - SCMA-FOUNDER (HMAC: AUTHENTICATE...)
VOUCHER-20261010-00969,2026-10-10T11:38:07,3010,Equity:Members:SCMA-FOUNDER,0.00,35.67,Waterfall Settlement Sweep - SCMA-FOUNDER (HMAC: AUTHENTICATE...)
VOUCHER-20261010-00970,2026-10-10T11:38:07,1010,Assets:Bank:PenFed FBO Operating Cash,30.53,0.00,Waterfall Settlement Sweep - SCMA-MEM-0001 (HMAC: AUTHENTICATE...)
VOUCHER-20261010-00970,2026-10-10T11:38:07,3020,Equity:Members:SCMA-MEM-0001,0.00,30.53,Waterfall Settlement Sweep - SCMA-MEM-0001 (HMAC: AUTHENTICATE...)
VOUCHER-20261010-00971,2026-10-10T11:38:07,1010,Assets:Bank:PenFed FBO Operating Cash,35.67,0.00,Waterfall Settlement Sweep - SCMA-FOUNDER (HMAC: AUTHENTICATE...)
VOUCHER-20261010-00971,2026-10-10T11:38:07,3010,Equity:Members:SCMA-FOUNDER,0.00,35.67,Waterfall Settlement Sweep - SCMA-FOUNDER (HMAC: AUTHENTICATE...)
VOUCHER-20261010-00972,2026-10-10T11:38:07,1010,Assets:Bank:PenFed FBO Operating Cash,30.53,0.00,Waterfall Settlement Sweep - SCMA-MEM-0001 (HMAC: AUTHENTICATE...)
VOUCHER-20261010-00972,2026-10-10T11:38:07,3020,Equity:Members:SCMA-MEM-0001,0.00,30.53,Waterfall Settlement Sweep - SCMA-MEM-0001 (HMAC: AUTHENTICATE...)
VOUCHER-20261010-00973,2026-10-10T11:38:07,1010,Assets:Bank:PenFed FBO Operating Cash,35.67,0.00,Waterfall Settlement Sweep - SCMA-FOUNDER (HMAC: AUTHENTICATE...)
VOUCHER-20261010-00973,2026-10-10T11:38:07,3010,Equity:Members:SCMA-FOUNDER,0.00,35.67,Waterfall Settlement Sweep - SCMA-FOUNDER (HMAC: AUTHENTICATE...)
VOUCHER-20261010-00974,2026-10-10T11:38:07,1010,Assets:Bank:PenFed FBO Operating Cash,30.53,0.00,Waterfall Settlement Sweep - SCMA-MEM-0001 (HMAC: AUTHENTICATE...)
VOUCHER-20261010-00974,2026-10-10T11:38:07,3020,Equity:Members:SCMA-MEM-0001,0.00,30.53,Waterfall Settlement Sweep - SCMA-MEM-0001 (HMAC: AUTHENTICATE...)
VOUCHER-20261010-00975,2026-10-10T11:38:07,1010,Assets:Bank:PenFed FBO Operating Cash,35.67,0.00,Waterfall Settlement Sweep - SCMA-FOUNDER (HMAC: AUTHENTICATE...)
VOUCHER-20261010-00975,2026-10-10T11:38:07,3010,Equity:Members:SCMA-FOUNDER,0.00,35.67,Waterfall Settlement Sweep - SCMA-FOUNDER (HMAC: AUTHENTICATE...)
VOUCHER-20261010-00976,2026-10-10T11:38:07,1010,Assets:Bank:PenFed FBO Operating Cash,30.53,0.00,Waterfall Settlement Sweep - SCMA-MEM-0001 (HMAC: AUTHENTICATE...)
VOUCHER-20261010-00976,2026-10-10T11:38:07,3020,Equity:Members:SCMA-MEM-0001,0.00,30.53,Waterfall Settlement Sweep - SCMA-MEM-0001 (HMAC: AUTHENTICATE...)
VOUCHER-20261010-00977,2026-10-10T11:38:07,1010,Assets:Bank:PenFed FBO Operating Cash,35.67,0.00,Waterfall Settlement Sweep - SCMA-FOUNDER (HMAC: AUTHENTICATE...)
VOUCHER-20261010-00977,2026-10-10T11:38:07,3010,Equity:Members:SCMA-FOUNDER,0.00,35.67,Waterfall Settlement Sweep - SCMA-FOUNDER (HMAC: AUTHENTICATE...)
VOUCHER-20261010-00978,2026-10-10T11:38:07,1010,Assets:Bank:PenFed FBO Operating Cash,30.53,0.00,Waterfall Settlement Sweep - SCMA-MEM-0001 (HMAC: AUTHENTICATE...)
VOUCHER-20261010-00978,2026-10-10T11:38:07,3020,Equity:Members:SCMA-MEM-0001,0.00,30.53,Waterfall Settlement Sweep - SCMA-MEM-0001 (HMAC: AUTHENTICATE...)
VOUCHER-20261010-00979,2026-10-10T11:38:07,1010,Assets:Bank:PenFed FBO Operating Cash,35.67,0.00,Waterfall Settlement Sweep - SCMA-FOUNDER (HMAC: AUTHENTICATE...)
VOUCHER-20261010-00979,2026-10-10T11:38:07,3010,Equity:Members:SCMA-FOUNDER,0.00,35.67,Waterfall Settlement Sweep - SCMA-FOUNDER (HMAC: AUTHENTICATE...)
VOUCHER-20261010-00980,2026-10-10T11:38:07,1010,Assets:Bank:PenFed FBO Operating Cash,30.53,0.00,Waterfall Settlement Sweep - SCMA-MEM-0001 (HMAC: AUTHENTICATE...)
VOUCHER-20261010-00980,2026-10-10T11:38:07,3020,Equity:Members:SCMA-MEM-0001,0.00,30.53,Waterfall Settlement Sweep - SCMA-MEM-0001 (HMAC: AUTHENTICATE...)
VOUCHER-20261010-00981,2026-10-10T11:38:07,1010,Assets:Bank:PenFed FBO Operating Cash,35.67,0.00,Waterfall Settlement Sweep - SCMA-FOUNDER (HMAC: AUTHENTICATE...)
VOUCHER-20261010-00981,2026-10-10T11:38:07,3010,Equity:Members:SCMA-FOUNDER,0.00,35.67,Waterfall Settlement Sweep - SCMA-FOUNDER (HMAC: AUTHENTICATE...)
VOUCHER-20261010-00982,2026-10-10T11:38:07,1010,Assets:Bank:PenFed FBO Operating Cash,30.53,0.00,Waterfall Settlement Sweep - SCMA-MEM-0001 (HMAC: AUTHENTICATE...)
VOUCHER-20261010-00982,2026-10-10T11:38:07,3020,Equity:Members:SCMA-MEM-0001,0.00,30.53,Waterfall Settlement Sweep - SCMA-MEM-0001 (HMAC: AUTHENTICATE...)
VOUCHER-20261010-00983,2026-10-10T11:38:07,1010,Assets:Bank:PenFed FBO Operating Cash,35.67,0.00,Waterfall Settlement Sweep - SCMA-FOUNDER (HMAC: AUTHENTICATE...)
VOUCHER-20261010-00983,2026-10-10T11:38:07,3010,Equity:Members:SCMA-FOUNDER,0.00,35.67,Waterfall Settlement Sweep - SCMA-FOUNDER (HMAC: AUTHENTICATE...)
VOUCHER-20261010-00984,2026-10-10T11:38:07,1010,Assets:Bank:PenFed FBO Operating Cash,30.53,0.00,Waterfall Settlement Sweep - SCMA-MEM-0001 (HMAC: AUTHENTICATE...)
VOUCHER-20261010-00984,2026-10-10T11:38:07,3020,Equity:Members:SCMA-MEM-0001,0.00,30.53,Waterfall Settlement Sweep - SCMA-MEM-0001 (HMAC: AUTHENTICATE...)
VOUCHER-20261010-00985,2026-10-10T11:38:07,1010,Assets:Bank:PenFed FBO Operating Cash,35.67,0.00,Waterfall Settlement Sweep - SCMA-FOUNDER (HMAC: AUTHENTICATE...)
VOUCHER-20261010-00985,2026-10-10T11:38:07,3010,Equity:Members:SCMA-FOUNDER,0.00,35.67,Waterfall Settlement Sweep - SCMA-FOUNDER (HMAC: AUTHENTICATE...)
VOUCHER-20261010-00986,2026-10-10T11:38:07,1010,Assets:Bank:PenFed FBO Operating Cash,30.53,0.00,Waterfall Settlement Sweep - SCMA-MEM-0001 (HMAC: AUTHENTICATE...)
VOUCHER-20261010-00986,2026-10-10T11:38:07,3020,Equity:Members:SCMA-MEM-0001,0.00,30.53,Waterfall Settlement Sweep - SCMA-MEM-0001 (HMAC: AUTHENTICATE...)
VOUCHER-20261010-00987,2026-10-10T11:38:07,1010,Assets:Bank:PenFed FBO Operating Cash,35.67,0.00,Waterfall Settlement Sweep - SCMA-FOUNDER (HMAC: AUTHENTICATE...)
VOUCHER-20261010-00987,2026-10-10T11:38:07,3010,Equity:Members:SCMA-FOUNDER,0.00,35.67,Waterfall Settlement Sweep - SCMA-FOUNDER (HMAC: AUTHENTICATE...)
VOUCHER-20261010-00988,2026-10-10T11:38:07,1010,Assets:Bank:PenFed FBO Operating Cash,30.53,0.00,Waterfall Settlement Sweep - SCMA-MEM-0001 (HMAC: AUTHENTICATE...)
VOUCHER-20261010-00988,2026-10-10T11:38:07,3020,Equity:Members:SCMA-MEM-0001,0.00,30.53,Waterfall Settlement Sweep - SCMA-MEM-0001 (HMAC: AUTHENTICATE...)
VOUCHER-20261010-00989,2026-10-10T11:38:07,1010,Assets:Bank:PenFed FBO Operating Cash,35.67,0.00,Waterfall Settlement Sweep - SCMA-FOUNDER (HMAC: AUTHENTICATE...)
VOUCHER-20261010-00989,2026-10-10T11:38:07,3010,Equity:Members:SCMA-FOUNDER,0.00,35.67,Waterfall Settlement Sweep - SCMA-FOUNDER (HMAC: AUTHENTICATE...)
VOUCHER-20261010-00990,2026-10-10T11:38:07,1010,Assets:Bank:PenFed FBO Operating Cash,30.53,0.00,Waterfall Settlement Sweep - SCMA-MEM-0001 (HMAC: AUTHENTICATE...)
VOUCHER-20261010-00990,2026-10-10T11:38:07,3020,Equity:Members:SCMA-MEM-0001,0.00,30.53,Waterfall Settlement Sweep - SCMA-MEM-0001 (HMAC: AUTHENTICATE...)
VOUCHER-20261010-00991,2026-10-10T11:38:07,1010,Assets:Bank:PenFed FBO Operating Cash,35.67,0.00,Waterfall Settlement Sweep - SCMA-FOUNDER (HMAC: AUTHENTICATE...)
VOUCHER-20261010-00991,2026-10-10T11:38:07,3010,Equity:Members:SCMA-FOUNDER,0.00,35.67,Waterfall Settlement Sweep - SCMA-FOUNDER (HMAC: AUTHENTICATE...)
VOUCHER-20261010-00992,2026-10-10T11:38:07,1010,Assets:Bank:PenFed FBO Operating Cash,30.53,0.00,Waterfall Settlement Sweep - SCMA-MEM-0001 (HMAC: AUTHENTICATE...)
VOUCHER-20261010-00992,2026-10-10T11:38:07,3020,Equity:Members:SCMA-MEM-0001,0.00,30.53,Waterfall Settlement Sweep - SCMA-MEM-0001 (HMAC: AUTHENTICATE...)
VOUCHER-20261010-00993,2026-10-10T11:38:07,1010,Assets:Bank:PenFed FBO Operating Cash,35.67,0.00,Waterfall Settlement Sweep - SCMA-FOUNDER (HMAC: AUTHENTICATE...)
VOUCHER-20261010-00993,2026-10-10T11:38:07,3010,Equity:Members:SCMA-FOUNDER,0.00,35.67,Waterfall Settlement Sweep - SCMA-FOUNDER (HMAC: AUTHENTICATE...)
VOUCHER-20261010-00994,2026-10-10T11:38:07,1010,Assets:Bank:PenFed FBO Operating Cash,30.53,0.00,Waterfall Settlement Sweep - SCMA-MEM-0001 (HMAC: AUTHENTICATE...)
VOUCHER-20261010-00994,2026-10-10T11:38:07,3020,Equity:Members:SCMA-MEM-0001,0.00,30.53,Waterfall Settlement Sweep - SCMA-MEM-0001 (HMAC: AUTHENTICATE...)
VOUCHER-20261010-00995,2026-10-10T11:38:07,1010,Assets:Bank:PenFed FBO Operating Cash,35.67,0.00,Waterfall Settlement Sweep - SCMA-FOUNDER (HMAC: AUTHENTICATE...)
VOUCHER-20261010-00995,2026-10-10T11:38:07,3010,Equity:Members:SCMA-FOUNDER,0.00,35.67,Waterfall Settlement Sweep - SCMA-FOUNDER (HMAC: AUTHENTICATE...)
VOUCHER-20261010-00996,2026-10-10T11:38:07,1010,Assets:Bank:PenFed FBO Operating Cash,30.53,0.00,Waterfall Settlement Sweep - SCMA-MEM-0001 (HMAC: AUTHENTICATE...)
VOUCHER-20261010-00996,2026-10-10T11:38:07,3020,Equity:Members:SCMA-MEM-0001,0.00,30.53,Waterfall Settlement Sweep - SCMA-MEM-0001 (HMAC: AUTHENTICATE...)
VOUCHER-20261010-00997,2026-10-10T11:38:07,1010,Assets:Bank:PenFed FBO Operating Cash,35.67,0.00,Waterfall Settlement Sweep - SCMA-FOUNDER (HMAC: AUTHENTICATE...)
VOUCHER-20261010-00997,2026-10-10T11:38:07,3010,Equity:Members:SCMA-FOUNDER,0.00,35.67,Waterfall Settlement Sweep - SCMA-FOUNDER (HMAC: AUTHENTICATE...)
VOUCHER-20261010-00998,2026-10-10T11:38:07,1010,Assets:Bank:PenFed FBO Operating Cash,30.53,0.00,Waterfall Settlement Sweep - SCMA-MEM-0001 (HMAC: AUTHENTICATE...)
VOUCHER-20261010-00998,2026-10-10T11:38:07,3020,Equity:Members:SCMA-MEM-0001,0.00,30.53,Waterfall Settlement Sweep - SCMA-MEM-0001 (HMAC: AUTHENTICATE...)
VOUCHER-20261010-00999,2026-10-10T11:38:07,1010,Assets:Bank:PenFed FBO Operating Cash,35.67,0.00,Waterfall Settlement Sweep - SCMA-FOUNDER (HMAC: AUTHENTICATE...)
VOUCHER-20261010-00999,2026-10-10T11:38:07,3010,Equity:Members:SCMA-FOUNDER,0.00,35.67,Waterfall Settlement Sweep - SCMA-FOUNDER (HMAC: AUTHENTICATE...)
VOUCHER-20261010-01000,2026-10-10T11:38:07,1010,Assets:Bank:PenFed FBO Operating Cash,30.53,0.00,Waterfall Settlement Sweep - SCMA-MEM-0001 (HMAC: AUTHENTICATE...)
VOUCHER-20261010-01000,2026-10-10T11:38:07,3020,Equity:Members:SCMA-MEM-0001,0.00,30.53,Waterfall Settlement Sweep - SCMA-MEM-0001 (HMAC: AUTHENTICATE...)
VOUCHER-20261010-01001,2026-10-10T11:38:07,1010,Assets:Bank:PenFed FBO Operating Cash,35.67,0.00,Waterfall Settlement Sweep - SCMA-FOUNDER (HMAC: AUTHENTICATE...)
VOUCHER-20261010-01001,2026-10-10T11:38:07,3010,Equity:Members:SCMA-FOUNDER,0.00,35.67,Waterfall Settlement Sweep - SCMA-FOUNDER (HMAC: AUTHENTICATE...)
VOUCHER-20261010-01002,2026-10-10T11:38:07,1010,Assets:Bank:PenFed FBO Operating Cash,30.53,0.00,Waterfall Settlement Sweep - SCMA-MEM-0001 (HMAC: AUTHENTICATE...)
VOUCHER-20261010-01002,2026-10-10T11:38:07,3020,Equity:Members:SCMA-MEM-0001,0.00,30.53,Waterfall Settlement Sweep - SCMA-MEM-0001 (HMAC: AUTHENTICATE...)
VOUCHER-20261010-01003,2026-10-10T11:38:07,1010,Assets:Bank:PenFed FBO Operating Cash,35.67,0.00,Waterfall Settlement Sweep - SCMA-FOUNDER (HMAC: AUTHENTICATE...)
VOUCHER-20261010-01003,2026-10-10T11:38:07,3010,Equity:Members:SCMA-FOUNDER,0.00,35.67,Waterfall Settlement Sweep - SCMA-FOUNDER (HMAC: AUTHENTICATE...)
VOUCHER-20261010-01004,2026-10-10T11:38:07,1010,Assets:Bank:PenFed FBO Operating Cash,30.53,0.00,Waterfall Settlement Sweep - SCMA-MEM-0001 (HMAC: AUTHENTICATE...)
VOUCHER-20261010-01004,2026-10-10T11:38:07,3020,Equity:Members:SCMA-MEM-0001,0.00,30.53,Waterfall Settlement Sweep - SCMA-MEM-0001 (HMAC: AUTHENTICATE...)
VOUCHER-20261010-01005,2026-10-10T11:38:07,1010,Assets:Bank:PenFed FBO Operating Cash,35.67,0.00,Waterfall Settlement Sweep - SCMA-FOUNDER (HMAC: AUTHENTICATE...)
VOUCHER-20261010-01005,2026-10-10T11:38:07,3010,Equity:Members:SCMA-FOUNDER,0.00,35.67,Waterfall Settlement Sweep - SCMA-FOUNDER (HMAC: AUTHENTICATE...)
VOUCHER-20261010-01006,2026-10-10T11:38:07,1010,Assets:Bank:PenFed FBO Operating Cash,30.53,0.00,Waterfall Settlement Sweep - SCMA-MEM-0001 (HMAC: AUTHENTICATE...)
VOUCHER-20261010-01006,2026-10-10T11:38:07,3020,Equity:Members:SCMA-MEM-0001,0.00,30.53,Waterfall Settlement Sweep - SCMA-MEM-0001 (HMAC: AUTHENTICATE...)
VOUCHER-20261010-01007,2026-10-10T11:38:07,1010,Assets:Bank:PenFed FBO Operating Cash,35.67,0.00,Waterfall Settlement Sweep - SCMA-FOUNDER (HMAC: AUTHENTICATE...)
VOUCHER-20261010-01007,2026-10-10T11:38:07,3010,Equity:Members:SCMA-FOUNDER,0.00,35.67,Waterfall Settlement Sweep - SCMA-FOUNDER (HMAC: AUTHENTICATE...)
VOUCHER-20261010-01008,2026-10-10T11:38:07,1010,Assets:Bank:PenFed FBO Operating Cash,30.53,0.00,Waterfall Settlement Sweep - SCMA-MEM-0001 (HMAC: AUTHENTICATE...)
VOUCHER-20261010-01008,2026-10-10T11:38:07,3020,Equity:Members:SCMA-MEM-0001,0.00,30.53,Waterfall Settlement Sweep - SCMA-MEM-0001 (HMAC: AUTHENTICATE...)
VOUCHER-20261010-01009,2026-10-10T11:38:07,1010,Assets:Bank:PenFed FBO Operating Cash,35.67,0.00,Waterfall Settlement Sweep - SCMA-FOUNDER (HMAC: AUTHENTICATE...)
VOUCHER-20261010-01009,2026-10-10T11:38:07,3010,Equity:Members:SCMA-FOUNDER,0.00,35.67,Waterfall Settlement Sweep - SCMA-FOUNDER (HMAC: AUTHENTICATE...)
VOUCHER-20261010-01010,2026-10-10T11:38:07,1010,Assets:Bank:PenFed FBO Operating Cash,30.53,0.00,Waterfall Settlement Sweep - SCMA-MEM-0001 (HMAC: AUTHENTICATE...)
VOUCHER-20261010-01010,2026-10-10T11:38:07,3020,Equity:Members:SCMA-MEM-0001,0.00,30.53,Waterfall Settlement Sweep - SCMA-MEM-0001 (HMAC: AUTHENTICATE...)
VOUCHER-20261010-01011,2026-10-10T11:38:07,1010,Assets:Bank:PenFed FBO Operating Cash,35.67,0.00,Waterfall Settlement Sweep - SCMA-FOUNDER (HMAC: AUTHENTICATE...)
VOUCHER-20261010-01011,2026-10-10T11:38:07,3010,Equity:Members:SCMA-FOUNDER,0.00,35.67,Waterfall Settlement Sweep - SCMA-FOUNDER (HMAC: AUTHENTICATE...)
VOUCHER-20261010-01012,2026-10-10T11:38:07,1010,Assets:Bank:PenFed FBO Operating Cash,30.53,0.00,Waterfall Settlement Sweep - SCMA-MEM-0001 (HMAC: AUTHENTICATE...)
VOUCHER-20261010-01012,2026-10-10T11:38:07,3020,Equity:Members:SCMA-MEM-0001,0.00,30.53,Waterfall Settlement Sweep - SCMA-MEM-0001 (HMAC: AUTHENTICATE...)
VOUCHER-20261010-01013,2026-10-10T11:38:07,1010,Assets:Bank:PenFed FBO Operating Cash,35.67,0.00,Waterfall Settlement Sweep - SCMA-FOUNDER (HMAC: AUTHENTICATE...)
VOUCHER-20261010-01013,2026-10-10T11:38:07,3010,Equity:Members:SCMA-FOUNDER,0.00,35.67,Waterfall Settlement Sweep - SCMA-FOUNDER (HMAC: AUTHENTICATE...)
VOUCHER-20261010-01014,2026-10-10T11:38:07,1010,Assets:Bank:PenFed FBO Operating Cash,30.53,0.00,Waterfall Settlement Sweep - SCMA-MEM-0001 (HMAC: AUTHENTICATE...)
VOUCHER-20261010-01014,2026-10-10T11:38:07,3020,Equity:Members:SCMA-MEM-0001,0.00,30.53,Waterfall Settlement Sweep - SCMA-MEM-0001 (HMAC: AUTHENTICATE...)
VOUCHER-20261010-01015,2026-10-10T11:38:07,1010,Assets:Bank:PenFed FBO Operating Cash,35.67,0.00,Waterfall Settlement Sweep - SCMA-FOUNDER (HMAC: AUTHENTICATE...)
VOUCHER-20261010-01015,2026-10-10T11:38:07,3010,Equity:Members:SCMA-FOUNDER,0.00,35.67,Waterfall Settlement Sweep - SCMA-FOUNDER (HMAC: AUTHENTICATE...)
VOUCHER-20261010-01016,2026-10-10T11:38:07,1010,Assets:Bank:PenFed FBO Operating Cash,30.53,0.00,Waterfall Settlement Sweep - SCMA-MEM-0001 (HMAC: AUTHENTICATE...)
VOUCHER-20261010-01016,2026-10-10T11:38:07,3020,Equity:Members:SCMA-MEM-0001,0.00,30.53,Waterfall Settlement Sweep - SCMA-MEM-0001 (HMAC: AUTHENTICATE...)
VOUCHER-20261010-01017,2026-10-10T11:38:07,1010,Assets:Bank:PenFed FBO Operating Cash,35.67,0.00,Waterfall Settlement Sweep - SCMA-FOUNDER (HMAC: AUTHENTICATE...)
VOUCHER-20261010-01017,2026-10-10T11:38:07,3010,Equity:Members:SCMA-FOUNDER,0.00,35.67,Waterfall Settlement Sweep - SCMA-FOUNDER (HMAC: AUTHENTICATE...)
VOUCHER-20261010-01018,2026-10-10T11:38:07,1010,Assets:Bank:PenFed FBO Operating Cash,30.53,0.00,Waterfall Settlement Sweep - SCMA-MEM-0001 (HMAC: AUTHENTICATE...)
VOUCHER-20261010-01018,2026-10-10T11:38:07,3020,Equity:Members:SCMA-MEM-0001,0.00,30.53,Waterfall Settlement Sweep - SCMA-MEM-0001 (HMAC: AUTHENTICATE...)
VOUCHER-20261010-01019,2026-10-10T11:38:07,1010,Assets:Bank:PenFed FBO Operating Cash,35.67,0.00,Waterfall Settlement Sweep - SCMA-FOUNDER (HMAC: AUTHENTICATE...)
VOUCHER-20261010-01019,2026-10-10T11:38:07,3010,Equity:Members:SCMA-FOUNDER,0.00,35.67,Waterfall Settlement Sweep - SCMA-FOUNDER (HMAC: AUTHENTICATE...)
VOUCHER-20261010-01020,2026-10-11T00:59:09,1010,Assets:Bank:PenFed FBO Operating Cash,30.53,0.00,Waterfall Settlement Sweep - SCMA-MEM-0001 (HMAC: AUTHENTICATE...)
VOUCHER-20261010-01020,2026-10-11T00:59:09,3020,Equity:Members:SCMA-MEM-0001,0.00,30.53,Waterfall Settlement Sweep - SCMA-MEM-0001 (HMAC: AUTHENTICATE...)
VOUCHER-20261010-01021,2026-10-11T00:59:09,1010,Assets:Bank:PenFed FBO Operating Cash,35.67,0.00,Waterfall Settlement Sweep - SCMA-FOUNDER (HMAC: AUTHENTICATE...)
VOUCHER-20261010-01021,2026-10-11T00:59:09,3010,Equity:Members:SCMA-FOUNDER,0.00,35.67,Waterfall Settlement Sweep - SCMA-FOUNDER (HMAC: AUTHENTICATE...)
VOUCHER-20261010-01022,2026-10-11T00:59:09,1010,Assets:Bank:PenFed FBO Operating Cash,30.53,0.00,Waterfall Settlement Sweep - SCMA-MEM-0001 (HMAC: AUTHENTICATE...)
VOUCHER-20261010-01022,2026-10-11T00:59:09,3020,Equity:Members:SCMA-MEM-0001,0.00,30.53,Waterfall Settlement Sweep - SCMA-MEM-0001 (HMAC: AUTHENTICATE...)
VOUCHER-20261010-01023,2026-10-11T00:59:09,1010,Assets:Bank:PenFed FBO Operating Cash,35.67,0.00,Waterfall Settlement Sweep - SCMA-FOUNDER (HMAC: AUTHENTICATE...)
VOUCHER-20261010-01023,2026-10-11T00:59:09,3010,Equity:Members:SCMA-FOUNDER,0.00,35.67,Waterfall Settlement Sweep - SCMA-FOUNDER (HMAC: AUTHENTICATE...)
VOUCHER-20261010-01024,2026-10-11T00:59:09,1010,Assets:Bank:PenFed FBO Operating Cash,30.53,0.00,Waterfall Settlement Sweep - SCMA-MEM-0001 (HMAC: AUTHENTICATE...)
VOUCHER-20261010-01024,2026-10-11T00:59:09,3020,Equity:Members:SCMA-MEM-0001,0.00,30.53,Waterfall Settlement Sweep - SCMA-MEM-0001 (HMAC: AUTHENTICATE...)
VOUCHER-20261010-01025,2026-10-11T00:59:09,1010,Assets:Bank:PenFed FBO Operating Cash,35.67,0.00,Waterfall Settlement Sweep - SCMA-FOUNDER (HMAC: AUTHENTICATE...)
VOUCHER-20261010-01025,2026-10-11T00:59:09,3010,Equity:Members:SCMA-FOUNDER,0.00,35.67,Waterfall Settlement Sweep - SCMA-FOUNDER (HMAC: AUTHENTICATE...)
VOUCHER-20261010-01026,2026-10-11T00:59:09,1010,Assets:Bank:PenFed FBO Operating Cash,30.53,0.00,Waterfall Settlement Sweep - SCMA-MEM-0001 (HMAC: AUTHENTICATE...)
VOUCHER-20261010-01026,2026-10-11T00:59:09,3020,Equity:Members:SCMA-MEM-0001,0.00,30.53,Waterfall Settlement Sweep - SCMA-MEM-0001 (HMAC: AUTHENTICATE...)
VOUCHER-20261010-01027,2026-10-11T00:59:09,1010,Assets:Bank:PenFed FBO Operating Cash,35.67,0.00,Waterfall Settlement Sweep - SCMA-FOUNDER (HMAC: AUTHENTICATE...)
VOUCHER-20261010-01027,2026-10-11T00:59:09,3010,Equity:Members:SCMA-FOUNDER,0.00,35.67,Waterfall Settlement Sweep - SCMA-FOUNDER (HMAC: AUTHENTICATE...)
VOUCHER-20261010-01028,2026-10-11T00:59:09,1010,Assets:Bank:PenFed FBO Operating Cash,30.53,0.00,Waterfall Settlement Sweep - SCMA-MEM-0001 (HMAC: AUTHENTICATE...)
VOUCHER-20261010-01028,2026-10-11T00:59:09,3020,Equity:Members:SCMA-MEM-0001,0.00,30.53,Waterfall Settlement Sweep - SCMA-MEM-0001 (HMAC: AUTHENTICATE...)
VOUCHER-20261010-01029,2026-10-11T00:59:09,1010,Assets:Bank:PenFed FBO Operating Cash,35.67,0.00,Waterfall Settlement Sweep - SCMA-FOUNDER (HMAC: AUTHENTICATE...)
VOUCHER-20261010-01029,2026-10-11T00:59:09,3010,Equity:Members:SCMA-FOUNDER,0.00,35.67,Waterfall Settlement Sweep - SCMA-FOUNDER (HMAC: AUTHENTICATE...)
VOUCHER-20261010-01030,2026-10-11T00:59:09,1010,Assets:Bank:PenFed FBO Operating Cash,30.53,0.00,Waterfall Settlement Sweep - SCMA-MEM-0001 (HMAC: AUTHENTICATE...)
VOUCHER-20261010-01030,2026-10-11T00:59:09,3020,Equity:Members:SCMA-MEM-0001,0.00,30.53,Waterfall Settlement Sweep - SCMA-MEM-0001 (HMAC: AUTHENTICATE...)
VOUCHER-20261010-01031,2026-10-11T00:59:09,1010,Assets:Bank:PenFed FBO Operating Cash,35.67,0.00,Waterfall Settlement Sweep - SCMA-FOUNDER (HMAC: AUTHENTICATE...)
VOUCHER-20261010-01031,2026-10-11T00:59:09,3010,Equity:Members:SCMA-FOUNDER,0.00,35.67,Waterfall Settlement Sweep - SCMA-FOUNDER (HMAC: AUTHENTICATE...)
VOUCHER-20261010-01032,2026-10-11T00:59:09,1010,Assets:Bank:PenFed FBO Operating Cash,30.53,0.00,Waterfall Settlement Sweep - SCMA-MEM-0001 (HMAC: AUTHENTICATE...)
VOUCHER-20261010-01032,2026-10-11T00:59:09,3020,Equity:Members:SCMA-MEM-0001,0.00,30.53,Waterfall Settlement Sweep - SCMA-MEM-0001 (HMAC: AUTHENTICATE...)
VOUCHER-20261010-01033,2026-10-11T00:59:09,1010,Assets:Bank:PenFed FBO Operating Cash,35.67,0.00,Waterfall Settlement Sweep - SCMA-FOUNDER (HMAC: AUTHENTICATE...)
VOUCHER-20261010-01033,2026-10-11T00:59:09,3010,Equity:Members:SCMA-FOUNDER,0.00,35.67,Waterfall Settlement Sweep - SCMA-FOUNDER (HMAC: AUTHENTICATE...)
VOUCHER-20261010-01034,2026-10-11T00:59:09,1010,Assets:Bank:PenFed FBO Operating Cash,30.53,0.00,Waterfall Settlement Sweep - SCMA-MEM-0001 (HMAC: AUTHENTICATE...)
VOUCHER-20261010-01034,2026-10-11T00:59:09,3020,Equity:Members:SCMA-MEM-0001,0.00,30.53,Waterfall Settlement Sweep - SCMA-MEM-0001 (HMAC: AUTHENTICATE...)
VOUCHER-20261010-01035,2026-10-11T00:59:09,1010,Assets:Bank:PenFed FBO Operating Cash,35.67,0.00,Waterfall Settlement Sweep - SCMA-FOUNDER (HMAC: AUTHENTICATE...)
VOUCHER-20261010-01035,2026-10-11T00:59:09,3010,Equity:Members:SCMA-FOUNDER,0.00,35.67,Waterfall Settlement Sweep - SCMA-FOUNDER (HMAC: AUTHENTICATE...)
VOUCHER-20261010-01036,2026-10-11T00:59:09,1010,Assets:Bank:PenFed FBO Operating Cash,30.53,0.00,Waterfall Settlement Sweep - SCMA-MEM-0001 (HMAC: AUTHENTICATE...)
VOUCHER-20261010-01036,2026-10-11T00:59:09,3020,Equity:Members:SCMA-MEM-0001,0.00,30.53,Waterfall Settlement Sweep - SCMA-MEM-0001 (HMAC: AUTHENTICATE...)
VOUCHER-20261010-01037,2026-10-11T00:59:09,1010,Assets:Bank:PenFed FBO Operating Cash,35.67,0.00,Waterfall Settlement Sweep - SCMA-FOUNDER (HMAC: AUTHENTICATE...)
VOUCHER-20261010-01037,2026-10-11T00:59:09,3010,Equity:Members:SCMA-FOUNDER,0.00,35.67,Waterfall Settlement Sweep - SCMA-FOUNDER (HMAC: AUTHENTICATE...)
VOUCHER-20261010-01038,2026-10-11T00:59:09,1010,Assets:Bank:PenFed FBO Operating Cash,30.53,0.00,Waterfall Settlement Sweep - SCMA-MEM-0001 (HMAC: AUTHENTICATE...)
VOUCHER-20261010-01038,2026-10-11T00:59:09,3020,Equity:Members:SCMA-MEM-0001,0.00,30.53,Waterfall Settlement Sweep - SCMA-MEM-0001 (HMAC: AUTHENTICATE...)
VOUCHER-20261010-01039,2026-10-11T00:59:09,1010,Assets:Bank:PenFed FBO Operating Cash,35.67,0.00,Waterfall Settlement Sweep - SCMA-FOUNDER (HMAC: AUTHENTICATE...)
VOUCHER-20261010-01039,2026-10-11T00:59:09,3010,Equity:Members:SCMA-FOUNDER,0.00,35.67,Waterfall Settlement Sweep - SCMA-FOUNDER (HMAC: AUTHENTICATE...)
VOUCHER-20261010-01040,2026-10-11T00:59:09,1010,Assets:Bank:PenFed FBO Operating Cash,30.53,0.00,Waterfall Settlement Sweep - SCMA-MEM-0001 (HMAC: AUTHENTICATE...)
VOUCHER-20261010-01040,2026-10-11T00:59:09,3020,Equity:Members:SCMA-MEM-0001,0.00,30.53,Waterfall Settlement Sweep - SCMA-MEM-0001 (HMAC: AUTHENTICATE...)
VOUCHER-20261010-01041,2026-10-11T00:59:09,1010,Assets:Bank:PenFed FBO Operating Cash,35.67,0.00,Waterfall Settlement Sweep - SCMA-FOUNDER (HMAC: AUTHENTICATE...)
VOUCHER-20261010-01041,2026-10-11T00:59:09,3010,Equity:Members:SCMA-FOUNDER,0.00,35.67,Waterfall Settlement Sweep - SCMA-FOUNDER (HMAC: AUTHENTICATE...)
VOUCHER-20261010-01042,2026-10-11T00:59:09,1010,Assets:Bank:PenFed FBO Operating Cash,30.53,0.00,Waterfall Settlement Sweep - SCMA-MEM-0001 (HMAC: AUTHENTICATE...)
VOUCHER-20261010-01042,2026-10-11T00:59:09,3020,Equity:Members:SCMA-MEM-0001,0.00,30.53,Waterfall Settlement Sweep - SCMA-MEM-0001 (HMAC: AUTHENTICATE...)
VOUCHER-20261010-01043,2026-10-11T00:59:09,1010,Assets:Bank:PenFed FBO Operating Cash,35.67,0.00,Waterfall Settlement Sweep - SCMA-FOUNDER (HMAC: AUTHENTICATE...)
VOUCHER-20261010-01043,2026-10-11T00:59:09,3010,Equity:Members:SCMA-FOUNDER,0.00,35.67,Waterfall Settlement Sweep - SCMA-FOUNDER (HMAC: AUTHENTICATE...)
VOUCHER-20261010-01044,2026-10-11T00:59:09,1010,Assets:Bank:PenFed FBO Operating Cash,30.53,0.00,Waterfall Settlement Sweep - SCMA-MEM-0001 (HMAC: AUTHENTICATE...)
VOUCHER-20261010-01044,2026-10-11T00:59:09,3020,Equity:Members:SCMA-MEM-0001,0.00,30.53,Waterfall Settlement Sweep - SCMA-MEM-0001 (HMAC: AUTHENTICATE...)
VOUCHER-20261010-01045,2026-10-11T00:59:09,1010,Assets:Bank:PenFed FBO Operating Cash,35.67,0.00,Waterfall Settlement Sweep - SCMA-FOUNDER (HMAC: AUTHENTICATE...)
VOUCHER-20261010-01045,2026-10-11T00:59:09,3010,Equity:Members:SCMA-FOUNDER,0.00,35.67,Waterfall Settlement Sweep - SCMA-FOUNDER (HMAC: AUTHENTICATE...)
VOUCHER-20261010-01046,2026-10-11T00:59:09,1010,Assets:Bank:PenFed FBO Operating Cash,30.53,0.00,Waterfall Settlement Sweep - SCMA-MEM-0001 (HMAC: AUTHENTICATE...)
VOUCHER-20261010-01046,2026-10-11T00:59:09,3020,Equity:Members:SCMA-MEM-0001,0.00,30.53,Waterfall Settlement Sweep - SCMA-MEM-0001 (HMAC: AUTHENTICATE...)
VOUCHER-20261010-01047,2026-10-11T00:59:09,1010,Assets:Bank:PenFed FBO Operating Cash,35.67,0.00,Waterfall Settlement Sweep - SCMA-FOUNDER (HMAC: AUTHENTICATE...)
VOUCHER-20261010-01047,2026-10-11T00:59:09,3010,Equity:Members:SCMA-FOUNDER,0.00,35.67,Waterfall Settlement Sweep - SCMA-FOUNDER (HMAC: AUTHENTICATE...)
VOUCHER-20261010-01048,2026-10-11T00:59:09,1010,Assets:Bank:PenFed FBO Operating Cash,30.53,0.00,Waterfall Settlement Sweep - SCMA-MEM-0001 (HMAC: AUTHENTICATE...)
VOUCHER-20261010-01048,2026-10-11T00:59:09,3020,Equity:Members:SCMA-MEM-0001,0.00,30.53,Waterfall Settlement Sweep - SCMA-MEM-0001 (HMAC: AUTHENTICATE...)
VOUCHER-20261010-01049,2026-10-11T00:59:09,1010,Assets:Bank:PenFed FBO Operating Cash,35.67,0.00,Waterfall Settlement Sweep - SCMA-FOUNDER (HMAC: AUTHENTICATE...)
VOUCHER-20261010-01049,2026-10-11T00:59:09,3010,Equity:Members:SCMA-FOUNDER,0.00,35.67,Waterfall Settlement Sweep - SCMA-FOUNDER (HMAC: AUTHENTICATE...)
VOUCHER-20261010-01050,2026-10-11T00:59:09,1010,Assets:Bank:PenFed FBO Operating Cash,30.53,0.00,Waterfall Settlement Sweep - SCMA-MEM-0001 (HMAC: AUTHENTICATE...)
VOUCHER-20261010-01050,2026-10-11T00:59:09,3020,Equity:Members:SCMA-MEM-0001,0.00,30.53,Waterfall Settlement Sweep - SCMA-MEM-0001 (HMAC: AUTHENTICATE...)
VOUCHER-20261010-01051,2026-10-11T00:59:09,1010,Assets:Bank:PenFed FBO Operating Cash,35.67,0.00,Waterfall Settlement Sweep - SCMA-FOUNDER (HMAC: AUTHENTICATE...)
VOUCHER-20261010-01051,2026-10-11T00:59:09,3010,Equity:Members:SCMA-FOUNDER,0.00,35.67,Waterfall Settlement Sweep - SCMA-FOUNDER (HMAC: AUTHENTICATE...)
VOUCHER-20261010-01052,2026-10-11T00:59:09,1010,Assets:Bank:PenFed FBO Operating Cash,30.53,0.00,Waterfall Settlement Sweep - SCMA-MEM-0001 (HMAC: AUTHENTICATE...)
VOUCHER-20261010-01052,2026-10-11T00:59:09,3020,Equity:Members:SCMA-MEM-0001,0.00,30.53,Waterfall Settlement Sweep - SCMA-MEM-0001 (HMAC: AUTHENTICATE...)
VOUCHER-20261010-01053,2026-10-11T00:59:09,1010,Assets:Bank:PenFed FBO Operating Cash,35.67,0.00,Waterfall Settlement Sweep - SCMA-FOUNDER (HMAC: AUTHENTICATE...)
VOUCHER-20261010-01053,2026-10-11T00:59:09,3010,Equity:Members:SCMA-FOUNDER,0.00,35.67,Waterfall Settlement Sweep - SCMA-FOUNDER (HMAC: AUTHENTICATE...)
VOUCHER-20261010-01054,2026-10-11T00:59:09,1010,Assets:Bank:PenFed FBO Operating Cash,30.53,0.00,Waterfall Settlement Sweep - SCMA-MEM-0001 (HMAC: AUTHENTICATE...)
VOUCHER-20261010-01054,2026-10-11T00:59:09,3020,Equity:Members:SCMA-MEM-0001,0.00,30.53,Waterfall Settlement Sweep - SCMA-MEM-0001 (HMAC: AUTHENTICATE...)
VOUCHER-20261010-01055,2026-10-11T00:59:09,1010,Assets:Bank:PenFed FBO Operating Cash,35.67,0.00,Waterfall Settlement Sweep - SCMA-FOUNDER (HMAC: AUTHENTICATE...)
VOUCHER-20261010-01055,2026-10-11T00:59:09,3010,Equity:Members:SCMA-FOUNDER,0.00,35.67,Waterfall Settlement Sweep - SCMA-FOUNDER (HMAC: AUTHENTICATE...)
VOUCHER-20261010-01056,2026-10-11T00:59:09,1010,Assets:Bank:PenFed FBO Operating Cash,30.53,0.00,Waterfall Settlement Sweep - SCMA-MEM-0001 (HMAC: AUTHENTICATE...)
VOUCHER-20261010-01056,2026-10-11T00:59:09,3020,Equity:Members:SCMA-MEM-0001,0.00,30.53,Waterfall Settlement Sweep - SCMA-MEM-0001 (HMAC: AUTHENTICATE...)
VOUCHER-20261010-01057,2026-10-11T00:59:09,1010,Assets:Bank:PenFed FBO Operating Cash,35.67,0.00,Waterfall Settlement Sweep - SCMA-FOUNDER (HMAC: AUTHENTICATE...)
VOUCHER-20261010-01057,2026-10-11T00:59:09,3010,Equity:Members:SCMA-FOUNDER,0.00,35.67,Waterfall Settlement Sweep - SCMA-FOUNDER (HMAC: AUTHENTICATE...)
VOUCHER-20261010-01058,2026-10-11T00:59:09,1010,Assets:Bank:PenFed FBO Operating Cash,30.53,0.00,Waterfall Settlement Sweep - SCMA-MEM-0001 (HMAC: AUTHENTICATE...)
VOUCHER-20261010-01058,2026-10-11T00:59:09,3020,Equity:Members:SCMA-MEM-0001,0.00,30.53,Waterfall Settlement Sweep - SCMA-MEM-0001 (HMAC: AUTHENTICATE...)
VOUCHER-20261010-01059,2026-10-11T00:59:09,1010,Assets:Bank:PenFed FBO Operating Cash,35.67,0.00,Waterfall Settlement Sweep - SCMA-FOUNDER (HMAC: AUTHENTICATE...)
VOUCHER-20261010-01059,2026-10-11T00:59:09,3010,Equity:Members:SCMA-FOUNDER,0.00,35.67,Waterfall Settlement Sweep - SCMA-FOUNDER (HMAC: AUTHENTICATE...)
VOUCHER-20261010-01060,2026-10-11T00:59:09,1010,Assets:Bank:PenFed FBO Operating Cash,30.53,0.00,Waterfall Settlement Sweep - SCMA-MEM-0001 (HMAC: AUTHENTICATE...)
VOUCHER-20261010-01060,2026-10-11T00:59:09,3020,Equity:Members:SCMA-MEM-0001,0.00,30.53,Waterfall Settlement Sweep - SCMA-MEM-0001 (HMAC: AUTHENTICATE...)
VOUCHER-20261010-01061,2026-10-11T00:59:09,1010,Assets:Bank:PenFed FBO Operating Cash,35.67,0.00,Waterfall Settlement Sweep - SCMA-FOUNDER (HMAC: AUTHENTICATE...)
VOUCHER-20261010-01061,2026-10-11T00:59:09,3010,Equity:Members:SCMA-FOUNDER,0.00,35.67,Waterfall Settlement Sweep - SCMA-FOUNDER (HMAC: AUTHENTICATE...)
VOUCHER-20261010-01062,2026-10-11T00:59:09,1010,Assets:Bank:PenFed FBO Operating Cash,30.53,0.00,Waterfall Settlement Sweep - SCMA-MEM-0001 (HMAC: AUTHENTICATE...)
VOUCHER-20261010-01062,2026-10-11T00:59:09,3020,Equity:Members:SCMA-MEM-0001,0.00,30.53,Waterfall Settlement Sweep - SCMA-MEM-0001 (HMAC: AUTHENTICATE...)
VOUCHER-20261010-01063,2026-10-11T00:59:09,1010,Assets:Bank:PenFed FBO Operating Cash,35.67,0.00,Waterfall Settlement Sweep - SCMA-FOUNDER (HMAC: AUTHENTICATE...)
VOUCHER-20261010-01063,2026-10-11T00:59:09,3010,Equity:Members:SCMA-FOUNDER,0.00,35.67,Waterfall Settlement Sweep - SCMA-FOUNDER (HMAC: AUTHENTICATE...)
VOUCHER-20261010-01064,2026-10-11T00:59:09,1010,Assets:Bank:PenFed FBO Operating Cash,30.53,0.00,Waterfall Settlement Sweep - SCMA-MEM-0001 (HMAC: AUTHENTICATE...)
VOUCHER-20261010-01064,2026-10-11T00:59:09,3020,Equity:Members:SCMA-MEM-0001,0.00,30.53,Waterfall Settlement Sweep - SCMA-MEM-0001 (HMAC: AUTHENTICATE...)
VOUCHER-20261010-01065,2026-10-11T00:59:09,1010,Assets:Bank:PenFed FBO Operating Cash,35.67,0.00,Waterfall Settlement Sweep - SCMA-FOUNDER (HMAC: AUTHENTICATE...)
VOUCHER-20261010-01065,2026-10-11T00:59:09,3010,Equity:Members:SCMA-FOUNDER,0.00,35.67,Waterfall Settlement Sweep - SCMA-FOUNDER (HMAC: AUTHENTICATE...)
VOUCHER-20261010-01066,2026-10-11T00:59:09,1010,Assets:Bank:PenFed FBO Operating Cash,30.53,0.00,Waterfall Settlement Sweep - SCMA-MEM-0001 (HMAC: AUTHENTICATE...)
VOUCHER-20261010-01066,2026-10-11T00:59:09,3020,Equity:Members:SCMA-MEM-0001,0.00,30.53,Waterfall Settlement Sweep - SCMA-MEM-0001 (HMAC: AUTHENTICATE...)
VOUCHER-20261010-01067,2026-10-11T00:59:09,1010,Assets:Bank:PenFed FBO Operating Cash,35.67,0.00,Waterfall Settlement Sweep - SCMA-FOUNDER (HMAC: AUTHENTICATE...)
VOUCHER-20261010-01067,2026-10-11T00:59:09,3010,Equity:Members:SCMA-FOUNDER,0.00,35.67,Waterfall Settlement Sweep - SCMA-FOUNDER (HMAC: AUTHENTICATE...)
VOUCHER-20261010-01068,2026-10-11T00:59:09,1010,Assets:Bank:PenFed FBO Operating Cash,30.53,0.00,Waterfall Settlement Sweep - SCMA-MEM-0001 (HMAC: AUTHENTICATE...)
VOUCHER-20261010-01068,2026-10-11T00:59:09,3020,Equity:Members:SCMA-MEM-0001,0.00,30.53,Waterfall Settlement Sweep - SCMA-MEM-0001 (HMAC: AUTHENTICATE...)
VOUCHER-20261010-01069,2026-10-11T00:59:09,1010,Assets:Bank:PenFed FBO Operating Cash,35.67,0.00,Waterfall Settlement Sweep - SCMA-FOUNDER (HMAC: AUTHENTICATE...)
VOUCHER-20261010-01069,2026-10-11T00:59:09,3010,Equity:Members:SCMA-FOUNDER,0.00,35.67,Waterfall Settlement Sweep - SCMA-FOUNDER (HMAC: AUTHENTICATE...)
VOUCHER-20261010-01070,2026-10-11T00:59:09,1010,Assets:Bank:PenFed FBO Operating Cash,30.53,0.00,Waterfall Settlement Sweep - SCMA-MEM-0001 (HMAC: AUTHENTICATE...)
VOUCHER-20261010-01070,2026-10-11T00:59:09,3020,Equity:Members:SCMA-MEM-0001,0.00,30.53,Waterfall Settlement Sweep - SCMA-MEM-0001 (HMAC: AUTHENTICATE...)
VOUCHER-20261010-01071,2026-10-11T00:59:09,1010,Assets:Bank:PenFed FBO Operating Cash,35.67,0.00,Waterfall Settlement Sweep - SCMA-FOUNDER (HMAC: AUTHENTICATE...)
VOUCHER-20261010-01071,2026-10-11T00:59:09,3010,Equity:Members:SCMA-FOUNDER,0.00,35.67,Waterfall Settlement Sweep - SCMA-FOUNDER (HMAC: AUTHENTICATE...)
VOUCHER-20261010-01072,2026-10-11T00:59:09,1010,Assets:Bank:PenFed FBO Operating Cash,30.53,0.00,Waterfall Settlement Sweep - SCMA-MEM-0001 (HMAC: AUTHENTICATE...)
VOUCHER-20261010-01072,2026-10-11T00:59:09,3020,Equity:Members:SCMA-MEM-0001,0.00,30.53,Waterfall Settlement Sweep - SCMA-MEM-0001 (HMAC: AUTHENTICATE...)
VOUCHER-20261010-01073,2026-10-11T00:59:09,1010,Assets:Bank:PenFed FBO Operating Cash,35.67,0.00,Waterfall Settlement Sweep - SCMA-FOUNDER (HMAC: AUTHENTICATE...)
VOUCHER-20261010-01073,2026-10-11T00:59:09,3010,Equity:Members:SCMA-FOUNDER,0.00,35.67,Waterfall Settlement Sweep - SCMA-FOUNDER (HMAC: AUTHENTICATE...)
VOUCHER-20261010-01074,2026-10-11T00:59:09,1010,Assets:Bank:PenFed FBO Operating Cash,30.53,0.00,Waterfall Settlement Sweep - SCMA-MEM-0001 (HMAC: AUTHENTICATE...)
VOUCHER-20261010-01074,2026-10-11T00:59:09,3020,Equity:Members:SCMA-MEM-0001,0.00,30.53,Waterfall Settlement Sweep - SCMA-MEM-0001 (HMAC: AUTHENTICATE...)
VOUCHER-20261010-01075,2026-10-11T00:59:09,1010,Assets:Bank:PenFed FBO Operating Cash,35.67,0.00,Waterfall Settlement Sweep - SCMA-FOUNDER (HMAC: AUTHENTICATE...)
VOUCHER-20261010-01075,2026-10-11T00:59:09,3010,Equity:Members:SCMA-FOUNDER,0.00,35.67,Waterfall Settlement Sweep - SCMA-FOUNDER (HMAC: AUTHENTICATE...)
VOUCHER-20261010-01076,2026-10-11T00:59:09,1010,Assets:Bank:PenFed FBO Operating Cash,30.53,0.00,Waterfall Settlement Sweep - SCMA-MEM-0001 (HMAC: AUTHENTICATE...)
VOUCHER-20261010-01076,2026-10-11T00:59:09,3020,Equity:Members:SCMA-MEM-0001,0.00,30.53,Waterfall Settlement Sweep - SCMA-MEM-0001 (HMAC: AUTHENTICATE...)
VOUCHER-20261010-01077,2026-10-11T00:59:09,1010,Assets:Bank:PenFed FBO Operating Cash,35.67,0.00,Waterfall Settlement Sweep - SCMA-FOUNDER (HMAC: AUTHENTICATE...)
VOUCHER-20261010-01077,2026-10-11T00:59:09,3010,Equity:Members:SCMA-FOUNDER,0.00,35.67,Waterfall Settlement Sweep - SCMA-FOUNDER (HMAC: AUTHENTICATE...)
VOUCHER-20261010-01078,2026-10-11T00:59:09,1010,Assets:Bank:PenFed FBO Operating Cash,30.53,0.00,Waterfall Settlement Sweep - SCMA-MEM-0001 (HMAC: AUTHENTICATE...)
VOUCHER-20261010-01078,2026-10-11T00:59:09,3020,Equity:Members:SCMA-MEM-0001,0.00,30.53,Waterfall Settlement Sweep - SCMA-MEM-0001 (HMAC: AUTHENTICATE...)
VOUCHER-20261010-01079,2026-10-11T00:59:09,1010,Assets:Bank:PenFed FBO Operating Cash,35.67,0.00,Waterfall Settlement Sweep - SCMA-FOUNDER (HMAC: AUTHENTICATE...)
VOUCHER-20261010-01079,2026-10-11T00:59:09,3010,Equity:Members:SCMA-FOUNDER,0.00,35.67,Waterfall Settlement Sweep - SCMA-FOUNDER (HMAC: AUTHENTICATE...)
VOUCHER-20261010-01080,2026-10-11T00:59:09,1010,Assets:Bank:PenFed FBO Operating Cash,30.53,0.00,Waterfall Settlement Sweep - SCMA-MEM-0001 (HMAC: AUTHENTICATE...)
VOUCHER-20261010-01080,2026-10-11T00:59:09,3020,Equity:Members:SCMA-MEM-0001,0.00,30.53,Waterfall Settlement Sweep - SCMA-MEM-0001 (HMAC: AUTHENTICATE...)
VOUCHER-20261010-01081,2026-10-11T00:59:09,1010,Assets:Bank:PenFed FBO Operating Cash,35.67,0.00,Waterfall Settlement Sweep - SCMA-FOUNDER (HMAC: AUTHENTICATE...)
VOUCHER-20261010-01081,2026-10-11T00:59:09,3010,Equity:Members:SCMA-FOUNDER,0.00,35.67,Waterfall Settlement Sweep - SCMA-FOUNDER (HMAC: AUTHENTICATE...)
VOUCHER-20261010-01082,2026-10-11T00:59:09,1010,Assets:Bank:PenFed FBO Operating Cash,30.53,0.00,Waterfall Settlement Sweep - SCMA-MEM-0001 (HMAC: AUTHENTICATE...)
VOUCHER-20261010-01082,2026-10-11T00:59:09,3020,Equity:Members:SCMA-MEM-0001,0.00,30.53,Waterfall Settlement Sweep - SCMA-MEM-0001 (HMAC: AUTHENTICATE...)
VOUCHER-20261010-01083,2026-10-11T00:59:09,1010,Assets:Bank:PenFed FBO Operating Cash,35.67,0.00,Waterfall Settlement Sweep - SCMA-FOUNDER (HMAC: AUTHENTICATE...)
VOUCHER-20261010-01083,2026-10-11T00:59:09,3010,Equity:Members:SCMA-FOUNDER,0.00,35.67,Waterfall Settlement Sweep - SCMA-FOUNDER (HMAC: AUTHENTICATE...)
VOUCHER-20261010-01084,2026-10-11T00:59:09,1010,Assets:Bank:PenFed FBO Operating Cash,30.53,0.00,Waterfall Settlement Sweep - SCMA-MEM-0001 (HMAC: AUTHENTICATE...)
VOUCHER-20261010-01084,2026-10-11T00:59:09,3020,Equity:Members:SCMA-MEM-0001,0.00,30.53,Waterfall Settlement Sweep - SCMA-MEM-0001 (HMAC: AUTHENTICATE...)
VOUCHER-20261010-01085,2026-10-11T00:59:09,1010,Assets:Bank:PenFed FBO Operating Cash,35.67,0.00,Waterfall Settlement Sweep - SCMA-FOUNDER (HMAC: AUTHENTICATE...)
VOUCHER-20261010-01085,2026-10-11T00:59:09,3010,Equity:Members:SCMA-FOUNDER,0.00,35.67,Waterfall Settlement Sweep - SCMA-FOUNDER (HMAC: AUTHENTICATE...)
VOUCHER-20261010-01086,2026-10-11T00:59:09,1010,Assets:Bank:PenFed FBO Operating Cash,30.53,0.00,Waterfall Settlement Sweep - SCMA-MEM-0001 (HMAC: AUTHENTICATE...)
VOUCHER-20261010-01086,2026-10-11T00:59:09,3020,Equity:Members:SCMA-MEM-0001,0.00,30.53,Waterfall Settlement Sweep - SCMA-MEM-0001 (HMAC: AUTHENTICATE...)
VOUCHER-20261010-01087,2026-10-11T00:59:09,1010,Assets:Bank:PenFed FBO Operating Cash,35.67,0.00,Waterfall Settlement Sweep - SCMA-FOUNDER (HMAC: AUTHENTICATE...)
VOUCHER-20261010-01087,2026-10-11T00:59:09,3010,Equity:Members:SCMA-FOUNDER,0.00,35.67,Waterfall Settlement Sweep - SCMA-FOUNDER (HMAC: AUTHENTICATE...)
VOUCHER-20261010-01088,2026-10-11T00:59:09,1010,Assets:Bank:PenFed FBO Operating Cash,30.53,0.00,Waterfall Settlement Sweep - SCMA-MEM-0001 (HMAC: AUTHENTICATE...)
VOUCHER-20261010-01088,2026-10-11T00:59:09,3020,Equity:Members:SCMA-MEM-0001,0.00,30.53,Waterfall Settlement Sweep - SCMA-MEM-0001 (HMAC: AUTHENTICATE...)
VOUCHER-20261010-01089,2026-10-11T00:59:09,1010,Assets:Bank:PenFed FBO Operating Cash,35.67,0.00,Waterfall Settlement Sweep - SCMA-FOUNDER (HMAC: AUTHENTICATE...)
VOUCHER-20261010-01089,2026-10-11T00:59:09,3010,Equity:Members:SCMA-FOUNDER,0.00,35.67,Waterfall Settlement Sweep - SCMA-FOUNDER (HMAC: AUTHENTICATE...)
VOUCHER-20261010-01090,2026-10-11T00:59:09,1010,Assets:Bank:PenFed FBO Operating Cash,30.53,0.00,Waterfall Settlement Sweep - SCMA-MEM-0001 (HMAC: AUTHENTICATE...)
VOUCHER-20261010-01090,2026-10-11T00:59:09,3020,Equity:Members:SCMA-MEM-0001,0.00,30.53,Waterfall Settlement Sweep - SCMA-MEM-0001 (HMAC: AUTHENTICATE...)
VOUCHER-20261010-01091,2026-10-11T00:59:09,1010,Assets:Bank:PenFed FBO Operating Cash,35.67,0.00,Waterfall Settlement Sweep - SCMA-FOUNDER (HMAC: AUTHENTICATE...)
VOUCHER-20261010-01091,2026-10-11T00:59:09,3010,Equity:Members:SCMA-FOUNDER,0.00,35.67,Waterfall Settlement Sweep - SCMA-FOUNDER (HMAC: AUTHENTICATE...)
VOUCHER-20261010-01092,2026-10-11T00:59:09,1010,Assets:Bank:PenFed FBO Operating Cash,30.53,0.00,Waterfall Settlement Sweep - SCMA-MEM-0001 (HMAC: AUTHENTICATE...)
VOUCHER-20261010-01092,2026-10-11T00:59:09,3020,Equity:Members:SCMA-MEM-0001,0.00,30.53,Waterfall Settlement Sweep - SCMA-MEM-0001 (HMAC: AUTHENTICATE...)
VOUCHER-20261010-01093,2026-10-11T00:59:09,1010,Assets:Bank:PenFed FBO Operating Cash,35.67,0.00,Waterfall Settlement Sweep - SCMA-FOUNDER (HMAC: AUTHENTICATE...)
VOUCHER-20261010-01093,2026-10-11T00:59:09,3010,Equity:Members:SCMA-FOUNDER,0.00,35.67,Waterfall Settlement Sweep - SCMA-FOUNDER (HMAC: AUTHENTICATE...)
VOUCHER-20261010-01094,2026-10-11T00:59:09,1010,Assets:Bank:PenFed FBO Operating Cash,30.53,0.00,Waterfall Settlement Sweep - SCMA-MEM-0001 (HMAC: AUTHENTICATE...)
VOUCHER-20261010-01094,2026-10-11T00:59:09,3020,Equity:Members:SCMA-MEM-0001,0.00,30.53,Waterfall Settlement Sweep - SCMA-MEM-0001 (HMAC: AUTHENTICATE...)
VOUCHER-20261010-01095,2026-10-11T00:59:09,1010,Assets:Bank:PenFed FBO Operating Cash,35.67,0.00,Waterfall Settlement Sweep - SCMA-FOUNDER (HMAC: AUTHENTICATE...)
VOUCHER-20261010-01095,2026-10-11T00:59:09,3010,Equity:Members:SCMA-FOUNDER,0.00,35.67,Waterfall Settlement Sweep - SCMA-FOUNDER (HMAC: AUTHENTICATE...)
VOUCHER-20261010-01096,2026-10-11T00:59:09,1010,Assets:Bank:PenFed FBO Operating Cash,30.53,0.00,Waterfall Settlement Sweep - SCMA-MEM-0001 (HMAC: AUTHENTICATE...)
VOUCHER-20261010-01096,2026-10-11T00:59:09,3020,Equity:Members:SCMA-MEM-0001,0.00,30.53,Waterfall Settlement Sweep - SCMA-MEM-0001 (HMAC: AUTHENTICATE...)
VOUCHER-20261010-01097,2026-10-11T00:59:09,1010,Assets:Bank:PenFed FBO Operating Cash,35.67,0.00,Waterfall Settlement Sweep - SCMA-FOUNDER (HMAC: AUTHENTICATE...)
VOUCHER-20261010-01097,2026-10-11T00:59:09,3010,Equity:Members:SCMA-FOUNDER,0.00,35.67,Waterfall Settlement Sweep - SCMA-FOUNDER (HMAC: AUTHENTICATE...)
VOUCHER-20261010-01098,2026-10-11T00:59:09,1010,Assets:Bank:PenFed FBO Operating Cash,30.53,0.00,Waterfall Settlement Sweep - SCMA-MEM-0001 (HMAC: AUTHENTICATE...)
VOUCHER-20261010-01098,2026-10-11T00:59:09,3020,Equity:Members:SCMA-MEM-0001,0.00,30.53,Waterfall Settlement Sweep - SCMA-MEM-0001 (HMAC: AUTHENTICATE...)
VOUCHER-20261010-01099,2026-10-11T00:59:09,1010,Assets:Bank:PenFed FBO Operating Cash,35.67,0.00,Waterfall Settlement Sweep - SCMA-FOUNDER (HMAC: AUTHENTICATE...)
VOUCHER-20261010-01099,2026-10-11T00:59:09,3010,Equity:Members:SCMA-FOUNDER,0.00,35.67,Waterfall Settlement Sweep - SCMA-FOUNDER (HMAC: AUTHENTICATE...)
VOUCHER-20261010-01100,2026-10-11T00:59:09,1010,Assets:Bank:PenFed FBO Operating Cash,30.53,0.00,Waterfall Settlement Sweep - SCMA-MEM-0001 (HMAC: AUTHENTICATE...)
VOUCHER-20261010-01100,2026-10-11T00:59:09,3020,Equity:Members:SCMA-MEM-0001,0.00,30.53,Waterfall Settlement Sweep - SCMA-MEM-0001 (HMAC: AUTHENTICATE...)
VOUCHER-20261010-01101,2026-10-11T00:59:09,1010,Assets:Bank:PenFed FBO Operating Cash,35.67,0.00,Waterfall Settlement Sweep - SCMA-FOUNDER (HMAC: AUTHENTICATE...)
VOUCHER-20261010-01101,2026-10-11T00:59:09,3010,Equity:Members:SCMA-FOUNDER,0.00,35.67,Waterfall Settlement Sweep - SCMA-FOUNDER (HMAC: AUTHENTICATE...)
VOUCHER-20261010-01102,2026-10-11T00:59:09,1010,Assets:Bank:PenFed FBO Operating Cash,30.53,0.00,Waterfall Settlement Sweep - SCMA-MEM-0001 (HMAC: AUTHENTICATE...)
VOUCHER-20261010-01102,2026-10-11T00:59:09,3020,Equity:Members:SCMA-MEM-0001,0.00,30.53,Waterfall Settlement Sweep - SCMA-MEM-0001 (HMAC: AUTHENTICATE...)
VOUCHER-20261010-01103,2026-10-11T00:59:09,1010,Assets:Bank:PenFed FBO Operating Cash,35.67,0.00,Waterfall Settlement Sweep - SCMA-FOUNDER (HMAC: AUTHENTICATE...)
VOUCHER-20261010-01103,2026-10-11T00:59:09,3010,Equity:Members:SCMA-FOUNDER,0.00,35.67,Waterfall Settlement Sweep - SCMA-FOUNDER (HMAC: AUTHENTICATE...)
VOUCHER-20261010-01104,2026-10-11T00:59:09,1010,Assets:Bank:PenFed FBO Operating Cash,30.53,0.00,Waterfall Settlement Sweep - SCMA-MEM-0001 (HMAC: AUTHENTICATE...)
VOUCHER-20261010-01104,2026-10-11T00:59:09,3020,Equity:Members:SCMA-MEM-0001,0.00,30.53,Waterfall Settlement Sweep - SCMA-MEM-0001 (HMAC: AUTHENTICATE...)
VOUCHER-20261010-01105,2026-10-11T00:59:09,1010,Assets:Bank:PenFed FBO Operating Cash,35.67,0.00,Waterfall Settlement Sweep - SCMA-FOUNDER (HMAC: AUTHENTICATE...)
VOUCHER-20261010-01105,2026-10-11T00:59:09,3010,Equity:Members:SCMA-FOUNDER,0.00,35.67,Waterfall Settlement Sweep - SCMA-FOUNDER (HMAC: AUTHENTICATE...)
VOUCHER-20261010-01106,2026-10-11T00:59:09,1010,Assets:Bank:PenFed FBO Operating Cash,30.53,0.00,Waterfall Settlement Sweep - SCMA-MEM-0001 (HMAC: AUTHENTICATE...)
VOUCHER-20261010-01106,2026-10-11T00:59:09,3020,Equity:Members:SCMA-MEM-0001,0.00,30.53,Waterfall Settlement Sweep - SCMA-MEM-0001 (HMAC: AUTHENTICATE...)
VOUCHER-20261010-01107,2026-10-11T00:59:09,1010,Assets:Bank:PenFed FBO Operating Cash,35.67,0.00,Waterfall Settlement Sweep - SCMA-FOUNDER (HMAC: AUTHENTICATE...)
VOUCHER-20261010-01107,2026-10-11T00:59:09,3010,Equity:Members:SCMA-FOUNDER,0.00,35.67,Waterfall Settlement Sweep - SCMA-FOUNDER (HMAC: AUTHENTICATE...)
VOUCHER-20261010-01108,2026-10-11T00:59:09,1010,Assets:Bank:PenFed FBO Operating Cash,30.53,0.00,Waterfall Settlement Sweep - SCMA-MEM-0001 (HMAC: AUTHENTICATE...)
VOUCHER-20261010-01108,2026-10-11T00:59:09,3020,Equity:Members:SCMA-MEM-0001,0.00,30.53,Waterfall Settlement Sweep - SCMA-MEM-0001 (HMAC: AUTHENTICATE...)
VOUCHER-20261010-01109,2026-10-11T00:59:09,1010,Assets:Bank:PenFed FBO Operating Cash,35.67,0.00,Waterfall Settlement Sweep - SCMA-FOUNDER (HMAC: AUTHENTICATE...)
VOUCHER-20261010-01109,2026-10-11T00:59:09,3010,Equity:Members:SCMA-FOUNDER,0.00,35.67,Waterfall Settlement Sweep - SCMA-FOUNDER (HMAC: AUTHENTICATE...)
VOUCHER-20261010-01110,2026-10-11T00:59:09,1010,Assets:Bank:PenFed FBO Operating Cash,30.53,0.00,Waterfall Settlement Sweep - SCMA-MEM-0001 (HMAC: AUTHENTICATE...)
VOUCHER-20261010-01110,2026-10-11T00:59:09,3020,Equity:Members:SCMA-MEM-0001,0.00,30.53,Waterfall Settlement Sweep - SCMA-MEM-0001 (HMAC: AUTHENTICATE...)
VOUCHER-20261010-01111,2026-10-11T00:59:09,1010,Assets:Bank:PenFed FBO Operating Cash,35.67,0.00,Waterfall Settlement Sweep - SCMA-FOUNDER (HMAC: AUTHENTICATE...)
VOUCHER-20261010-01111,2026-10-11T00:59:09,3010,Equity:Members:SCMA-FOUNDER,0.00,35.67,Waterfall Settlement Sweep - SCMA-FOUNDER (HMAC: AUTHENTICATE...)
VOUCHER-20261010-01112,2026-10-11T00:59:09,1010,Assets:Bank:PenFed FBO Operating Cash,30.53,0.00,Waterfall Settlement Sweep - SCMA-MEM-0001 (HMAC: AUTHENTICATE...)
VOUCHER-20261010-01112,2026-10-11T00:59:09,3020,Equity:Members:SCMA-MEM-0001,0.00,30.53,Waterfall Settlement Sweep - SCMA-MEM-0001 (HMAC: AUTHENTICATE...)
VOUCHER-20261010-01113,2026-10-11T00:59:09,1010,Assets:Bank:PenFed FBO Operating Cash,35.67,0.00,Waterfall Settlement Sweep - SCMA-FOUNDER (HMAC: AUTHENTICATE...)
VOUCHER-20261010-01113,2026-10-11T00:59:09,3010,Equity:Members:SCMA-FOUNDER,0.00,35.67,Waterfall Settlement Sweep - SCMA-FOUNDER (HMAC: AUTHENTICATE...)
VOUCHER-20261010-01114,2026-10-11T00:59:09,1010,Assets:Bank:PenFed FBO Operating Cash,30.53,0.00,Waterfall Settlement Sweep - SCMA-MEM-0001 (HMAC: AUTHENTICATE...)
VOUCHER-20261010-01114,2026-10-11T00:59:09,3020,Equity:Members:SCMA-MEM-0001,0.00,30.53,Waterfall Settlement Sweep - SCMA-MEM-0001 (HMAC: AUTHENTICATE...)
VOUCHER-20261010-01115,2026-10-11T00:59:09,1010,Assets:Bank:PenFed FBO Operating Cash,35.67,0.00,Waterfall Settlement Sweep - SCMA-FOUNDER (HMAC: AUTHENTICATE...)
VOUCHER-20261010-01115,2026-10-11T00:59:09,3010,Equity:Members:SCMA-FOUNDER,0.00,35.67,Waterfall Settlement Sweep - SCMA-FOUNDER (HMAC: AUTHENTICATE...)
VOUCHER-20261010-01116,2026-10-11T00:59:09,1010,Assets:Bank:PenFed FBO Operating Cash,30.53,0.00,Waterfall Settlement Sweep - SCMA-MEM-0001 (HMAC: AUTHENTICATE...)
VOUCHER-20261010-01116,2026-10-11T00:59:09,3020,Equity:Members:SCMA-MEM-0001,0.00,30.53,Waterfall Settlement Sweep - SCMA-MEM-0001 (HMAC: AUTHENTICATE...)
VOUCHER-20261010-01117,2026-10-11T00:59:09,1010,Assets:Bank:PenFed FBO Operating Cash,35.67,0.00,Waterfall Settlement Sweep - SCMA-FOUNDER (HMAC: AUTHENTICATE...)
VOUCHER-20261010-01117,2026-10-11T00:59:09,3010,Equity:Members:SCMA-FOUNDER,0.00,35.67,Waterfall Settlement Sweep - SCMA-FOUNDER (HMAC: AUTHENTICATE...)
VOUCHER-20261010-01118,2026-10-11T00:59:09,1010,Assets:Bank:PenFed FBO Operating Cash,30.53,0.00,Waterfall Settlement Sweep - SCMA-MEM-0001 (HMAC: AUTHENTICATE...)
VOUCHER-20261010-01118,2026-10-11T00:59:09,3020,Equity:Members:SCMA-MEM-0001,0.00,30.53,Waterfall Settlement Sweep - SCMA-MEM-0001 (HMAC: AUTHENTICATE...)
VOUCHER-20261010-01119,2026-10-11T00:59:09,1010,Assets:Bank:PenFed FBO Operating Cash,35.67,0.00,Waterfall Settlement Sweep - SCMA-FOUNDER (HMAC: AUTHENTICATE...)
VOUCHER-20261010-01119,2026-10-11T00:59:09,3010,Equity:Members:SCMA-FOUNDER,0.00,35.67,Waterfall Settlement Sweep - SCMA-FOUNDER (HMAC: AUTHENTICATE...)
VOUCHER-20261010-01120,2026-10-11T00:59:09,1010,Assets:Bank:PenFed FBO Operating Cash,30.53,0.00,Waterfall Settlement Sweep - SCMA-MEM-0001 (HMAC: AUTHENTICATE...)
VOUCHER-20261010-01120,2026-10-11T00:59:09,3020,Equity:Members:SCMA-MEM-0001,0.00,30.53,Waterfall Settlement Sweep - SCMA-MEM-0001 (HMAC: AUTHENTICATE...)
VOUCHER-20261010-01121,2026-10-11T00:59:09,1010,Assets:Bank:PenFed FBO Operating Cash,35.67,0.00,Waterfall Settlement Sweep - SCMA-FOUNDER (HMAC: AUTHENTICATE...)
VOUCHER-20261010-01121,2026-10-11T00:59:09,3010,Equity:Members:SCMA-FOUNDER,0.00,35.67,Waterfall Settlement Sweep - SCMA-FOUNDER (HMAC: AUTHENTICATE...)
VOUCHER-20261010-01122,2026-10-11T00:59:09,1010,Assets:Bank:PenFed FBO Operating Cash,30.53,0.00,Waterfall Settlement Sweep - SCMA-MEM-0001 (HMAC: AUTHENTICATE...)
VOUCHER-20261010-01122,2026-10-11T00:59:09,3020,Equity:Members:SCMA-MEM-0001,0.00,30.53,Waterfall Settlement Sweep - SCMA-MEM-0001 (HMAC: AUTHENTICATE...)
VOUCHER-20261010-01123,2026-10-11T00:59:09,1010,Assets:Bank:PenFed FBO Operating Cash,35.67,0.00,Waterfall Settlement Sweep - SCMA-FOUNDER (HMAC: AUTHENTICATE...)
VOUCHER-20261010-01123,2026-10-11T00:59:09,3010,Equity:Members:SCMA-FOUNDER,0.00,35.67,Waterfall Settlement Sweep - SCMA-FOUNDER (HMAC: AUTHENTICATE...)
VOUCHER-20261010-01124,2026-10-11T00:59:09,1010,Assets:Bank:PenFed FBO Operating Cash,30.53,0.00,Waterfall Settlement Sweep - SCMA-MEM-0001 (HMAC: AUTHENTICATE...)
VOUCHER-20261010-01124,2026-10-11T00:59:09,3020,Equity:Members:SCMA-MEM-0001,0.00,30.53,Waterfall Settlement Sweep - SCMA-MEM-0001 (HMAC: AUTHENTICATE...)
VOUCHER-20261010-01125,2026-10-11T00:59:09,1010,Assets:Bank:PenFed FBO Operating Cash,35.67,0.00,Waterfall Settlement Sweep - SCMA-FOUNDER (HMAC: AUTHENTICATE...)
VOUCHER-20261010-01125,2026-10-11T00:59:09,3010,Equity:Members:SCMA-FOUNDER,0.00,35.67,Waterfall Settlement Sweep - SCMA-FOUNDER (HMAC: AUTHENTICATE...)
VOUCHER-20261010-01126,2026-10-11T00:59:09,1010,Assets:Bank:PenFed FBO Operating Cash,30.53,0.00,Waterfall Settlement Sweep - SCMA-MEM-0001 (HMAC: AUTHENTICATE...)
VOUCHER-20261010-01126,2026-10-11T00:59:09,3020,Equity:Members:SCMA-MEM-0001,0.00,30.53,Waterfall Settlement Sweep - SCMA-MEM-0001 (HMAC: AUTHENTICATE...)
VOUCHER-20261010-01127,2026-10-11T00:59:09,1010,Assets:Bank:PenFed FBO Operating Cash,35.67,0.00,Waterfall Settlement Sweep - SCMA-FOUNDER (HMAC: AUTHENTICATE...)
VOUCHER-20261010-01127,2026-10-11T00:59:09,3010,Equity:Members:SCMA-FOUNDER,0.00,35.67,Waterfall Settlement Sweep - SCMA-FOUNDER (HMAC: AUTHENTICATE...)
VOUCHER-20261010-01128,2026-10-11T00:59:09,1010,Assets:Bank:PenFed FBO Operating Cash,30.53,0.00,Waterfall Settlement Sweep - SCMA-MEM-0001 (HMAC: AUTHENTICATE...)
VOUCHER-20261010-01128,2026-10-11T00:59:09,3020,Equity:Members:SCMA-MEM-0001,0.00,30.53,Waterfall Settlement Sweep - SCMA-MEM-0001 (HMAC: AUTHENTICATE...)
VOUCHER-20261010-01129,2026-10-11T00:59:09,1010,Assets:Bank:PenFed FBO Operating Cash,35.67,0.00,Waterfall Settlement Sweep - SCMA-FOUNDER (HMAC: AUTHENTICATE...)
VOUCHER-20261010-01129,2026-10-11T00:59:09,3010,Equity:Members:SCMA-FOUNDER,0.00,35.67,Waterfall Settlement Sweep - SCMA-FOUNDER (HMAC: AUTHENTICATE...)
VOUCHER-20261010-01130,2026-10-11T00:59:09,1010,Assets:Bank:PenFed FBO Operating Cash,30.53,0.00,Waterfall Settlement Sweep - SCMA-MEM-0001 (HMAC: AUTHENTICATE...)
VOUCHER-20261010-01130,2026-10-11T00:59:09,3020,Equity:Members:SCMA-MEM-0001,0.00,30.53,Waterfall Settlement Sweep - SCMA-MEM-0001 (HMAC: AUTHENTICATE...)
VOUCHER-20261010-01131,2026-10-11T00:59:09,1010,Assets:Bank:PenFed FBO Operating Cash,35.67,0.00,Waterfall Settlement Sweep - SCMA-FOUNDER (HMAC: AUTHENTICATE...)
VOUCHER-20261010-01131,2026-10-11T00:59:09,3010,Equity:Members:SCMA-FOUNDER,0.00,35.67,Waterfall Settlement Sweep - SCMA-FOUNDER (HMAC: AUTHENTICATE...)
VOUCHER-20261010-01132,2026-10-11T00:59:09,1010,Assets:Bank:PenFed FBO Operating Cash,30.53,0.00,Waterfall Settlement Sweep - SCMA-MEM-0001 (HMAC: AUTHENTICATE...)
VOUCHER-20261010-01132,2026-10-11T00:59:09,3020,Equity:Members:SCMA-MEM-0001,0.00,30.53,Waterfall Settlement Sweep - SCMA-MEM-0001 (HMAC: AUTHENTICATE...)
VOUCHER-20261010-01133,2026-10-11T00:59:09,1010,Assets:Bank:PenFed FBO Operating Cash,35.67,0.00,Waterfall Settlement Sweep - SCMA-FOUNDER (HMAC: AUTHENTICATE...)
VOUCHER-20261010-01133,2026-10-11T00:59:09,3010,Equity:Members:SCMA-FOUNDER,0.00,35.67,Waterfall Settlement Sweep - SCMA-FOUNDER (HMAC: AUTHENTICATE...)
VOUCHER-20261010-01134,2026-10-11T00:59:09,1010,Assets:Bank:PenFed FBO Operating Cash,30.53,0.00,Waterfall Settlement Sweep - SCMA-MEM-0001 (HMAC: AUTHENTICATE...)
VOUCHER-20261010-01134,2026-10-11T00:59:09,3020,Equity:Members:SCMA-MEM-0001,0.00,30.53,Waterfall Settlement Sweep - SCMA-MEM-0001 (HMAC: AUTHENTICATE...)
VOUCHER-20261010-01135,2026-10-11T00:59:09,1010,Assets:Bank:PenFed FBO Operating Cash,35.67,0.00,Waterfall Settlement Sweep - SCMA-FOUNDER (HMAC: AUTHENTICATE...)
VOUCHER-20261010-01135,2026-10-11T00:59:09,3010,Equity:Members:SCMA-FOUNDER,0.00,35.67,Waterfall Settlement Sweep - SCMA-FOUNDER (HMAC: AUTHENTICATE...)
VOUCHER-20261010-01136,2026-10-11T00:59:09,1010,Assets:Bank:PenFed FBO Operating Cash,30.53,0.00,Waterfall Settlement Sweep - SCMA-MEM-0001 (HMAC: AUTHENTICATE...)
VOUCHER-20261010-01136,2026-10-11T00:59:09,3020,Equity:Members:SCMA-MEM-0001,0.00,30.53,Waterfall Settlement Sweep - SCMA-MEM-0001 (HMAC: AUTHENTICATE...)
VOUCHER-20261010-01137,2026-10-11T00:59:09,1010,Assets:Bank:PenFed FBO Operating Cash,35.67,0.00,Waterfall Settlement Sweep - SCMA-FOUNDER (HMAC: AUTHENTICATE...)
VOUCHER-20261010-01137,2026-10-11T00:59:09,3010,Equity:Members:SCMA-FOUNDER,0.00,35.67,Waterfall Settlement Sweep - SCMA-FOUNDER (HMAC: AUTHENTICATE...)
VOUCHER-20261010-01138,2026-10-11T00:59:09,1010,Assets:Bank:PenFed FBO Operating Cash,30.53,0.00,Waterfall Settlement Sweep - SCMA-MEM-0001 (HMAC: AUTHENTICATE...)
VOUCHER-20261010-01138,2026-10-11T00:59:09,3020,Equity:Members:SCMA-MEM-0001,0.00,30.53,Waterfall Settlement Sweep - SCMA-MEM-0001 (HMAC: AUTHENTICATE...)
VOUCHER-20261010-01139,2026-10-11T00:59:09,1010,Assets:Bank:PenFed FBO Operating Cash,35.67,0.00,Waterfall Settlement Sweep - SCMA-FOUNDER (HMAC: AUTHENTICATE...)
VOUCHER-20261010-01139,2026-10-11T00:59:09,3010,Equity:Members:SCMA-FOUNDER,0.00,35.67,Waterfall Settlement Sweep - SCMA-FOUNDER (HMAC: AUTHENTICATE...)
VOUCHER-20261010-01140,2026-10-11T00:59:09,1010,Assets:Bank:PenFed FBO Operating Cash,30.53,0.00,Waterfall Settlement Sweep - SCMA-MEM-0001 (HMAC: AUTHENTICATE...)
VOUCHER-20261010-01140,2026-10-11T00:59:09,3020,Equity:Members:SCMA-MEM-0001,0.00,30.53,Waterfall Settlement Sweep - SCMA-MEM-0001 (HMAC: AUTHENTICATE...)
VOUCHER-20261010-01141,2026-10-11T00:59:09,1010,Assets:Bank:PenFed FBO Operating Cash,35.67,0.00,Waterfall Settlement Sweep - SCMA-FOUNDER (HMAC: AUTHENTICATE...)
VOUCHER-20261010-01141,2026-10-11T00:59:09,3010,Equity:Members:SCMA-FOUNDER,0.00,35.67,Waterfall Settlement Sweep - SCMA-FOUNDER (HMAC: AUTHENTICATE...)
VOUCHER-20261010-01142,2026-10-11T00:59:09,1010,Assets:Bank:PenFed FBO Operating Cash,30.53,0.00,Waterfall Settlement Sweep - SCMA-MEM-0001 (HMAC: AUTHENTICATE...)
VOUCHER-20261010-01142,2026-10-11T00:59:09,3020,Equity:Members:SCMA-MEM-0001,0.00,30.53,Waterfall Settlement Sweep - SCMA-MEM-0001 (HMAC: AUTHENTICATE...)
VOUCHER-20261010-01143,2026-10-11T00:59:09,1010,Assets:Bank:PenFed FBO Operating Cash,35.67,0.00,Waterfall Settlement Sweep - SCMA-FOUNDER (HMAC: AUTHENTICATE...)
VOUCHER-20261010-01143,2026-10-11T00:59:09,3010,Equity:Members:SCMA-FOUNDER,0.00,35.67,Waterfall Settlement Sweep - SCMA-FOUNDER (HMAC: AUTHENTICATE...)
VOUCHER-20261010-01144,2026-10-11T00:59:09,1010,Assets:Bank:PenFed FBO Operating Cash,30.53,0.00,Waterfall Settlement Sweep - SCMA-MEM-0001 (HMAC: AUTHENTICATE...)
VOUCHER-20261010-01144,2026-10-11T00:59:09,3020,Equity:Members:SCMA-MEM-0001,0.00,30.53,Waterfall Settlement Sweep - SCMA-MEM-0001 (HMAC: AUTHENTICATE...)
VOUCHER-20261010-01145,2026-10-11T00:59:09,1010,Assets:Bank:PenFed FBO Operating Cash,35.67,0.00,Waterfall Settlement Sweep - SCMA-FOUNDER (HMAC: AUTHENTICATE...)
VOUCHER-20261010-01145,2026-10-11T00:59:09,3010,Equity:Members:SCMA-FOUNDER,0.00,35.67,Waterfall Settlement Sweep - SCMA-FOUNDER (HMAC: AUTHENTICATE...)
VOUCHER-20261010-01146,2026-10-11T00:59:09,1010,Assets:Bank:PenFed FBO Operating Cash,30.53,0.00,Waterfall Settlement Sweep - SCMA-MEM-0001 (HMAC: AUTHENTICATE...)
VOUCHER-20261010-01146,2026-10-11T00:59:09,3020,Equity:Members:SCMA-MEM-0001,0.00,30.53,Waterfall Settlement Sweep - SCMA-MEM-0001 (HMAC: AUTHENTICATE...)
VOUCHER-20261010-01147,2026-10-11T00:59:09,1010,Assets:Bank:PenFed FBO Operating Cash,35.67,0.00,Waterfall Settlement Sweep - SCMA-FOUNDER (HMAC: AUTHENTICATE...)
VOUCHER-20261010-01147,2026-10-11T00:59:09,3010,Equity:Members:SCMA-FOUNDER,0.00,35.67,Waterfall Settlement Sweep - SCMA-FOUNDER (HMAC: AUTHENTICATE...)
VOUCHER-20261010-01148,2026-10-11T00:59:09,1010,Assets:Bank:PenFed FBO Operating Cash,30.53,0.00,Waterfall Settlement Sweep - SCMA-MEM-0001 (HMAC: AUTHENTICATE...)
VOUCHER-20261010-01148,2026-10-11T00:59:09,3020,Equity:Members:SCMA-MEM-0001,0.00,30.53,Waterfall Settlement Sweep - SCMA-MEM-0001 (HMAC: AUTHENTICATE...)
VOUCHER-20261010-01149,2026-10-11T00:59:09,1010,Assets:Bank:PenFed FBO Operating Cash,35.67,0.00,Waterfall Settlement Sweep - SCMA-FOUNDER (HMAC: AUTHENTICATE...)
VOUCHER-20261010-01149,2026-10-11T00:59:09,3010,Equity:Members:SCMA-FOUNDER,0.00,35.67,Waterfall Settlement Sweep - SCMA-FOUNDER (HMAC: AUTHENTICATE...)
VOUCHER-20261010-01150,2026-10-11T00:59:09,1010,Assets:Bank:PenFed FBO Operating Cash,30.53,0.00,Waterfall Settlement Sweep - SCMA-MEM-0001 (HMAC: AUTHENTICATE...)
VOUCHER-20261010-01150,2026-10-11T00:59:09,3020,Equity:Members:SCMA-MEM-0001,0.00,30.53,Waterfall Settlement Sweep - SCMA-MEM-0001 (HMAC: AUTHENTICATE...)
VOUCHER-20261010-01151,2026-10-11T00:59:09,1010,Assets:Bank:PenFed FBO Operating Cash,35.67,0.00,Waterfall Settlement Sweep - SCMA-FOUNDER (HMAC: AUTHENTICATE...)
VOUCHER-20261010-01151,2026-10-11T00:59:09,3010,Equity:Members:SCMA-FOUNDER,0.00,35.67,Waterfall Settlement Sweep - SCMA-FOUNDER (HMAC: AUTHENTICATE...)
VOUCHER-20261010-01152,2026-10-11T00:59:09,1010,Assets:Bank:PenFed FBO Operating Cash,30.53,0.00,Waterfall Settlement Sweep - SCMA-MEM-0001 (HMAC: AUTHENTICATE...)
VOUCHER-20261010-01152,2026-10-11T00:59:09,3020,Equity:Members:SCMA-MEM-0001,0.00,30.53,Waterfall Settlement Sweep - SCMA-MEM-0001 (HMAC: AUTHENTICATE...)
VOUCHER-20261010-01153,2026-10-11T00:59:09,1010,Assets:Bank:PenFed FBO Operating Cash,35.67,0.00,Waterfall Settlement Sweep - SCMA-FOUNDER (HMAC: AUTHENTICATE...)
VOUCHER-20261010-01153,2026-10-11T00:59:09,3010,Equity:Members:SCMA-FOUNDER,0.00,35.67,Waterfall Settlement Sweep - SCMA-FOUNDER (HMAC: AUTHENTICATE...)
VOUCHER-20261010-01154,2026-10-11T00:59:09,1010,Assets:Bank:PenFed FBO Operating Cash,30.53,0.00,Waterfall Settlement Sweep - SCMA-MEM-0001 (HMAC: AUTHENTICATE...)
VOUCHER-20261010-01154,2026-10-11T00:59:09,3020,Equity:Members:SCMA-MEM-0001,0.00,30.53,Waterfall Settlement Sweep - SCMA-MEM-0001 (HMAC: AUTHENTICATE...)
VOUCHER-20261010-01155,2026-10-11T00:59:09,1010,Assets:Bank:PenFed FBO Operating Cash,35.67,0.00,Waterfall Settlement Sweep - SCMA-FOUNDER (HMAC: AUTHENTICATE...)
VOUCHER-20261010-01155,2026-10-11T00:59:09,3010,Equity:Members:SCMA-FOUNDER,0.00,35.67,Waterfall Settlement Sweep - SCMA-FOUNDER (HMAC: AUTHENTICATE...)
VOUCHER-20261010-01156,2026-10-11T00:59:09,1010,Assets:Bank:PenFed FBO Operating Cash,30.53,0.00,Waterfall Settlement Sweep - SCMA-MEM-0001 (HMAC: AUTHENTICATE...)
VOUCHER-20261010-01156,2026-10-11T00:59:09,3020,Equity:Members:SCMA-MEM-0001,0.00,30.53,Waterfall Settlement Sweep - SCMA-MEM-0001 (HMAC: AUTHENTICATE...)
VOUCHER-20261010-01157,2026-10-11T00:59:09,1010,Assets:Bank:PenFed FBO Operating Cash,35.67,0.00,Waterfall Settlement Sweep - SCMA-FOUNDER (HMAC: AUTHENTICATE...)
VOUCHER-20261010-01157,2026-10-11T00:59:09,3010,Equity:Members:SCMA-FOUNDER,0.00,35.67,Waterfall Settlement Sweep - SCMA-FOUNDER (HMAC: AUTHENTICATE...)
VOUCHER-20261010-01158,2026-10-11T00:59:09,1010,Assets:Bank:PenFed FBO Operating Cash,30.53,0.00,Waterfall Settlement Sweep - SCMA-MEM-0001 (HMAC: AUTHENTICATE...)
VOUCHER-20261010-01158,2026-10-11T00:59:09,3020,Equity:Members:SCMA-MEM-0001,0.00,30.53,Waterfall Settlement Sweep - SCMA-MEM-0001 (HMAC: AUTHENTICATE...)
VOUCHER-20261010-01159,2026-10-11T00:59:09,1010,Assets:Bank:PenFed FBO Operating Cash,35.67,0.00,Waterfall Settlement Sweep - SCMA-FOUNDER (HMAC: AUTHENTICATE...)
VOUCHER-20261010-01159,2026-10-11T00:59:09,3010,Equity:Members:SCMA-FOUNDER,0.00,35.67,Waterfall Settlement Sweep - SCMA-FOUNDER (HMAC: AUTHENTICATE...)
VOUCHER-20261010-01160,2026-10-11T00:59:09,1010,Assets:Bank:PenFed FBO Operating Cash,30.53,0.00,Waterfall Settlement Sweep - SCMA-MEM-0001 (HMAC: AUTHENTICATE...)
VOUCHER-20261010-01160,2026-10-11T00:59:09,3020,Equity:Members:SCMA-MEM-0001,0.00,30.53,Waterfall Settlement Sweep - SCMA-MEM-0001 (HMAC: AUTHENTICATE...)
VOUCHER-20261010-01161,2026-10-11T00:59:09,1010,Assets:Bank:PenFed FBO Operating Cash,35.67,0.00,Waterfall Settlement Sweep - SCMA-FOUNDER (HMAC: AUTHENTICATE...)
VOUCHER-20261010-01161,2026-10-11T00:59:09,3010,Equity:Members:SCMA-FOUNDER,0.00,35.67,Waterfall Settlement Sweep - SCMA-FOUNDER (HMAC: AUTHENTICATE...)
VOUCHER-20261010-01162,2026-10-11T00:59:09,1010,Assets:Bank:PenFed FBO Operating Cash,30.53,0.00,Waterfall Settlement Sweep - SCMA-MEM-0001 (HMAC: AUTHENTICATE...)
VOUCHER-20261010-01162,2026-10-11T00:59:09,3020,Equity:Members:SCMA-MEM-0001,0.00,30.53,Waterfall Settlement Sweep - SCMA-MEM-0001 (HMAC: AUTHENTICATE...)
VOUCHER-20261010-01163,2026-10-11T00:59:09,1010,Assets:Bank:PenFed FBO Operating Cash,35.67,0.00,Waterfall Settlement Sweep - SCMA-FOUNDER (HMAC: AUTHENTICATE...)
VOUCHER-20261010-01163,2026-10-11T00:59:09,3010,Equity:Members:SCMA-FOUNDER,0.00,35.67,Waterfall Settlement Sweep - SCMA-FOUNDER (HMAC: AUTHENTICATE...)
VOUCHER-20261010-01164,2026-10-11T00:59:09,1010,Assets:Bank:PenFed FBO Operating Cash,30.53,0.00,Waterfall Settlement Sweep - SCMA-MEM-0001 (HMAC: AUTHENTICATE...)
VOUCHER-20261010-01164,2026-10-11T00:59:09,3020,Equity:Members:SCMA-MEM-0001,0.00,30.53,Waterfall Settlement Sweep - SCMA-MEM-0001 (HMAC: AUTHENTICATE...)
VOUCHER-20261010-01165,2026-10-11T00:59:09,1010,Assets:Bank:PenFed FBO Operating Cash,35.67,0.00,Waterfall Settlement Sweep - SCMA-FOUNDER (HMAC: AUTHENTICATE...)
VOUCHER-20261010-01165,2026-10-11T00:59:09,3010,Equity:Members:SCMA-FOUNDER,0.00,35.67,Waterfall Settlement Sweep - SCMA-FOUNDER (HMAC: AUTHENTICATE...)
VOUCHER-20261010-01166,2026-10-11T00:59:09,1010,Assets:Bank:PenFed FBO Operating Cash,30.53,0.00,Waterfall Settlement Sweep - SCMA-MEM-0001 (HMAC: AUTHENTICATE...)
VOUCHER-20261010-01166,2026-10-11T00:59:09,3020,Equity:Members:SCMA-MEM-0001,0.00,30.53,Waterfall Settlement Sweep - SCMA-MEM-0001 (HMAC: AUTHENTICATE...)
VOUCHER-20261010-01167,2026-10-11T00:59:09,1010,Assets:Bank:PenFed FBO Operating Cash,35.67,0.00,Waterfall Settlement Sweep - SCMA-FOUNDER (HMAC: AUTHENTICATE...)
VOUCHER-20261010-01167,2026-10-11T00:59:09,3010,Equity:Members:SCMA-FOUNDER,0.00,35.67,Waterfall Settlement Sweep - SCMA-FOUNDER (HMAC: AUTHENTICATE...)
VOUCHER-20261010-01168,2026-10-11T00:59:09,1010,Assets:Bank:PenFed FBO Operating Cash,30.53,0.00,Waterfall Settlement Sweep - SCMA-MEM-0001 (HMAC: AUTHENTICATE...)
VOUCHER-20261010-01168,2026-10-11T00:59:09,3020,Equity:Members:SCMA-MEM-0001,0.00,30.53,Waterfall Settlement Sweep - SCMA-MEM-0001 (HMAC: AUTHENTICATE...)
VOUCHER-20261010-01169,2026-10-11T00:59:09,1010,Assets:Bank:PenFed FBO Operating Cash,35.67,0.00,Waterfall Settlement Sweep - SCMA-FOUNDER (HMAC: AUTHENTICATE...)
VOUCHER-20261010-01169,2026-10-11T00:59:09,3010,Equity:Members:SCMA-FOUNDER,0.00,35.67,Waterfall Settlement Sweep - SCMA-FOUNDER (HMAC: AUTHENTICATE...)
VOUCHER-20261010-01170,2026-10-11T00:59:09,1010,Assets:Bank:PenFed FBO Operating Cash,30.53,0.00,Waterfall Settlement Sweep - SCMA-MEM-0001 (HMAC: AUTHENTICATE...)
VOUCHER-20261010-01170,2026-10-11T00:59:09,3020,Equity:Members:SCMA-MEM-0001,0.00,30.53,Waterfall Settlement Sweep - SCMA-MEM-0001 (HMAC: AUTHENTICATE...)
VOUCHER-20261010-01171,2026-10-11T00:59:09,1010,Assets:Bank:PenFed FBO Operating Cash,35.67,0.00,Waterfall Settlement Sweep - SCMA-FOUNDER (HMAC: AUTHENTICATE...)
VOUCHER-20261010-01171,2026-10-11T00:59:09,3010,Equity:Members:SCMA-FOUNDER,0.00,35.67,Waterfall Settlement Sweep - SCMA-FOUNDER (HMAC: AUTHENTICATE...)
VOUCHER-20261010-01172,2026-10-11T00:59:09,1010,Assets:Bank:PenFed FBO Operating Cash,30.53,0.00,Waterfall Settlement Sweep - SCMA-MEM-0001 (HMAC: AUTHENTICATE...)
VOUCHER-20261010-01172,2026-10-11T00:59:09,3020,Equity:Members:SCMA-MEM-0001,0.00,30.53,Waterfall Settlement Sweep - SCMA-MEM-0001 (HMAC: AUTHENTICATE...)
VOUCHER-20261010-01173,2026-10-11T00:59:09,1010,Assets:Bank:PenFed FBO Operating Cash,35.67,0.00,Waterfall Settlement Sweep - SCMA-FOUNDER (HMAC: AUTHENTICATE...)
VOUCHER-20261010-01173,2026-10-11T00:59:09,3010,Equity:Members:SCMA-FOUNDER,0.00,35.67,Waterfall Settlement Sweep - SCMA-FOUNDER (HMAC: AUTHENTICATE...)
VOUCHER-20261010-01174,2026-10-11T00:59:09,1010,Assets:Bank:PenFed FBO Operating Cash,30.53,0.00,Waterfall Settlement Sweep - SCMA-MEM-0001 (HMAC: AUTHENTICATE...)
VOUCHER-20261010-01174,2026-10-11T00:59:09,3020,Equity:Members:SCMA-MEM-0001,0.00,30.53,Waterfall Settlement Sweep - SCMA-MEM-0001 (HMAC: AUTHENTICATE...)
VOUCHER-20261010-01175,2026-10-11T00:59:09,1010,Assets:Bank:PenFed FBO Operating Cash,35.67,0.00,Waterfall Settlement Sweep - SCMA-FOUNDER (HMAC: AUTHENTICATE...)
VOUCHER-20261010-01175,2026-10-11T00:59:09,3010,Equity:Members:SCMA-FOUNDER,0.00,35.67,Waterfall Settlement Sweep - SCMA-FOUNDER (HMAC: AUTHENTICATE...)
VOUCHER-20261010-01176,2026-10-11T00:59:09,1010,Assets:Bank:PenFed FBO Operating Cash,30.53,0.00,Waterfall Settlement Sweep - SCMA-MEM-0001 (HMAC: AUTHENTICATE...)
VOUCHER-20261010-01176,2026-10-11T00:59:09,3020,Equity:Members:SCMA-MEM-0001,0.00,30.53,Waterfall Settlement Sweep - SCMA-MEM-0001 (HMAC: AUTHENTICATE...)
VOUCHER-20261010-01177,2026-10-11T00:59:09,1010,Assets:Bank:PenFed FBO Operating Cash,35.67,0.00,Waterfall Settlement Sweep - SCMA-FOUNDER (HMAC: AUTHENTICATE...)
VOUCHER-20261010-01177,2026-10-11T00:59:09,3010,Equity:Members:SCMA-FOUNDER,0.00,35.67,Waterfall Settlement Sweep - SCMA-FOUNDER (HMAC: AUTHENTICATE...)
VOUCHER-20261010-01178,2026-10-11T00:59:09,1010,Assets:Bank:PenFed FBO Operating Cash,30.53,0.00,Waterfall Settlement Sweep - SCMA-MEM-0001 (HMAC: AUTHENTICATE...)
VOUCHER-20261010-01178,2026-10-11T00:59:09,3020,Equity:Members:SCMA-MEM-0001,0.00,30.53,Waterfall Settlement Sweep - SCMA-MEM-0001 (HMAC: AUTHENTICATE...)
VOUCHER-20261010-01179,2026-10-11T00:59:09,1010,Assets:Bank:PenFed FBO Operating Cash,35.67,0.00,Waterfall Settlement Sweep - SCMA-FOUNDER (HMAC: AUTHENTICATE...)
VOUCHER-20261010-01179,2026-10-11T00:59:09,3010,Equity:Members:SCMA-FOUNDER,0.00,35.67,Waterfall Settlement Sweep - SCMA-FOUNDER (HMAC: AUTHENTICATE...)
VOUCHER-20261010-01180,2026-10-11T00:59:09,1010,Assets:Bank:PenFed FBO Operating Cash,30.53,0.00,Waterfall Settlement Sweep - SCMA-MEM-0001 (HMAC: AUTHENTICATE...)
VOUCHER-20261010-01180,2026-10-11T00:59:09,3020,Equity:Members:SCMA-MEM-0001,0.00,30.53,Waterfall Settlement Sweep - SCMA-MEM-0001 (HMAC: AUTHENTICATE...)
VOUCHER-20261010-01181,2026-10-11T00:59:09,1010,Assets:Bank:PenFed FBO Operating Cash,35.67,0.00,Waterfall Settlement Sweep - SCMA-FOUNDER (HMAC: AUTHENTICATE...)
VOUCHER-20261010-01181,2026-10-11T00:59:09,3010,Equity:Members:SCMA-FOUNDER,0.00,35.67,Waterfall Settlement Sweep - SCMA-FOUNDER (HMAC: AUTHENTICATE...)
VOUCHER-20261010-01182,2026-10-11T00:59:09,1010,Assets:Bank:PenFed FBO Operating Cash,30.53,0.00,Waterfall Settlement Sweep - SCMA-MEM-0001 (HMAC: AUTHENTICATE...)
VOUCHER-20261010-01182,2026-10-11T00:59:09,3020,Equity:Members:SCMA-MEM-0001,0.00,30.53,Waterfall Settlement Sweep - SCMA-MEM-0001 (HMAC: AUTHENTICATE...)
VOUCHER-20261010-01183,2026-10-11T00:59:09,1010,Assets:Bank:PenFed FBO Operating Cash,35.67,0.00,Waterfall Settlement Sweep - SCMA-FOUNDER (HMAC: AUTHENTICATE...)
VOUCHER-20261010-01183,2026-10-11T00:59:09,3010,Equity:Members:SCMA-FOUNDER,0.00,35.67,Waterfall Settlement Sweep - SCMA-FOUNDER (HMAC: AUTHENTICATE...)
VOUCHER-20261010-01184,2026-10-11T00:59:09,1010,Assets:Bank:PenFed FBO Operating Cash,30.53,0.00,Waterfall Settlement Sweep - SCMA-MEM-0001 (HMAC: AUTHENTICATE...)
VOUCHER-20261010-01184,2026-10-11T00:59:09,3020,Equity:Members:SCMA-MEM-0001,0.00,30.53,Waterfall Settlement Sweep - SCMA-MEM-0001 (HMAC: AUTHENTICATE...)
VOUCHER-20261010-01185,2026-10-11T00:59:09,1010,Assets:Bank:PenFed FBO Operating Cash,35.67,0.00,Waterfall Settlement Sweep - SCMA-FOUNDER (HMAC: AUTHENTICATE...)
VOUCHER-20261010-01185,2026-10-11T00:59:09,3010,Equity:Members:SCMA-FOUNDER,0.00,35.67,Waterfall Settlement Sweep - SCMA-FOUNDER (HMAC: AUTHENTICATE...)
VOUCHER-20261010-01186,2026-10-11T00:59:09,1010,Assets:Bank:PenFed FBO Operating Cash,30.53,0.00,Waterfall Settlement Sweep - SCMA-MEM-0001 (HMAC: AUTHENTICATE...)
VOUCHER-20261010-01186,2026-10-11T00:59:09,3020,Equity:Members:SCMA-MEM-0001,0.00,30.53,Waterfall Settlement Sweep - SCMA-MEM-0001 (HMAC: AUTHENTICATE...)
VOUCHER-20261010-01187,2026-10-11T00:59:09,1010,Assets:Bank:PenFed FBO Operating Cash,35.67,0.00,Waterfall Settlement Sweep - SCMA-FOUNDER (HMAC: AUTHENTICATE...)
VOUCHER-20261010-01187,2026-10-11T00:59:09,3010,Equity:Members:SCMA-FOUNDER,0.00,35.67,Waterfall Settlement Sweep - SCMA-FOUNDER (HMAC: AUTHENTICATE...)
VOUCHER-20261010-01188,2026-10-11T00:59:09,1010,Assets:Bank:PenFed FBO Operating Cash,30.53,0.00,Waterfall Settlement Sweep - SCMA-MEM-0001 (HMAC: AUTHENTICATE...)
VOUCHER-20261010-01188,2026-10-11T00:59:09,3020,Equity:Members:SCMA-MEM-0001,0.00,30.53,Waterfall Settlement Sweep - SCMA-MEM-0001 (HMAC: AUTHENTICATE...)
VOUCHER-20261010-01189,2026-10-11T00:59:09,1010,Assets:Bank:PenFed FBO Operating Cash,35.67,0.00,Waterfall Settlement Sweep - SCMA-FOUNDER (HMAC: AUTHENTICATE...)
VOUCHER-20261010-01189,2026-10-11T00:59:09,3010,Equity:Members:SCMA-FOUNDER,0.00,35.67,Waterfall Settlement Sweep - SCMA-FOUNDER (HMAC: AUTHENTICATE...)
VOUCHER-20261010-01190,2026-10-11T00:59:09,1010,Assets:Bank:PenFed FBO Operating Cash,30.53,0.00,Waterfall Settlement Sweep - SCMA-MEM-0001 (HMAC: AUTHENTICATE...)
VOUCHER-20261010-01190,2026-10-11T00:59:09,3020,Equity:Members:SCMA-MEM-0001,0.00,30.53,Waterfall Settlement Sweep - SCMA-MEM-0001 (HMAC: AUTHENTICATE...)
VOUCHER-20261010-01191,2026-10-11T00:59:09,1010,Assets:Bank:PenFed FBO Operating Cash,35.67,0.00,Waterfall Settlement Sweep - SCMA-FOUNDER (HMAC: AUTHENTICATE...)
VOUCHER-20261010-01191,2026-10-11T00:59:09,3010,Equity:Members:SCMA-FOUNDER,0.00,35.67,Waterfall Settlement Sweep - SCMA-FOUNDER (HMAC: AUTHENTICATE...)
VOUCHER-20261010-01192,2026-10-11T00:59:09,1010,Assets:Bank:PenFed FBO Operating Cash,30.53,0.00,Waterfall Settlement Sweep - SCMA-MEM-0001 (HMAC: AUTHENTICATE...)
VOUCHER-20261010-01192,2026-10-11T00:59:09,3020,Equity:Members:SCMA-MEM-0001,0.00,30.53,Waterfall Settlement Sweep - SCMA-MEM-0001 (HMAC: AUTHENTICATE...)
VOUCHER-20261010-01193,2026-10-11T00:59:09,1010,Assets:Bank:PenFed FBO Operating Cash,35.67,0.00,Waterfall Settlement Sweep - SCMA-FOUNDER (HMAC: AUTHENTICATE...)
VOUCHER-20261010-01193,2026-10-11T00:59:09,3010,Equity:Members:SCMA-FOUNDER,0.00,35.67,Waterfall Settlement Sweep - SCMA-FOUNDER (HMAC: AUTHENTICATE...)
VOUCHER-20261010-01194,2026-10-11T00:59:09,1010,Assets:Bank:PenFed FBO Operating Cash,30.53,0.00,Waterfall Settlement Sweep - SCMA-MEM-0001 (HMAC: AUTHENTICATE...)
VOUCHER-20261010-01194,2026-10-11T00:59:09,3020,Equity:Members:SCMA-MEM-0001,0.00,30.53,Waterfall Settlement Sweep - SCMA-MEM-0001 (HMAC: AUTHENTICATE...)
VOUCHER-20261010-01195,2026-10-11T00:59:09,1010,Assets:Bank:PenFed FBO Operating Cash,35.67,0.00,Waterfall Settlement Sweep - SCMA-FOUNDER (HMAC: AUTHENTICATE...)
VOUCHER-20261010-01195,2026-10-11T00:59:09,3010,Equity:Members:SCMA-FOUNDER,0.00,35.67,Waterfall Settlement Sweep - SCMA-FOUNDER (HMAC: AUTHENTICATE...)
VOUCHER-20261010-01196,2026-10-11T00:59:09,1010,Assets:Bank:PenFed FBO Operating Cash,30.53,0.00,Waterfall Settlement Sweep - SCMA-MEM-0001 (HMAC: AUTHENTICATE...)
VOUCHER-20261010-01196,2026-10-11T00:59:09,3020,Equity:Members:SCMA-MEM-0001,0.00,30.53,Waterfall Settlement Sweep - SCMA-MEM-0001 (HMAC: AUTHENTICATE...)
VOUCHER-20261010-01197,2026-10-11T00:59:09,1010,Assets:Bank:PenFed FBO Operating Cash,35.67,0.00,Waterfall Settlement Sweep - SCMA-FOUNDER (HMAC: AUTHENTICATE...)
VOUCHER-20261010-01197,2026-10-11T00:59:09,3010,Equity:Members:SCMA-FOUNDER,0.00,35.67,Waterfall Settlement Sweep - SCMA-FOUNDER (HMAC: AUTHENTICATE...)
VOUCHER-20261010-01198,2026-10-11T00:59:09,1010,Assets:Bank:PenFed FBO Operating Cash,30.53,0.00,Waterfall Settlement Sweep - SCMA-MEM-0001 (HMAC: AUTHENTICATE...)
VOUCHER-20261010-01198,2026-10-11T00:59:09,3020,Equity:Members:SCMA-MEM-0001,0.00,30.53,Waterfall Settlement Sweep - SCMA-MEM-0001 (HMAC: AUTHENTICATE...)
VOUCHER-20261010-01199,2026-10-11T00:59:09,1010,Assets:Bank:PenFed FBO Operating Cash,35.67,0.00,Waterfall Settlement Sweep - SCMA-FOUNDER (HMAC: AUTHENTICATE...)
VOUCHER-20261010-01199,2026-10-11T00:59:09,3010,Equity:Members:SCMA-FOUNDER,0.00,35.67,Waterfall Settlement Sweep - SCMA-FOUNDER (HMAC: AUTHENTICATE...)
VOUCHER-20261010-01200,2026-10-11T00:59:09,1010,Assets:Bank:PenFed FBO Operating Cash,30.53,0.00,Waterfall Settlement Sweep - SCMA-MEM-0001 (HMAC: AUTHENTICATE...)
VOUCHER-20261010-01200,2026-10-11T00:59:09,3020,Equity:Members:SCMA-MEM-0001,0.00,30.53,Waterfall Settlement Sweep - SCMA-MEM-0001 (HMAC: AUTHENTICATE...)
VOUCHER-20261010-01201,2026-10-11T00:59:09,1010,Assets:Bank:PenFed FBO Operating Cash,35.67,0.00,Waterfall Settlement Sweep - SCMA-FOUNDER (HMAC: AUTHENTICATE...)
VOUCHER-20261010-01201,2026-10-11T00:59:09,3010,Equity:Members:SCMA-FOUNDER,0.00,35.67,Waterfall Settlement Sweep - SCMA-FOUNDER (HMAC: AUTHENTICATE...)
VOUCHER-20261010-01202,2026-10-11T00:59:09,1010,Assets:Bank:PenFed FBO Operating Cash,30.53,0.00,Waterfall Settlement Sweep - SCMA-MEM-0001 (HMAC: AUTHENTICATE...)
VOUCHER-20261010-01202,2026-10-11T00:59:09,3020,Equity:Members:SCMA-MEM-0001,0.00,30.53,Waterfall Settlement Sweep - SCMA-MEM-0001 (HMAC: AUTHENTICATE...)
VOUCHER-20261010-01203,2026-10-11T00:59:09,1010,Assets:Bank:PenFed FBO Operating Cash,35.67,0.00,Waterfall Settlement Sweep - SCMA-FOUNDER (HMAC: AUTHENTICATE...)
VOUCHER-20261010-01203,2026-10-11T00:59:09,3010,Equity:Members:SCMA-FOUNDER,0.00,35.67,Waterfall Settlement Sweep - SCMA-FOUNDER (HMAC: AUTHENTICATE...)
VOUCHER-20261010-01204,2026-10-11T00:59:09,1010,Assets:Bank:PenFed FBO Operating Cash,30.53,0.00,Waterfall Settlement Sweep - SCMA-MEM-0001 (HMAC: AUTHENTICATE...)
VOUCHER-20261010-01204,2026-10-11T00:59:09,3020,Equity:Members:SCMA-MEM-0001,0.00,30.53,Waterfall Settlement Sweep - SCMA-MEM-0001 (HMAC: AUTHENTICATE...)
VOUCHER-20261010-01205,2026-10-11T00:59:09,1010,Assets:Bank:PenFed FBO Operating Cash,35.67,0.00,Waterfall Settlement Sweep - SCMA-FOUNDER (HMAC: AUTHENTICATE...)
VOUCHER-20261010-01205,2026-10-11T00:59:09,3010,Equity:Members:SCMA-FOUNDER,0.00,35.67,Waterfall Settlement Sweep - SCMA-FOUNDER (HMAC: AUTHENTICATE...)
VOUCHER-20261010-01206,2026-10-11T00:59:09,1010,Assets:Bank:PenFed FBO Operating Cash,30.53,0.00,Waterfall Settlement Sweep - SCMA-MEM-0001 (HMAC: AUTHENTICATE...)
VOUCHER-20261010-01206,2026-10-11T00:59:09,3020,Equity:Members:SCMA-MEM-0001,0.00,30.53,Waterfall Settlement Sweep - SCMA-MEM-0001 (HMAC: AUTHENTICATE...)
VOUCHER-20261010-01207,2026-10-11T00:59:09,1010,Assets:Bank:PenFed FBO Operating Cash,35.67,0.00,Waterfall Settlement Sweep - SCMA-FOUNDER (HMAC: AUTHENTICATE...)
VOUCHER-20261010-01207,2026-10-11T00:59:09,3010,Equity:Members:SCMA-FOUNDER,0.00,35.67,Waterfall Settlement Sweep - SCMA-FOUNDER (HMAC: AUTHENTICATE...)
VOUCHER-20261010-01208,2026-10-11T00:59:09,1010,Assets:Bank:PenFed FBO Operating Cash,30.53,0.00,Waterfall Settlement Sweep - SCMA-MEM-0001 (HMAC: AUTHENTICATE...)
VOUCHER-20261010-01208,2026-10-11T00:59:09,3020,Equity:Members:SCMA-MEM-0001,0.00,30.53,Waterfall Settlement Sweep - SCMA-MEM-0001 (HMAC: AUTHENTICATE...)
VOUCHER-20261010-01209,2026-10-11T00:59:09,1010,Assets:Bank:PenFed FBO Operating Cash,35.67,0.00,Waterfall Settlement Sweep - SCMA-FOUNDER (HMAC: AUTHENTICATE...)
VOUCHER-20261010-01209,2026-10-11T00:59:09,3010,Equity:Members:SCMA-FOUNDER,0.00,35.67,Waterfall Settlement Sweep - SCMA-FOUNDER (HMAC: AUTHENTICATE...)
VOUCHER-20261010-01210,2026-10-11T00:59:09,1010,Assets:Bank:PenFed FBO Operating Cash,30.53,0.00,Waterfall Settlement Sweep - SCMA-MEM-0001 (HMAC: AUTHENTICATE...)
VOUCHER-20261010-01210,2026-10-11T00:59:09,3020,Equity:Members:SCMA-MEM-0001,0.00,30.53,Waterfall Settlement Sweep - SCMA-MEM-0001 (HMAC: AUTHENTICATE...)
VOUCHER-20261010-01211,2026-10-11T00:59:09,1010,Assets:Bank:PenFed FBO Operating Cash,35.67,0.00,Waterfall Settlement Sweep - SCMA-FOUNDER (HMAC: AUTHENTICATE...)
VOUCHER-20261010-01211,2026-10-11T00:59:09,3010,Equity:Members:SCMA-FOUNDER,0.00,35.67,Waterfall Settlement Sweep - SCMA-FOUNDER (HMAC: AUTHENTICATE...)
VOUCHER-20261010-01212,2026-10-11T00:59:09,1010,Assets:Bank:PenFed FBO Operating Cash,30.53,0.00,Waterfall Settlement Sweep - SCMA-MEM-0001 (HMAC: AUTHENTICATE...)
VOUCHER-20261010-01212,2026-10-11T00:59:09,3020,Equity:Members:SCMA-MEM-0001,0.00,30.53,Waterfall Settlement Sweep - SCMA-MEM-0001 (HMAC: AUTHENTICATE...)
VOUCHER-20261010-01213,2026-10-11T00:59:09,1010,Assets:Bank:PenFed FBO Operating Cash,35.67,0.00,Waterfall Settlement Sweep - SCMA-FOUNDER (HMAC: AUTHENTICATE...)
VOUCHER-20261010-01213,2026-10-11T00:59:09,3010,Equity:Members:SCMA-FOUNDER,0.00,35.67,Waterfall Settlement Sweep - SCMA-FOUNDER (HMAC: AUTHENTICATE...)
VOUCHER-20261010-01214,2026-10-11T00:59:09,1010,Assets:Bank:PenFed FBO Operating Cash,30.53,0.00,Waterfall Settlement Sweep - SCMA-MEM-0001 (HMAC: AUTHENTICATE...)
VOUCHER-20261010-01214,2026-10-11T00:59:09,3020,Equity:Members:SCMA-MEM-0001,0.00,30.53,Waterfall Settlement Sweep - SCMA-MEM-0001 (HMAC: AUTHENTICATE...)
VOUCHER-20261010-01215,2026-10-11T00:59:09,1010,Assets:Bank:PenFed FBO Operating Cash,35.67,0.00,Waterfall Settlement Sweep - SCMA-FOUNDER (HMAC: AUTHENTICATE...)
VOUCHER-20261010-01215,2026-10-11T00:59:09,3010,Equity:Members:SCMA-FOUNDER,0.00,35.67,Waterfall Settlement Sweep - SCMA-FOUNDER (HMAC: AUTHENTICATE...)
VOUCHER-20261010-01216,2026-10-11T00:59:09,1010,Assets:Bank:PenFed FBO Operating Cash,30.53,0.00,Waterfall Settlement Sweep - SCMA-MEM-0001 (HMAC: AUTHENTICATE...)
VOUCHER-20261010-01216,2026-10-11T00:59:09,3020,Equity:Members:SCMA-MEM-0001,0.00,30.53,Waterfall Settlement Sweep - SCMA-MEM-0001 (HMAC: AUTHENTICATE...)
VOUCHER-20261010-01217,2026-10-11T00:59:09,1010,Assets:Bank:PenFed FBO Operating Cash,35.67,0.00,Waterfall Settlement Sweep - SCMA-FOUNDER (HMAC: AUTHENTICATE...)
VOUCHER-20261010-01217,2026-10-11T00:59:09,3010,Equity:Members:SCMA-FOUNDER,0.00,35.67,Waterfall Settlement Sweep - SCMA-FOUNDER (HMAC: AUTHENTICATE...)
VOUCHER-20261010-01218,2026-10-11T00:59:09,1010,Assets:Bank:PenFed FBO Operating Cash,30.53,0.00,Waterfall Settlement Sweep - SCMA-MEM-0001 (HMAC: AUTHENTICATE...)
VOUCHER-20261010-01218,2026-10-11T00:59:09,3020,Equity:Members:SCMA-MEM-0001,0.00,30.53,Waterfall Settlement Sweep - SCMA-MEM-0001 (HMAC: AUTHENTICATE...)
VOUCHER-20261010-01219,2026-10-11T00:59:09,1010,Assets:Bank:PenFed FBO Operating Cash,35.67,0.00,Waterfall Settlement Sweep - SCMA-FOUNDER (HMAC: AUTHENTICATE...)
VOUCHER-20261010-01219,2026-10-11T00:59:09,3010,Equity:Members:SCMA-FOUNDER,0.00,35.67,Waterfall Settlement Sweep - SCMA-FOUNDER (HMAC: AUTHENTICATE...)
VOUCHER-20261010-01220,2026-10-11T00:59:09,1010,Assets:Bank:PenFed FBO Operating Cash,30.53,0.00,Waterfall Settlement Sweep - SCMA-MEM-0001 (HMAC: AUTHENTICATE...)
VOUCHER-20261010-01220,2026-10-11T00:59:09,3020,Equity:Members:SCMA-MEM-0001,0.00,30.53,Waterfall Settlement Sweep - SCMA-MEM-0001 (HMAC: AUTHENTICATE...)
VOUCHER-20261010-01221,2026-10-11T00:59:09,1010,Assets:Bank:PenFed FBO Operating Cash,35.67,0.00,Waterfall Settlement Sweep - SCMA-FOUNDER (HMAC: AUTHENTICATE...)
VOUCHER-20261010-01221,2026-10-11T00:59:09,3010,Equity:Members:SCMA-FOUNDER,0.00,35.67,Waterfall Settlement Sweep - SCMA-FOUNDER (HMAC: AUTHENTICATE...)
VOUCHER-20261010-01222,2026-10-11T00:59:09,1010,Assets:Bank:PenFed FBO Operating Cash,30.53,0.00,Waterfall Settlement Sweep - SCMA-MEM-0001 (HMAC: AUTHENTICATE...)
VOUCHER-20261010-01222,2026-10-11T00:59:09,3020,Equity:Members:SCMA-MEM-0001,0.00,30.53,Waterfall Settlement Sweep - SCMA-MEM-0001 (HMAC: AUTHENTICATE...)
VOUCHER-20261010-01223,2026-10-11T00:59:09,1010,Assets:Bank:PenFed FBO Operating Cash,35.67,0.00,Waterfall Settlement Sweep - SCMA-FOUNDER (HMAC: AUTHENTICATE...)
VOUCHER-20261010-01223,2026-10-11T00:59:09,3010,Equity:Members:SCMA-FOUNDER,0.00,35.67,Waterfall Settlement Sweep - SCMA-FOUNDER (HMAC: AUTHENTICATE...)
VOUCHER-20261010-01224,2026-10-11T00:59:09,1010,Assets:Bank:PenFed FBO Operating Cash,30.53,0.00,Waterfall Settlement Sweep - SCMA-MEM-0001 (HMAC: AUTHENTICATE...)
VOUCHER-20261010-01224,2026-10-11T00:59:09,3020,Equity:Members:SCMA-MEM-0001,0.00,30.53,Waterfall Settlement Sweep - SCMA-MEM-0001 (HMAC: AUTHENTICATE...)
VOUCHER-20261010-01225,2026-10-11T00:59:09,1010,Assets:Bank:PenFed FBO Operating Cash,35.67,0.00,Waterfall Settlement Sweep - SCMA-FOUNDER (HMAC: AUTHENTICATE...)
VOUCHER-20261010-01225,2026-10-11T00:59:09,3010,Equity:Members:SCMA-FOUNDER,0.00,35.67,Waterfall Settlement Sweep - SCMA-FOUNDER (HMAC: AUTHENTICATE...)
VOUCHER-20261010-01226,2026-10-11T00:59:09,1010,Assets:Bank:PenFed FBO Operating Cash,30.53,0.00,Waterfall Settlement Sweep - SCMA-MEM-0001 (HMAC: AUTHENTICATE...)
VOUCHER-20261010-01226,2026-10-11T00:59:09,3020,Equity:Members:SCMA-MEM-0001,0.00,30.53,Waterfall Settlement Sweep - SCMA-MEM-0001 (HMAC: AUTHENTICATE...)
VOUCHER-20261010-01227,2026-10-11T00:59:09,1010,Assets:Bank:PenFed FBO Operating Cash,35.67,0.00,Waterfall Settlement Sweep - SCMA-FOUNDER (HMAC: AUTHENTICATE...)
VOUCHER-20261010-01227,2026-10-11T00:59:09,3010,Equity:Members:SCMA-FOUNDER,0.00,35.67,Waterfall Settlement Sweep - SCMA-FOUNDER (HMAC: AUTHENTICATE...)
VOUCHER-20261010-01228,2026-10-11T00:59:09,1010,Assets:Bank:PenFed FBO Operating Cash,30.53,0.00,Waterfall Settlement Sweep - SCMA-MEM-0001 (HMAC: AUTHENTICATE...)
VOUCHER-20261010-01228,2026-10-11T00:59:09,3020,Equity:Members:SCMA-MEM-0001,0.00,30.53,Waterfall Settlement Sweep - SCMA-MEM-0001 (HMAC: AUTHENTICATE...)
VOUCHER-20261010-01229,2026-10-11T00:59:09,1010,Assets:Bank:PenFed FBO Operating Cash,35.67,0.00,Waterfall Settlement Sweep - SCMA-FOUNDER (HMAC: AUTHENTICATE...)
VOUCHER-20261010-01229,2026-10-11T00:59:09,3010,Equity:Members:SCMA-FOUNDER,0.00,35.67,Waterfall Settlement Sweep - SCMA-FOUNDER (HMAC: AUTHENTICATE...)
VOUCHER-20261010-01230,2026-10-11T00:59:09,1010,Assets:Bank:PenFed FBO Operating Cash,30.53,0.00,Waterfall Settlement Sweep - SCMA-MEM-0001 (HMAC: AUTHENTICATE...)
VOUCHER-20261010-01230,2026-10-11T00:59:09,3020,Equity:Members:SCMA-MEM-0001,0.00,30.53,Waterfall Settlement Sweep - SCMA-MEM-0001 (HMAC: AUTHENTICATE...)
VOUCHER-20261010-01231,2026-10-11T00:59:09,1010,Assets:Bank:PenFed FBO Operating Cash,35.67,0.00,Waterfall Settlement Sweep - SCMA-FOUNDER (HMAC: AUTHENTICATE...)
VOUCHER-20261010-01231,2026-10-11T00:59:09,3010,Equity:Members:SCMA-FOUNDER,0.00,35.67,Waterfall Settlement Sweep - SCMA-FOUNDER (HMAC: AUTHENTICATE...)
VOUCHER-20261010-01232,2026-10-11T00:59:09,1010,Assets:Bank:PenFed FBO Operating Cash,30.53,0.00,Waterfall Settlement Sweep - SCMA-MEM-0001 (HMAC: AUTHENTICATE...)
VOUCHER-20261010-01232,2026-10-11T00:59:09,3020,Equity:Members:SCMA-MEM-0001,0.00,30.53,Waterfall Settlement Sweep - SCMA-MEM-0001 (HMAC: AUTHENTICATE...)
VOUCHER-20261010-01233,2026-10-11T00:59:09,1010,Assets:Bank:PenFed FBO Operating Cash,35.67,0.00,Waterfall Settlement Sweep - SCMA-FOUNDER (HMAC: AUTHENTICATE...)
VOUCHER-20261010-01233,2026-10-11T00:59:09,3010,Equity:Members:SCMA-FOUNDER,0.00,35.67,Waterfall Settlement Sweep - SCMA-FOUNDER (HMAC: AUTHENTICATE...)
VOUCHER-20261010-01234,2026-10-11T00:59:09,1010,Assets:Bank:PenFed FBO Operating Cash,30.53,0.00,Waterfall Settlement Sweep - SCMA-MEM-0001 (HMAC: AUTHENTICATE...)
VOUCHER-20261010-01234,2026-10-11T00:59:09,3020,Equity:Members:SCMA-MEM-0001,0.00,30.53,Waterfall Settlement Sweep - SCMA-MEM-0001 (HMAC: AUTHENTICATE...)
VOUCHER-20261010-01235,2026-10-11T00:59:09,1010,Assets:Bank:PenFed FBO Operating Cash,35.67,0.00,Waterfall Settlement Sweep - SCMA-FOUNDER (HMAC: AUTHENTICATE...)
VOUCHER-20261010-01235,2026-10-11T00:59:09,3010,Equity:Members:SCMA-FOUNDER,0.00,35.67,Waterfall Settlement Sweep - SCMA-FOUNDER (HMAC: AUTHENTICATE...)
VOUCHER-20261010-01236,2026-10-11T00:59:09,1010,Assets:Bank:PenFed FBO Operating Cash,30.53,0.00,Waterfall Settlement Sweep - SCMA-MEM-0001 (HMAC: AUTHENTICATE...)
VOUCHER-20261010-01236,2026-10-11T00:59:09,3020,Equity:Members:SCMA-MEM-0001,0.00,30.53,Waterfall Settlement Sweep - SCMA-MEM-0001 (HMAC: AUTHENTICATE...)
VOUCHER-20261010-01237,2026-10-11T00:59:09,1010,Assets:Bank:PenFed FBO Operating Cash,35.67,0.00,Waterfall Settlement Sweep - SCMA-FOUNDER (HMAC: AUTHENTICATE...)
VOUCHER-20261010-01237,2026-10-11T00:59:09,3010,Equity:Members:SCMA-FOUNDER,0.00,35.67,Waterfall Settlement Sweep - SCMA-FOUNDER (HMAC: AUTHENTICATE...)
VOUCHER-20261010-01238,2026-10-11T00:59:09,1010,Assets:Bank:PenFed FBO Operating Cash,30.53,0.00,Waterfall Settlement Sweep - SCMA-MEM-0001 (HMAC: AUTHENTICATE...)
VOUCHER-20261010-01238,2026-10-11T00:59:09,3020,Equity:Members:SCMA-MEM-0001,0.00,30.53,Waterfall Settlement Sweep - SCMA-MEM-0001 (HMAC: AUTHENTICATE...)
VOUCHER-20261010-01239,2026-10-11T00:59:09,1010,Assets:Bank:PenFed FBO Operating Cash,35.67,0.00,Waterfall Settlement Sweep - SCMA-FOUNDER (HMAC: AUTHENTICATE...)
VOUCHER-20261010-01239,2026-10-11T00:59:09,3010,Equity:Members:SCMA-FOUNDER,0.00,35.67,Waterfall Settlement Sweep - SCMA-FOUNDER (HMAC: AUTHENTICATE...)
VOUCHER-20261010-01240,2026-10-11T00:59:09,1010,Assets:Bank:PenFed FBO Operating Cash,30.53,0.00,Waterfall Settlement Sweep - SCMA-MEM-0001 (HMAC: AUTHENTICATE...)
VOUCHER-20261010-01240,2026-10-11T00:59:09,3020,Equity:Members:SCMA-MEM-0001,0.00,30.53,Waterfall Settlement Sweep - SCMA-MEM-0001 (HMAC: AUTHENTICATE...)
VOUCHER-20261010-01241,2026-10-11T00:59:09,1010,Assets:Bank:PenFed FBO Operating Cash,35.67,0.00,Waterfall Settlement Sweep - SCMA-FOUNDER (HMAC: AUTHENTICATE...)
VOUCHER-20261010-01241,2026-10-11T00:59:09,3010,Equity:Members:SCMA-FOUNDER,0.00,35.67,Waterfall Settlement Sweep - SCMA-FOUNDER (HMAC: AUTHENTICATE...)
VOUCHER-20261010-01242,2026-10-11T00:59:09,1010,Assets:Bank:PenFed FBO Operating Cash,30.53,0.00,Waterfall Settlement Sweep - SCMA-MEM-0001 (HMAC: AUTHENTICATE...)
VOUCHER-20261010-01242,2026-10-11T00:59:09,3020,Equity:Members:SCMA-MEM-0001,0.00,30.53,Waterfall Settlement Sweep - SCMA-MEM-0001 (HMAC: AUTHENTICATE...)
VOUCHER-20261010-01243,2026-10-11T00:59:09,1010,Assets:Bank:PenFed FBO Operating Cash,35.67,0.00,Waterfall Settlement Sweep - SCMA-FOUNDER (HMAC: AUTHENTICATE...)
VOUCHER-20261010-01243,2026-10-11T00:59:09,3010,Equity:Members:SCMA-FOUNDER,0.00,35.67,Waterfall Settlement Sweep - SCMA-FOUNDER (HMAC: AUTHENTICATE...)
VOUCHER-20261010-01244,2026-10-11T00:59:09,1010,Assets:Bank:PenFed FBO Operating Cash,30.53,0.00,Waterfall Settlement Sweep - SCMA-MEM-0001 (HMAC: AUTHENTICATE...)
VOUCHER-20261010-01244,2026-10-11T00:59:09,3020,Equity:Members:SCMA-MEM-0001,0.00,30.53,Waterfall Settlement Sweep - SCMA-MEM-0001 (HMAC: AUTHENTICATE...)
VOUCHER-20261010-01245,2026-10-11T00:59:09,1010,Assets:Bank:PenFed FBO Operating Cash,35.67,0.00,Waterfall Settlement Sweep - SCMA-FOUNDER (HMAC: AUTHENTICATE...)
VOUCHER-20261010-01245,2026-10-11T00:59:09,3010,Equity:Members:SCMA-FOUNDER,0.00,35.67,Waterfall Settlement Sweep - SCMA-FOUNDER (HMAC: AUTHENTICATE...)
VOUCHER-20261010-01246,2026-10-11T00:59:09,1010,Assets:Bank:PenFed FBO Operating Cash,30.53,0.00,Waterfall Settlement Sweep - SCMA-MEM-0001 (HMAC: AUTHENTICATE...)
VOUCHER-20261010-01246,2026-10-11T00:59:09,3020,Equity:Members:SCMA-MEM-0001,0.00,30.53,Waterfall Settlement Sweep - SCMA-MEM-0001 (HMAC: AUTHENTICATE...)
VOUCHER-20261010-01247,2026-10-11T00:59:09,1010,Assets:Bank:PenFed FBO Operating Cash,35.67,0.00,Waterfall Settlement Sweep - SCMA-FOUNDER (HMAC: AUTHENTICATE...)
VOUCHER-20261010-01247,2026-10-11T00:59:09,3010,Equity:Members:SCMA-FOUNDER,0.00,35.67,Waterfall Settlement Sweep - SCMA-FOUNDER (HMAC: AUTHENTICATE...)
VOUCHER-20261010-01248,2026-10-11T00:59:09,1010,Assets:Bank:PenFed FBO Operating Cash,30.53,0.00,Waterfall Settlement Sweep - SCMA-MEM-0001 (HMAC: AUTHENTICATE...)
VOUCHER-20261010-01248,2026-10-11T00:59:09,3020,Equity:Members:SCMA-MEM-0001,0.00,30.53,Waterfall Settlement Sweep - SCMA-MEM-0001 (HMAC: AUTHENTICATE...)
VOUCHER-20261010-01249,2026-10-11T00:59:09,1010,Assets:Bank:PenFed FBO Operating Cash,35.67,0.00,Waterfall Settlement Sweep - SCMA-FOUNDER (HMAC: AUTHENTICATE...)
VOUCHER-20261010-01249,2026-10-11T00:59:09,3010,Equity:Members:SCMA-FOUNDER,0.00,35.67,Waterfall Settlement Sweep - SCMA-FOUNDER (HMAC: AUTHENTICATE...)
VOUCHER-20261010-01250,2026-10-11T00:59:09,1010,Assets:Bank:PenFed FBO Operating Cash,30.53,0.00,Waterfall Settlement Sweep - SCMA-MEM-0001 (HMAC: AUTHENTICATE...)
VOUCHER-20261010-01250,2026-10-11T00:59:09,3020,Equity:Members:SCMA-MEM-0001,0.00,30.53,Waterfall Settlement Sweep - SCMA-MEM-0001 (HMAC: AUTHENTICATE...)
VOUCHER-20261010-01251,2026-10-11T00:59:09,1010,Assets:Bank:PenFed FBO Operating Cash,35.67,0.00,Waterfall Settlement Sweep - SCMA-FOUNDER (HMAC: AUTHENTICATE...)
VOUCHER-20261010-01251,2026-10-11T00:59:09,3010,Equity:Members:SCMA-FOUNDER,0.00,35.67,Waterfall Settlement Sweep - SCMA-FOUNDER (HMAC: AUTHENTICATE...)
VOUCHER-20261010-01252,2026-10-11T00:59:09,1010,Assets:Bank:PenFed FBO Operating Cash,30.53,0.00,Waterfall Settlement Sweep - SCMA-MEM-0001 (HMAC: AUTHENTICATE...)
VOUCHER-20261010-01252,2026-10-11T00:59:09,3020,Equity:Members:SCMA-MEM-0001,0.00,30.53,Waterfall Settlement Sweep - SCMA-MEM-0001 (HMAC: AUTHENTICATE...)
VOUCHER-20261010-01253,2026-10-11T00:59:09,1010,Assets:Bank:PenFed FBO Operating Cash,35.67,0.00,Waterfall Settlement Sweep - SCMA-FOUNDER (HMAC: AUTHENTICATE...)
VOUCHER-20261010-01253,2026-10-11T00:59:09,3010,Equity:Members:SCMA-FOUNDER,0.00,35.67,Waterfall Settlement Sweep - SCMA-FOUNDER (HMAC: AUTHENTICATE...)
VOUCHER-20261010-01254,2026-10-11T00:59:09,1010,Assets:Bank:PenFed FBO Operating Cash,30.53,0.00,Waterfall Settlement Sweep - SCMA-MEM-0001 (HMAC: AUTHENTICATE...)
VOUCHER-20261010-01254,2026-10-11T00:59:09,3020,Equity:Members:SCMA-MEM-0001,0.00,30.53,Waterfall Settlement Sweep - SCMA-MEM-0001 (HMAC: AUTHENTICATE...)
VOUCHER-20261010-01255,2026-10-11T00:59:09,1010,Assets:Bank:PenFed FBO Operating Cash,35.67,0.00,Waterfall Settlement Sweep - SCMA-FOUNDER (HMAC: AUTHENTICATE...)
VOUCHER-20261010-01255,2026-10-11T00:59:09,3010,Equity:Members:SCMA-FOUNDER,0.00,35.67,Waterfall Settlement Sweep - SCMA-FOUNDER (HMAC: AUTHENTICATE...)
VOUCHER-20261010-01256,2026-10-11T00:59:09,1010,Assets:Bank:PenFed FBO Operating Cash,30.53,0.00,Waterfall Settlement Sweep - SCMA-MEM-0001 (HMAC: AUTHENTICATE...)
VOUCHER-20261010-01256,2026-10-11T00:59:09,3020,Equity:Members:SCMA-MEM-0001,0.00,30.53,Waterfall Settlement Sweep - SCMA-MEM-0001 (HMAC: AUTHENTICATE...)
VOUCHER-20261010-01257,2026-10-11T00:59:09,1010,Assets:Bank:PenFed FBO Operating Cash,35.67,0.00,Waterfall Settlement Sweep - SCMA-FOUNDER (HMAC: AUTHENTICATE...)
VOUCHER-20261010-01257,2026-10-11T00:59:09,3010,Equity:Members:SCMA-FOUNDER,0.00,35.67,Waterfall Settlement Sweep - SCMA-FOUNDER (HMAC: AUTHENTICATE...)
VOUCHER-20261010-01258,2026-10-11T00:59:09,1010,Assets:Bank:PenFed FBO Operating Cash,30.53,0.00,Waterfall Settlement Sweep - SCMA-MEM-0001 (HMAC: AUTHENTICATE...)
VOUCHER-20261010-01258,2026-10-11T00:59:09,3020,Equity:Members:SCMA-MEM-0001,0.00,30.53,Waterfall Settlement Sweep - SCMA-MEM-0001 (HMAC: AUTHENTICATE...)
VOUCHER-20261010-01259,2026-10-11T00:59:09,1010,Assets:Bank:PenFed FBO Operating Cash,35.67,0.00,Waterfall Settlement Sweep - SCMA-FOUNDER (HMAC: AUTHENTICATE...)
VOUCHER-20261010-01259,2026-10-11T00:59:09,3010,Equity:Members:SCMA-FOUNDER,0.00,35.67,Waterfall Settlement Sweep - SCMA-FOUNDER (HMAC: AUTHENTICATE...)
VOUCHER-20261010-01260,2026-10-11T00:59:09,1010,Assets:Bank:PenFed FBO Operating Cash,30.53,0.00,Waterfall Settlement Sweep - SCMA-MEM-0001 (HMAC: AUTHENTICATE...)
VOUCHER-20261010-01260,2026-10-11T00:59:09,3020,Equity:Members:SCMA-MEM-0001,0.00,30.53,Waterfall Settlement Sweep - SCMA-MEM-0001 (HMAC: AUTHENTICATE...)
VOUCHER-20261010-01261,2026-10-11T00:59:09,1010,Assets:Bank:PenFed FBO Operating Cash,35.67,0.00,Waterfall Settlement Sweep - SCMA-FOUNDER (HMAC: AUTHENTICATE...)
VOUCHER-20261010-01261,2026-10-11T00:59:09,3010,Equity:Members:SCMA-FOUNDER,0.00,35.67,Waterfall Settlement Sweep - SCMA-FOUNDER (HMAC: AUTHENTICATE...)
VOUCHER-20261010-01262,2026-10-11T00:59:09,1010,Assets:Bank:PenFed FBO Operating Cash,30.53,0.00,Waterfall Settlement Sweep - SCMA-MEM-0001 (HMAC: AUTHENTICATE...)
VOUCHER-20261010-01262,2026-10-11T00:59:09,3020,Equity:Members:SCMA-MEM-0001,0.00,30.53,Waterfall Settlement Sweep - SCMA-MEM-0001 (HMAC: AUTHENTICATE...)
VOUCHER-20261010-01263,2026-10-11T00:59:09,1010,Assets:Bank:PenFed FBO Operating Cash,35.67,0.00,Waterfall Settlement Sweep - SCMA-FOUNDER (HMAC: AUTHENTICATE...)
VOUCHER-20261010-01263,2026-10-11T00:59:09,3010,Equity:Members:SCMA-FOUNDER,0.00,35.67,Waterfall Settlement Sweep - SCMA-FOUNDER (HMAC: AUTHENTICATE...)
VOUCHER-20261010-01264,2026-10-11T00:59:09,1010,Assets:Bank:PenFed FBO Operating Cash,30.53,0.00,Waterfall Settlement Sweep - SCMA-MEM-0001 (HMAC: AUTHENTICATE...)
VOUCHER-20261010-01264,2026-10-11T00:59:09,3020,Equity:Members:SCMA-MEM-0001,0.00,30.53,Waterfall Settlement Sweep - SCMA-MEM-0001 (HMAC: AUTHENTICATE...)
VOUCHER-20261010-01265,2026-10-11T00:59:09,1010,Assets:Bank:PenFed FBO Operating Cash,35.67,0.00,Waterfall Settlement Sweep - SCMA-FOUNDER (HMAC: AUTHENTICATE...)
VOUCHER-20261010-01265,2026-10-11T00:59:09,3010,Equity:Members:SCMA-FOUNDER,0.00,35.67,Waterfall Settlement Sweep - SCMA-FOUNDER (HMAC: AUTHENTICATE...)
VOUCHER-20261010-01266,2026-10-11T00:59:09,1010,Assets:Bank:PenFed FBO Operating Cash,30.53,0.00,Waterfall Settlement Sweep - SCMA-MEM-0001 (HMAC: AUTHENTICATE...)
VOUCHER-20261010-01266,2026-10-11T00:59:09,3020,Equity:Members:SCMA-MEM-0001,0.00,30.53,Waterfall Settlement Sweep - SCMA-MEM-0001 (HMAC: AUTHENTICATE...)
VOUCHER-20261010-01267,2026-10-11T00:59:09,1010,Assets:Bank:PenFed FBO Operating Cash,35.67,0.00,Waterfall Settlement Sweep - SCMA-FOUNDER (HMAC: AUTHENTICATE...)
VOUCHER-20261010-01267,2026-10-11T00:59:09,3010,Equity:Members:SCMA-FOUNDER,0.00,35.67,Waterfall Settlement Sweep - SCMA-FOUNDER (HMAC: AUTHENTICATE...)
VOUCHER-20261010-01268,2026-10-11T00:59:09,1010,Assets:Bank:PenFed FBO Operating Cash,30.53,0.00,Waterfall Settlement Sweep - SCMA-MEM-0001 (HMAC: AUTHENTICATE...)
VOUCHER-20261010-01268,2026-10-11T00:59:09,3020,Equity:Members:SCMA-MEM-0001,0.00,30.53,Waterfall Settlement Sweep - SCMA-MEM-0001 (HMAC: AUTHENTICATE...)
VOUCHER-20261010-01269,2026-10-11T00:59:09,1010,Assets:Bank:PenFed FBO Operating Cash,35.67,0.00,Waterfall Settlement Sweep - SCMA-FOUNDER (HMAC: AUTHENTICATE...)
VOUCHER-20261010-01269,2026-10-11T00:59:09,3010,Equity:Members:SCMA-FOUNDER,0.00,35.67,Waterfall Settlement Sweep - SCMA-FOUNDER (HMAC: AUTHENTICATE...)
VOUCHER-20261010-01270,2026-10-11T00:59:09,1010,Assets:Bank:PenFed FBO Operating Cash,30.53,0.00,Waterfall Settlement Sweep - SCMA-MEM-0001 (HMAC: AUTHENTICATE...)
VOUCHER-20261010-01270,2026-10-11T00:59:09,3020,Equity:Members:SCMA-MEM-0001,0.00,30.53,Waterfall Settlement Sweep - SCMA-MEM-0001 (HMAC: AUTHENTICATE...)
VOUCHER-20261010-01271,2026-10-11T00:59:09,1010,Assets:Bank:PenFed FBO Operating Cash,35.67,0.00,Waterfall Settlement Sweep - SCMA-FOUNDER (HMAC: AUTHENTICATE...)
VOUCHER-20261010-01271,2026-10-11T00:59:09,3010,Equity:Members:SCMA-FOUNDER,0.00,35.67,Waterfall Settlement Sweep - SCMA-FOUNDER (HMAC: AUTHENTICATE...)
VOUCHER-20261010-01272,2026-10-11T00:59:09,1010,Assets:Bank:PenFed FBO Operating Cash,30.53,0.00,Waterfall Settlement Sweep - SCMA-MEM-0001 (HMAC: AUTHENTICATE...)
VOUCHER-20261010-01272,2026-10-11T00:59:09,3020,Equity:Members:SCMA-MEM-0001,0.00,30.53,Waterfall Settlement Sweep - SCMA-MEM-0001 (HMAC: AUTHENTICATE...)
VOUCHER-20261010-01273,2026-10-11T00:59:09,1010,Assets:Bank:PenFed FBO Operating Cash,35.67,0.00,Waterfall Settlement Sweep - SCMA-FOUNDER (HMAC: AUTHENTICATE...)
VOUCHER-20261010-01273,2026-10-11T00:59:09,3010,Equity:Members:SCMA-FOUNDER,0.00,35.67,Waterfall Settlement Sweep - SCMA-FOUNDER (HMAC: AUTHENTICATE...)
VOUCHER-20261010-01274,2026-10-11T00:59:09,1010,Assets:Bank:PenFed FBO Operating Cash,30.53,0.00,Waterfall Settlement Sweep - SCMA-MEM-0001 (HMAC: AUTHENTICATE...)
VOUCHER-20261010-01274,2026-10-11T00:59:09,3020,Equity:Members:SCMA-MEM-0001,0.00,30.53,Waterfall Settlement Sweep - SCMA-MEM-0001 (HMAC: AUTHENTICATE...)
VOUCHER-20261010-01275,2026-10-11T00:59:09,1010,Assets:Bank:PenFed FBO Operating Cash,35.67,0.00,Waterfall Settlement Sweep - SCMA-FOUNDER (HMAC: AUTHENTICATE...)
VOUCHER-20261010-01275,2026-10-11T00:59:09,3010,Equity:Members:SCMA-FOUNDER,0.00,35.67,Waterfall Settlement Sweep - SCMA-FOUNDER (HMAC: AUTHENTICATE...)
VOUCHER-20261010-01276,2026-10-11T00:59:09,1010,Assets:Bank:PenFed FBO Operating Cash,30.53,0.00,Waterfall Settlement Sweep - SCMA-MEM-0001 (HMAC: AUTHENTICATE...)
VOUCHER-20261010-01276,2026-10-11T00:59:09,3020,Equity:Members:SCMA-MEM-0001,0.00,30.53,Waterfall Settlement Sweep - SCMA-MEM-0001 (HMAC: AUTHENTICATE...)
VOUCHER-20261010-01277,2026-10-11T00:59:09,1010,Assets:Bank:PenFed FBO Operating Cash,35.67,0.00,Waterfall Settlement Sweep - SCMA-FOUNDER (HMAC: AUTHENTICATE...)
VOUCHER-20261010-01277,2026-10-11T00:59:09,3010,Equity:Members:SCMA-FOUNDER,0.00,35.67,Waterfall Settlement Sweep - SCMA-FOUNDER (HMAC: AUTHENTICATE...)
VOUCHER-20261010-01278,2026-10-11T00:59:09,1010,Assets:Bank:PenFed FBO Operating Cash,30.53,0.00,Waterfall Settlement Sweep - SCMA-MEM-0001 (HMAC: AUTHENTICATE...)
VOUCHER-20261010-01278,2026-10-11T00:59:09,3020,Equity:Members:SCMA-MEM-0001,0.00,30.53,Waterfall Settlement Sweep - SCMA-MEM-0001 (HMAC: AUTHENTICATE...)
VOUCHER-20261010-01279,2026-10-11T00:59:09,1010,Assets:Bank:PenFed FBO Operating Cash,35.67,0.00,Waterfall Settlement Sweep - SCMA-FOUNDER (HMAC: AUTHENTICATE...)
VOUCHER-20261010-01279,2026-10-11T00:59:09,3010,Equity:Members:SCMA-FOUNDER,0.00,35.67,Waterfall Settlement Sweep - SCMA-FOUNDER (HMAC: AUTHENTICATE...)
VOUCHER-20261010-01280,2026-10-11T00:59:09,1010,Assets:Bank:PenFed FBO Operating Cash,30.53,0.00,Waterfall Settlement Sweep - SCMA-MEM-0001 (HMAC: AUTHENTICATE...)
VOUCHER-20261010-01280,2026-10-11T00:59:09,3020,Equity:Members:SCMA-MEM-0001,0.00,30.53,Waterfall Settlement Sweep - SCMA-MEM-0001 (HMAC: AUTHENTICATE...)
VOUCHER-20261010-01281,2026-10-11T00:59:09,1010,Assets:Bank:PenFed FBO Operating Cash,35.67,0.00,Waterfall Settlement Sweep - SCMA-FOUNDER (HMAC: AUTHENTICATE...)
VOUCHER-20261010-01281,2026-10-11T00:59:09,3010,Equity:Members:SCMA-FOUNDER,0.00,35.67,Waterfall Settlement Sweep - SCMA-FOUNDER (HMAC: AUTHENTICATE...)
VOUCHER-20261010-01282,2026-10-11T00:59:09,1010,Assets:Bank:PenFed FBO Operating Cash,30.53,0.00,Waterfall Settlement Sweep - SCMA-MEM-0001 (HMAC: AUTHENTICATE...)
VOUCHER-20261010-01282,2026-10-11T00:59:09,3020,Equity:Members:SCMA-MEM-0001,0.00,30.53,Waterfall Settlement Sweep - SCMA-MEM-0001 (HMAC: AUTHENTICATE...)
VOUCHER-20261010-01283,2026-10-11T00:59:09,1010,Assets:Bank:PenFed FBO Operating Cash,35.67,0.00,Waterfall Settlement Sweep - SCMA-FOUNDER (HMAC: AUTHENTICATE...)
VOUCHER-20261010-01283,2026-10-11T00:59:09,3010,Equity:Members:SCMA-FOUNDER,0.00,35.67,Waterfall Settlement Sweep - SCMA-FOUNDER (HMAC: AUTHENTICATE...)
VOUCHER-20261010-01284,2026-10-11T00:59:09,1010,Assets:Bank:PenFed FBO Operating Cash,30.53,0.00,Waterfall Settlement Sweep - SCMA-MEM-0001 (HMAC: AUTHENTICATE...)
VOUCHER-20261010-01284,2026-10-11T00:59:09,3020,Equity:Members:SCMA-MEM-0001,0.00,30.53,Waterfall Settlement Sweep - SCMA-MEM-0001 (HMAC: AUTHENTICATE...)
VOUCHER-20261010-01285,2026-10-11T00:59:09,1010,Assets:Bank:PenFed FBO Operating Cash,35.67,0.00,Waterfall Settlement Sweep - SCMA-FOUNDER (HMAC: AUTHENTICATE...)
VOUCHER-20261010-01285,2026-10-11T00:59:09,3010,Equity:Members:SCMA-FOUNDER,0.00,35.67,Waterfall Settlement Sweep - SCMA-FOUNDER (HMAC: AUTHENTICATE...)
VOUCHER-20261010-01286,2026-10-11T00:59:09,1010,Assets:Bank:PenFed FBO Operating Cash,30.53,0.00,Waterfall Settlement Sweep - SCMA-MEM-0001 (HMAC: AUTHENTICATE...)
VOUCHER-20261010-01286,2026-10-11T00:59:09,3020,Equity:Members:SCMA-MEM-0001,0.00,30.53,Waterfall Settlement Sweep - SCMA-MEM-0001 (HMAC: AUTHENTICATE...)
VOUCHER-20261010-01287,2026-10-11T00:59:09,1010,Assets:Bank:PenFed FBO Operating Cash,35.67,0.00,Waterfall Settlement Sweep - SCMA-FOUNDER (HMAC: AUTHENTICATE...)
VOUCHER-20261010-01287,2026-10-11T00:59:09,3010,Equity:Members:SCMA-FOUNDER,0.00,35.67,Waterfall Settlement Sweep - SCMA-FOUNDER (HMAC: AUTHENTICATE...)
VOUCHER-20261010-01288,2026-10-11T00:59:09,1010,Assets:Bank:PenFed FBO Operating Cash,30.53,0.00,Waterfall Settlement Sweep - SCMA-MEM-0001 (HMAC: AUTHENTICATE...)
VOUCHER-20261010-01288,2026-10-11T00:59:09,3020,Equity:Members:SCMA-MEM-0001,0.00,30.53,Waterfall Settlement Sweep - SCMA-MEM-0001 (HMAC: AUTHENTICATE...)
VOUCHER-20261010-01289,2026-10-11T00:59:09,1010,Assets:Bank:PenFed FBO Operating Cash,35.67,0.00,Waterfall Settlement Sweep - SCMA-FOUNDER (HMAC: AUTHENTICATE...)
VOUCHER-20261010-01289,2026-10-11T00:59:09,3010,Equity:Members:SCMA-FOUNDER,0.00,35.67,Waterfall Settlement Sweep - SCMA-FOUNDER (HMAC: AUTHENTICATE...)
VOUCHER-20261010-01290,2026-10-11T00:59:09,1010,Assets:Bank:PenFed FBO Operating Cash,30.53,0.00,Waterfall Settlement Sweep - SCMA-MEM-0001 (HMAC: AUTHENTICATE...)
VOUCHER-20261010-01290,2026-10-11T00:59:09,3020,Equity:Members:SCMA-MEM-0001,0.00,30.53,Waterfall Settlement Sweep - SCMA-MEM-0001 (HMAC: AUTHENTICATE...)
VOUCHER-20261010-01291,2026-10-11T00:59:09,1010,Assets:Bank:PenFed FBO Operating Cash,35.67,0.00,Waterfall Settlement Sweep - SCMA-FOUNDER (HMAC: AUTHENTICATE...)
VOUCHER-20261010-01291,2026-10-11T00:59:09,3010,Equity:Members:SCMA-FOUNDER,0.00,35.67,Waterfall Settlement Sweep - SCMA-FOUNDER (HMAC: AUTHENTICATE...)
VOUCHER-20261010-01292,2026-10-11T00:59:09,1010,Assets:Bank:PenFed FBO Operating Cash,30.53,0.00,Waterfall Settlement Sweep - SCMA-MEM-0001 (HMAC: AUTHENTICATE...)
VOUCHER-20261010-01292,2026-10-11T00:59:09,3020,Equity:Members:SCMA-MEM-0001,0.00,30.53,Waterfall Settlement Sweep - SCMA-MEM-0001 (HMAC: AUTHENTICATE...)
VOUCHER-20261010-01293,2026-10-11T00:59:09,1010,Assets:Bank:PenFed FBO Operating Cash,35.67,0.00,Waterfall Settlement Sweep - SCMA-FOUNDER (HMAC: AUTHENTICATE...)
VOUCHER-20261010-01293,2026-10-11T00:59:09,3010,Equity:Members:SCMA-FOUNDER,0.00,35.67,Waterfall Settlement Sweep - SCMA-FOUNDER (HMAC: AUTHENTICATE...)
VOUCHER-20261010-01294,2026-10-11T00:59:09,1010,Assets:Bank:PenFed FBO Operating Cash,30.53,0.00,Waterfall Settlement Sweep - SCMA-MEM-0001 (HMAC: AUTHENTICATE...)
VOUCHER-20261010-01294,2026-10-11T00:59:09,3020,Equity:Members:SCMA-MEM-0001,0.00,30.53,Waterfall Settlement Sweep - SCMA-MEM-0001 (HMAC: AUTHENTICATE...)
VOUCHER-20261010-01295,2026-10-11T00:59:09,1010,Assets:Bank:PenFed FBO Operating Cash,35.67,0.00,Waterfall Settlement Sweep - SCMA-FOUNDER (HMAC: AUTHENTICATE...)
VOUCHER-20261010-01295,2026-10-11T00:59:09,3010,Equity:Members:SCMA-FOUNDER,0.00,35.67,Waterfall Settlement Sweep - SCMA-FOUNDER (HMAC: AUTHENTICATE...)
VOUCHER-20261010-01296,2026-10-11T00:59:09,1010,Assets:Bank:PenFed FBO Operating Cash,30.53,0.00,Waterfall Settlement Sweep - SCMA-MEM-0001 (HMAC: AUTHENTICATE...)
VOUCHER-20261010-01296,2026-10-11T00:59:09,3020,Equity:Members:SCMA-MEM-0001,0.00,30.53,Waterfall Settlement Sweep - SCMA-MEM-0001 (HMAC: AUTHENTICATE...)
VOUCHER-20261010-01297,2026-10-11T00:59:09,1010,Assets:Bank:PenFed FBO Operating Cash,35.67,0.00,Waterfall Settlement Sweep - SCMA-FOUNDER (HMAC: AUTHENTICATE...)
VOUCHER-20261010-01297,2026-10-11T00:59:09,3010,Equity:Members:SCMA-FOUNDER,0.00,35.67,Waterfall Settlement Sweep - SCMA-FOUNDER (HMAC: AUTHENTICATE...)
VOUCHER-20261010-01298,2026-10-11T00:59:09,1010,Assets:Bank:PenFed FBO Operating Cash,30.53,0.00,Waterfall Settlement Sweep - SCMA-MEM-0001 (HMAC: AUTHENTICATE...)
VOUCHER-20261010-01298,2026-10-11T00:59:09,3020,Equity:Members:SCMA-MEM-0001,0.00,30.53,Waterfall Settlement Sweep - SCMA-MEM-0001 (HMAC: AUTHENTICATE...)
VOUCHER-20261010-01299,2026-10-11T00:59:09,1010,Assets:Bank:PenFed FBO Operating Cash,35.67,0.00,Waterfall Settlement Sweep - SCMA-FOUNDER (HMAC: AUTHENTICATE...)
VOUCHER-20261010-01299,2026-10-11T00:59:09,3010,Equity:Members:SCMA-FOUNDER,0.00,35.67,Waterfall Settlement Sweep - SCMA-FOUNDER (HMAC: AUTHENTICATE...)
VOUCHER-20261010-01300,2026-10-11T00:59:09,1010,Assets:Bank:PenFed FBO Operating Cash,30.53,0.00,Waterfall Settlement Sweep - SCMA-MEM-0001 (HMAC: AUTHENTICATE...)
VOUCHER-20261010-01300,2026-10-11T00:59:09,3020,Equity:Members:SCMA-MEM-0001,0.00,30.53,Waterfall Settlement Sweep - SCMA-MEM-0001 (HMAC: AUTHENTICATE...)
VOUCHER-20261010-01301,2026-10-11T00:59:09,1010,Assets:Bank:PenFed FBO Operating Cash,35.67,0.00,Waterfall Settlement Sweep - SCMA-FOUNDER (HMAC: AUTHENTICATE...)
VOUCHER-20261010-01301,2026-10-11T00:59:09,3010,Equity:Members:SCMA-FOUNDER,0.00,35.67,Waterfall Settlement Sweep - SCMA-FOUNDER (HMAC: AUTHENTICATE...)
VOUCHER-20261010-01302,2026-10-11T00:59:09,1010,Assets:Bank:PenFed FBO Operating Cash,30.53,0.00,Waterfall Settlement Sweep - SCMA-MEM-0001 (HMAC: AUTHENTICATE...)
VOUCHER-20261010-01302,2026-10-11T00:59:09,3020,Equity:Members:SCMA-MEM-0001,0.00,30.53,Waterfall Settlement Sweep - SCMA-MEM-0001 (HMAC: AUTHENTICATE...)
VOUCHER-20261010-01303,2026-10-11T00:59:09,1010,Assets:Bank:PenFed FBO Operating Cash,35.67,0.00,Waterfall Settlement Sweep - SCMA-FOUNDER (HMAC: AUTHENTICATE...)
VOUCHER-20261010-01303,2026-10-11T00:59:09,3010,Equity:Members:SCMA-FOUNDER,0.00,35.67,Waterfall Settlement Sweep - SCMA-FOUNDER (HMAC: AUTHENTICATE...)
VOUCHER-20261010-01304,2026-10-11T00:59:09,1010,Assets:Bank:PenFed FBO Operating Cash,30.53,0.00,Waterfall Settlement Sweep - SCMA-MEM-0001 (HMAC: AUTHENTICATE...)
VOUCHER-20261010-01304,2026-10-11T00:59:09,3020,Equity:Members:SCMA-MEM-0001,0.00,30.53,Waterfall Settlement Sweep - SCMA-MEM-0001 (HMAC: AUTHENTICATE...)
VOUCHER-20261010-01305,2026-10-11T00:59:09,1010,Assets:Bank:PenFed FBO Operating Cash,35.67,0.00,Waterfall Settlement Sweep - SCMA-FOUNDER (HMAC: AUTHENTICATE...)
VOUCHER-20261010-01305,2026-10-11T00:59:09,3010,Equity:Members:SCMA-FOUNDER,0.00,35.67,Waterfall Settlement Sweep - SCMA-FOUNDER (HMAC: AUTHENTICATE...)
VOUCHER-20261010-01306,2026-10-11T00:59:09,1010,Assets:Bank:PenFed FBO Operating Cash,30.53,0.00,Waterfall Settlement Sweep - SCMA-MEM-0001 (HMAC: AUTHENTICATE...)
VOUCHER-20261010-01306,2026-10-11T00:59:09,3020,Equity:Members:SCMA-MEM-0001,0.00,30.53,Waterfall Settlement Sweep - SCMA-MEM-0001 (HMAC: AUTHENTICATE...)
VOUCHER-20261010-01307,2026-10-11T00:59:09,1010,Assets:Bank:PenFed FBO Operating Cash,35.67,0.00,Waterfall Settlement Sweep - SCMA-FOUNDER (HMAC: AUTHENTICATE...)
VOUCHER-20261010-01307,2026-10-11T00:59:09,3010,Equity:Members:SCMA-FOUNDER,0.00,35.67,Waterfall Settlement Sweep - SCMA-FOUNDER (HMAC: AUTHENTICATE...)
VOUCHER-20261010-01308,2026-10-11T00:59:09,1010,Assets:Bank:PenFed FBO Operating Cash,30.53,0.00,Waterfall Settlement Sweep - SCMA-MEM-0001 (HMAC: AUTHENTICATE...)
VOUCHER-20261010-01308,2026-10-11T00:59:09,3020,Equity:Members:SCMA-MEM-0001,0.00,30.53,Waterfall Settlement Sweep - SCMA-MEM-0001 (HMAC: AUTHENTICATE...)
VOUCHER-20261010-01309,2026-10-11T00:59:09,1010,Assets:Bank:PenFed FBO Operating Cash,35.67,0.00,Waterfall Settlement Sweep - SCMA-FOUNDER (HMAC: AUTHENTICATE...)
VOUCHER-20261010-01309,2026-10-11T00:59:09,3010,Equity:Members:SCMA-FOUNDER,0.00,35.67,Waterfall Settlement Sweep - SCMA-FOUNDER (HMAC: AUTHENTICATE...)
VOUCHER-20261010-01310,2026-10-11T00:59:09,1010,Assets:Bank:PenFed FBO Operating Cash,30.53,0.00,Waterfall Settlement Sweep - SCMA-MEM-0001 (HMAC: AUTHENTICATE...)
VOUCHER-20261010-01310,2026-10-11T00:59:09,3020,Equity:Members:SCMA-MEM-0001,0.00,30.53,Waterfall Settlement Sweep - SCMA-MEM-0001 (HMAC: AUTHENTICATE...)
VOUCHER-20261010-01311,2026-10-11T00:59:09,1010,Assets:Bank:PenFed FBO Operating Cash,35.67,0.00,Waterfall Settlement Sweep - SCMA-FOUNDER (HMAC: AUTHENTICATE...)
VOUCHER-20261010-01311,2026-10-11T00:59:09,3010,Equity:Members:SCMA-FOUNDER,0.00,35.67,Waterfall Settlement Sweep - SCMA-FOUNDER (HMAC: AUTHENTICATE...)
VOUCHER-20261010-01312,2026-10-11T00:59:09,1010,Assets:Bank:PenFed FBO Operating Cash,30.53,0.00,Waterfall Settlement Sweep - SCMA-MEM-0001 (HMAC: AUTHENTICATE...)
VOUCHER-20261010-01312,2026-10-11T00:59:09,3020,Equity:Members:SCMA-MEM-0001,0.00,30.53,Waterfall Settlement Sweep - SCMA-MEM-0001 (HMAC: AUTHENTICATE...)
VOUCHER-20261010-01313,2026-10-11T00:59:09,1010,Assets:Bank:PenFed FBO Operating Cash,35.67,0.00,Waterfall Settlement Sweep - SCMA-FOUNDER (HMAC: AUTHENTICATE...)
VOUCHER-20261010-01313,2026-10-11T00:59:09,3010,Equity:Members:SCMA-FOUNDER,0.00,35.67,Waterfall Settlement Sweep - SCMA-FOUNDER (HMAC: AUTHENTICATE...)
VOUCHER-20261010-01314,2026-10-11T00:59:09,1010,Assets:Bank:PenFed FBO Operating Cash,30.53,0.00,Waterfall Settlement Sweep - SCMA-MEM-0001 (HMAC: AUTHENTICATE...)
VOUCHER-20261010-01314,2026-10-11T00:59:09,3020,Equity:Members:SCMA-MEM-0001,0.00,30.53,Waterfall Settlement Sweep - SCMA-MEM-0001 (HMAC: AUTHENTICATE...)
VOUCHER-20261010-01315,2026-10-11T00:59:09,1010,Assets:Bank:PenFed FBO Operating Cash,35.67,0.00,Waterfall Settlement Sweep - SCMA-FOUNDER (HMAC: AUTHENTICATE...)
VOUCHER-20261010-01315,2026-10-11T00:59:09,3010,Equity:Members:SCMA-FOUNDER,0.00,35.67,Waterfall Settlement Sweep - SCMA-FOUNDER (HMAC: AUTHENTICATE...)
VOUCHER-20261010-01316,2026-10-11T00:59:09,1010,Assets:Bank:PenFed FBO Operating Cash,30.53,0.00,Waterfall Settlement Sweep - SCMA-MEM-0001 (HMAC: AUTHENTICATE...)
VOUCHER-20261010-01316,2026-10-11T00:59:09,3020,Equity:Members:SCMA-MEM-0001,0.00,30.53,Waterfall Settlement Sweep - SCMA-MEM-0001 (HMAC: AUTHENTICATE...)
VOUCHER-20261010-01317,2026-10-11T00:59:09,1010,Assets:Bank:PenFed FBO Operating Cash,35.67,0.00,Waterfall Settlement Sweep - SCMA-FOUNDER (HMAC: AUTHENTICATE...)
VOUCHER-20261010-01317,2026-10-11T00:59:09,3010,Equity:Members:SCMA-FOUNDER,0.00,35.67,Waterfall Settlement Sweep - SCMA-FOUNDER (HMAC: AUTHENTICATE...)
VOUCHER-20261010-01318,2026-10-11T00:59:09,1010,Assets:Bank:PenFed FBO Operating Cash,30.53,0.00,Waterfall Settlement Sweep - SCMA-MEM-0001 (HMAC: AUTHENTICATE...)
VOUCHER-20261010-01318,2026-10-11T00:59:09,3020,Equity:Members:SCMA-MEM-0001,0.00,30.53,Waterfall Settlement Sweep - SCMA-MEM-0001 (HMAC: AUTHENTICATE...)
VOUCHER-20261010-01319,2026-10-11T00:59:09,1010,Assets:Bank:PenFed FBO Operating Cash,35.67,0.00,Waterfall Settlement Sweep - SCMA-FOUNDER (HMAC: AUTHENTICATE...)
VOUCHER-20261010-01319,2026-10-11T00:59:09,3010,Equity:Members:SCMA-FOUNDER,0.00,35.67,Waterfall Settlement Sweep - SCMA-FOUNDER (HMAC: AUTHENTICATE...)
VOUCHER-20261010-01320,2026-10-11T00:59:09,1010,Assets:Bank:PenFed FBO Operating Cash,30.53,0.00,Waterfall Settlement Sweep - SCMA-MEM-0001 (HMAC: AUTHENTICATE...)
VOUCHER-20261010-01320,2026-10-11T00:59:09,3020,Equity:Members:SCMA-MEM-0001,0.00,30.53,Waterfall Settlement Sweep - SCMA-MEM-0001 (HMAC: AUTHENTICATE...)
VOUCHER-20261010-01321,2026-10-11T00:59:09,1010,Assets:Bank:PenFed FBO Operating Cash,35.67,0.00,Waterfall Settlement Sweep - SCMA-FOUNDER (HMAC: AUTHENTICATE...)
VOUCHER-20261010-01321,2026-10-11T00:59:09,3010,Equity:Members:SCMA-FOUNDER,0.00,35.67,Waterfall Settlement Sweep - SCMA-FOUNDER (HMAC: AUTHENTICATE...)
VOUCHER-20261010-01322,2026-10-11T00:59:09,1010,Assets:Bank:PenFed FBO Operating Cash,30.53,0.00,Waterfall Settlement Sweep - SCMA-MEM-0001 (HMAC: AUTHENTICATE...)
VOUCHER-20261010-01322,2026-10-11T00:59:09,3020,Equity:Members:SCMA-MEM-0001,0.00,30.53,Waterfall Settlement Sweep - SCMA-MEM-0001 (HMAC: AUTHENTICATE...)
VOUCHER-20261010-01323,2026-10-11T00:59:09,1010,Assets:Bank:PenFed FBO Operating Cash,35.67,0.00,Waterfall Settlement Sweep - SCMA-FOUNDER (HMAC: AUTHENTICATE...)
VOUCHER-20261010-01323,2026-10-11T00:59:09,3010,Equity:Members:SCMA-FOUNDER,0.00,35.67,Waterfall Settlement Sweep - SCMA-FOUNDER (HMAC: AUTHENTICATE...)
VOUCHER-20261010-01324,2026-10-11T00:59:09,1010,Assets:Bank:PenFed FBO Operating Cash,30.53,0.00,Waterfall Settlement Sweep - SCMA-MEM-0001 (HMAC: AUTHENTICATE...)
VOUCHER-20261010-01324,2026-10-11T00:59:09,3020,Equity:Members:SCMA-MEM-0001,0.00,30.53,Waterfall Settlement Sweep - SCMA-MEM-0001 (HMAC: AUTHENTICATE...)
VOUCHER-20261010-01325,2026-10-11T00:59:09,1010,Assets:Bank:PenFed FBO Operating Cash,35.67,0.00,Waterfall Settlement Sweep - SCMA-FOUNDER (HMAC: AUTHENTICATE...)
VOUCHER-20261010-01325,2026-10-11T00:59:09,3010,Equity:Members:SCMA-FOUNDER,0.00,35.67,Waterfall Settlement Sweep - SCMA-FOUNDER (HMAC: AUTHENTICATE...)
VOUCHER-20261010-01326,2026-10-11T00:59:09,1010,Assets:Bank:PenFed FBO Operating Cash,30.53,0.00,Waterfall Settlement Sweep - SCMA-MEM-0001 (HMAC: AUTHENTICATE...)
VOUCHER-20261010-01326,2026-10-11T00:59:09,3020,Equity:Members:SCMA-MEM-0001,0.00,30.53,Waterfall Settlement Sweep - SCMA-MEM-0001 (HMAC: AUTHENTICATE...)
VOUCHER-20261010-01327,2026-10-11T00:59:09,1010,Assets:Bank:PenFed FBO Operating Cash,35.67,0.00,Waterfall Settlement Sweep - SCMA-FOUNDER (HMAC: AUTHENTICATE...)
VOUCHER-20261010-01327,2026-10-11T00:59:09,3010,Equity:Members:SCMA-FOUNDER,0.00,35.67,Waterfall Settlement Sweep - SCMA-FOUNDER (HMAC: AUTHENTICATE...)
VOUCHER-20261010-01328,2026-10-11T00:59:09,1010,Assets:Bank:PenFed FBO Operating Cash,30.53,0.00,Waterfall Settlement Sweep - SCMA-MEM-0001 (HMAC: AUTHENTICATE...)
VOUCHER-20261010-01328,2026-10-11T00:59:09,3020,Equity:Members:SCMA-MEM-0001,0.00,30.53,Waterfall Settlement Sweep - SCMA-MEM-0001 (HMAC: AUTHENTICATE...)
VOUCHER-20261010-01329,2026-10-11T00:59:09,1010,Assets:Bank:PenFed FBO Operating Cash,35.67,0.00,Waterfall Settlement Sweep - SCMA-FOUNDER (HMAC: AUTHENTICATE...)
VOUCHER-20261010-01329,2026-10-11T00:59:09,3010,Equity:Members:SCMA-FOUNDER,0.00,35.67,Waterfall Settlement Sweep - SCMA-FOUNDER (HMAC: AUTHENTICATE...)
VOUCHER-20261010-01330,2026-10-11T00:59:09,1010,Assets:Bank:PenFed FBO Operating Cash,30.53,0.00,Waterfall Settlement Sweep - SCMA-MEM-0001 (HMAC: AUTHENTICATE...)
VOUCHER-20261010-01330,2026-10-11T00:59:09,3020,Equity:Members:SCMA-MEM-0001,0.00,30.53,Waterfall Settlement Sweep - SCMA-MEM-0001 (HMAC: AUTHENTICATE...)
VOUCHER-20261010-01331,2026-10-11T00:59:09,1010,Assets:Bank:PenFed FBO Operating Cash,35.67,0.00,Waterfall Settlement Sweep - SCMA-FOUNDER (HMAC: AUTHENTICATE...)
VOUCHER-20261010-01331,2026-10-11T00:59:09,3010,Equity:Members:SCMA-FOUNDER,0.00,35.67,Waterfall Settlement Sweep - SCMA-FOUNDER (HMAC: AUTHENTICATE...)
VOUCHER-20261010-01332,2026-10-11T00:59:09,1010,Assets:Bank:PenFed FBO Operating Cash,30.53,0.00,Waterfall Settlement Sweep - SCMA-MEM-0001 (HMAC: AUTHENTICATE...)
VOUCHER-20261010-01332,2026-10-11T00:59:09,3020,Equity:Members:SCMA-MEM-0001,0.00,30.53,Waterfall Settlement Sweep - SCMA-MEM-0001 (HMAC: AUTHENTICATE...)
VOUCHER-20261010-01333,2026-10-11T00:59:09,1010,Assets:Bank:PenFed FBO Operating Cash,35.67,0.00,Waterfall Settlement Sweep - SCMA-FOUNDER (HMAC: AUTHENTICATE...)
VOUCHER-20261010-01333,2026-10-11T00:59:09,3010,Equity:Members:SCMA-FOUNDER,0.00,35.67,Waterfall Settlement Sweep - SCMA-FOUNDER (HMAC: AUTHENTICATE...)
VOUCHER-20261010-01334,2026-10-11T00:59:09,1010,Assets:Bank:PenFed FBO Operating Cash,30.53,0.00,Waterfall Settlement Sweep - SCMA-MEM-0001 (HMAC: AUTHENTICATE...)
VOUCHER-20261010-01334,2026-10-11T00:59:09,3020,Equity:Members:SCMA-MEM-0001,0.00,30.53,Waterfall Settlement Sweep - SCMA-MEM-0001 (HMAC: AUTHENTICATE...)
VOUCHER-20261010-01335,2026-10-11T00:59:09,1010,Assets:Bank:PenFed FBO Operating Cash,35.67,0.00,Waterfall Settlement Sweep - SCMA-FOUNDER (HMAC: AUTHENTICATE...)
VOUCHER-20261010-01335,2026-10-11T00:59:09,3010,Equity:Members:SCMA-FOUNDER,0.00,35.67,Waterfall Settlement Sweep - SCMA-FOUNDER (HMAC: AUTHENTICATE...)
VOUCHER-20261010-01336,2026-10-11T00:59:09,1010,Assets:Bank:PenFed FBO Operating Cash,30.53,0.00,Waterfall Settlement Sweep - SCMA-MEM-0001 (HMAC: AUTHENTICATE...)
VOUCHER-20261010-01336,2026-10-11T00:59:09,3020,Equity:Members:SCMA-MEM-0001,0.00,30.53,Waterfall Settlement Sweep - SCMA-MEM-0001 (HMAC: AUTHENTICATE...)
VOUCHER-20261010-01337,2026-10-11T00:59:09,1010,Assets:Bank:PenFed FBO Operating Cash,35.67,0.00,Waterfall Settlement Sweep - SCMA-FOUNDER (HMAC: AUTHENTICATE...)
VOUCHER-20261010-01337,2026-10-11T00:59:09,3010,Equity:Members:SCMA-FOUNDER,0.00,35.67,Waterfall Settlement Sweep - SCMA-FOUNDER (HMAC: AUTHENTICATE...)
VOUCHER-20261010-01338,2026-10-11T00:59:09,1010,Assets:Bank:PenFed FBO Operating Cash,30.53,0.00,Waterfall Settlement Sweep - SCMA-MEM-0001 (HMAC: AUTHENTICATE...)
VOUCHER-20261010-01338,2026-10-11T00:59:09,3020,Equity:Members:SCMA-MEM-0001,0.00,30.53,Waterfall Settlement Sweep - SCMA-MEM-0001 (HMAC: AUTHENTICATE...)
VOUCHER-20261010-01339,2026-10-11T00:59:09,1010,Assets:Bank:PenFed FBO Operating Cash,35.67,0.00,Waterfall Settlement Sweep - SCMA-FOUNDER (HMAC: AUTHENTICATE...)
VOUCHER-20261010-01339,2026-10-11T00:59:09,3010,Equity:Members:SCMA-FOUNDER,0.00,35.67,Waterfall Settlement Sweep - SCMA-FOUNDER (HMAC: AUTHENTICATE...)
VOUCHER-20261010-01340,2026-10-11T00:59:09,1010,Assets:Bank:PenFed FBO Operating Cash,30.53,0.00,Waterfall Settlement Sweep - SCMA-MEM-0001 (HMAC: AUTHENTICATE...)
VOUCHER-20261010-01340,2026-10-11T00:59:09,3020,Equity:Members:SCMA-MEM-0001,0.00,30.53,Waterfall Settlement Sweep - SCMA-MEM-0001 (HMAC: AUTHENTICATE...)
VOUCHER-20261010-01341,2026-10-11T00:59:09,1010,Assets:Bank:PenFed FBO Operating Cash,35.67,0.00,Waterfall Settlement Sweep - SCMA-FOUNDER (HMAC: AUTHENTICATE...)
VOUCHER-20261010-01341,2026-10-11T00:59:09,3010,Equity:Members:SCMA-FOUNDER,0.00,35.67,Waterfall Settlement Sweep - SCMA-FOUNDER (HMAC: AUTHENTICATE...)
VOUCHER-20261010-01342,2026-10-11T00:59:09,1010,Assets:Bank:PenFed FBO Operating Cash,30.53,0.00,Waterfall Settlement Sweep - SCMA-MEM-0001 (HMAC: AUTHENTICATE...)
VOUCHER-20261010-01342,2026-10-11T00:59:09,3020,Equity:Members:SCMA-MEM-0001,0.00,30.53,Waterfall Settlement Sweep - SCMA-MEM-0001 (HMAC: AUTHENTICATE...)
VOUCHER-20261010-01343,2026-10-11T00:59:09,1010,Assets:Bank:PenFed FBO Operating Cash,35.67,0.00,Waterfall Settlement Sweep - SCMA-FOUNDER (HMAC: AUTHENTICATE...)
VOUCHER-20261010-01343,2026-10-11T00:59:09,3010,Equity:Members:SCMA-FOUNDER,0.00,35.67,Waterfall Settlement Sweep - SCMA-FOUNDER (HMAC: AUTHENTICATE...)
VOUCHER-20261010-01344,2026-10-11T00:59:09,1010,Assets:Bank:PenFed FBO Operating Cash,30.53,0.00,Waterfall Settlement Sweep - SCMA-MEM-0001 (HMAC: AUTHENTICATE...)
VOUCHER-20261010-01344,2026-10-11T00:59:09,3020,Equity:Members:SCMA-MEM-0001,0.00,30.53,Waterfall Settlement Sweep - SCMA-MEM-0001 (HMAC: AUTHENTICATE...)
VOUCHER-20261010-01345,2026-10-11T00:59:09,1010,Assets:Bank:PenFed FBO Operating Cash,35.67,0.00,Waterfall Settlement Sweep - SCMA-FOUNDER (HMAC: AUTHENTICATE...)
VOUCHER-20261010-01345,2026-10-11T00:59:09,3010,Equity:Members:SCMA-FOUNDER,0.00,35.67,Waterfall Settlement Sweep - SCMA-FOUNDER (HMAC: AUTHENTICATE...)
VOUCHER-20261010-01346,2026-10-11T00:59:09,1010,Assets:Bank:PenFed FBO Operating Cash,30.53,0.00,Waterfall Settlement Sweep - SCMA-MEM-0001 (HMAC: AUTHENTICATE...)
VOUCHER-20261010-01346,2026-10-11T00:59:09,3020,Equity:Members:SCMA-MEM-0001,0.00,30.53,Waterfall Settlement Sweep - SCMA-MEM-0001 (HMAC: AUTHENTICATE...)
VOUCHER-20261010-01347,2026-10-11T00:59:09,1010,Assets:Bank:PenFed FBO Operating Cash,35.67,0.00,Waterfall Settlement Sweep - SCMA-FOUNDER (HMAC: AUTHENTICATE...)
VOUCHER-20261010-01347,2026-10-11T00:59:09,3010,Equity:Members:SCMA-FOUNDER,0.00,35.67,Waterfall Settlement Sweep - SCMA-FOUNDER (HMAC: AUTHENTICATE...)
VOUCHER-20261010-01348,2026-10-11T00:59:09,1010,Assets:Bank:PenFed FBO Operating Cash,30.53,0.00,Waterfall Settlement Sweep - SCMA-MEM-0001 (HMAC: AUTHENTICATE...)
VOUCHER-20261010-01348,2026-10-11T00:59:09,3020,Equity:Members:SCMA-MEM-0001,0.00,30.53,Waterfall Settlement Sweep - SCMA-MEM-0001 (HMAC: AUTHENTICATE...)
VOUCHER-20261010-01349,2026-10-11T00:59:09,1010,Assets:Bank:PenFed FBO Operating Cash,35.67,0.00,Waterfall Settlement Sweep - SCMA-FOUNDER (HMAC: AUTHENTICATE...)
VOUCHER-20261010-01349,2026-10-11T00:59:09,3010,Equity:Members:SCMA-FOUNDER,0.00,35.67,Waterfall Settlement Sweep - SCMA-FOUNDER (HMAC: AUTHENTICATE...)
VOUCHER-20261010-01350,2026-10-11T00:59:09,1010,Assets:Bank:PenFed FBO Operating Cash,30.53,0.00,Waterfall Settlement Sweep - SCMA-MEM-0001 (HMAC: AUTHENTICATE...)
VOUCHER-20261010-01350,2026-10-11T00:59:09,3020,Equity:Members:SCMA-MEM-0001,0.00,30.53,Waterfall Settlement Sweep - SCMA-MEM-0001 (HMAC: AUTHENTICATE...)
VOUCHER-20261010-01351,2026-10-11T00:59:09,1010,Assets:Bank:PenFed FBO Operating Cash,35.67,0.00,Waterfall Settlement Sweep - SCMA-FOUNDER (HMAC: AUTHENTICATE...)
VOUCHER-20261010-01351,2026-10-11T00:59:09,3010,Equity:Members:SCMA-FOUNDER,0.00,35.67,Waterfall Settlement Sweep - SCMA-FOUNDER (HMAC: AUTHENTICATE...)
VOUCHER-20261010-01352,2026-10-11T00:59:09,1010,Assets:Bank:PenFed FBO Operating Cash,30.53,0.00,Waterfall Settlement Sweep - SCMA-MEM-0001 (HMAC: AUTHENTICATE...)
VOUCHER-20261010-01352,2026-10-11T00:59:09,3020,Equity:Members:SCMA-MEM-0001,0.00,30.53,Waterfall Settlement Sweep - SCMA-MEM-0001 (HMAC: AUTHENTICATE...)
VOUCHER-20261010-01353,2026-10-11T00:59:09,1010,Assets:Bank:PenFed FBO Operating Cash,35.67,0.00,Waterfall Settlement Sweep - SCMA-FOUNDER (HMAC: AUTHENTICATE...)
VOUCHER-20261010-01353,2026-10-11T00:59:09,3010,Equity:Members:SCMA-FOUNDER,0.00,35.67,Waterfall Settlement Sweep - SCMA-FOUNDER (HMAC: AUTHENTICATE...)
VOUCHER-20261010-01354,2026-10-11T00:59:09,1010,Assets:Bank:PenFed FBO Operating Cash,30.53,0.00,Waterfall Settlement Sweep - SCMA-MEM-0001 (HMAC: AUTHENTICATE...)
VOUCHER-20261010-01354,2026-10-11T00:59:09,3020,Equity:Members:SCMA-MEM-0001,0.00,30.53,Waterfall Settlement Sweep - SCMA-MEM-0001 (HMAC: AUTHENTICATE...)
VOUCHER-20261010-01355,2026-10-11T00:59:09,1010,Assets:Bank:PenFed FBO Operating Cash,35.67,0.00,Waterfall Settlement Sweep - SCMA-FOUNDER (HMAC: AUTHENTICATE...)
VOUCHER-20261010-01355,2026-10-11T00:59:09,3010,Equity:Members:SCMA-FOUNDER,0.00,35.67,Waterfall Settlement Sweep - SCMA-FOUNDER (HMAC: AUTHENTICATE...)
VOUCHER-20261010-01356,2026-10-11T00:59:09,1010,Assets:Bank:PenFed FBO Operating Cash,30.53,0.00,Waterfall Settlement Sweep - SCMA-MEM-0001 (HMAC: AUTHENTICATE...)
VOUCHER-20261010-01356,2026-10-11T00:59:09,3020,Equity:Members:SCMA-MEM-0001,0.00,30.53,Waterfall Settlement Sweep - SCMA-MEM-0001 (HMAC: AUTHENTICATE...)
VOUCHER-20261010-01357,2026-10-11T00:59:09,1010,Assets:Bank:PenFed FBO Operating Cash,35.67,0.00,Waterfall Settlement Sweep - SCMA-FOUNDER (HMAC: AUTHENTICATE...)
VOUCHER-20261010-01357,2026-10-11T00:59:09,3010,Equity:Members:SCMA-FOUNDER,0.00,35.67,Waterfall Settlement Sweep - SCMA-FOUNDER (HMAC: AUTHENTICATE...)
VOUCHER-20261010-01358,2026-10-11T00:59:09,1010,Assets:Bank:PenFed FBO Operating Cash,30.53,0.00,Waterfall Settlement Sweep - SCMA-MEM-0001 (HMAC: AUTHENTICATE...)
VOUCHER-20261010-01358,2026-10-11T00:59:09,3020,Equity:Members:SCMA-MEM-0001,0.00,30.53,Waterfall Settlement Sweep - SCMA-MEM-0001 (HMAC: AUTHENTICATE...)
VOUCHER-20261010-01359,2026-10-11T00:59:09,1010,Assets:Bank:PenFed FBO Operating Cash,35.67,0.00,Waterfall Settlement Sweep - SCMA-FOUNDER (HMAC: AUTHENTICATE...)
VOUCHER-20261010-01359,2026-10-11T00:59:09,3010,Equity:Members:SCMA-FOUNDER,0.00,35.67,Waterfall Settlement Sweep - SCMA-FOUNDER (HMAC: AUTHENTICATE...)
VOUCHER-20261010-01360,2026-10-11T00:59:09,1010,Assets:Bank:PenFed FBO Operating Cash,30.53,0.00,Waterfall Settlement Sweep - SCMA-MEM-0001 (HMAC: AUTHENTICATE...)
VOUCHER-20261010-01360,2026-10-11T00:59:09,3020,Equity:Members:SCMA-MEM-0001,0.00,30.53,Waterfall Settlement Sweep - SCMA-MEM-0001 (HMAC: AUTHENTICATE...)
VOUCHER-20261010-01361,2026-10-11T00:59:09,1010,Assets:Bank:PenFed FBO Operating Cash,35.67,0.00,Waterfall Settlement Sweep - SCMA-FOUNDER (HMAC: AUTHENTICATE...)
VOUCHER-20261010-01361,2026-10-11T00:59:09,3010,Equity:Members:SCMA-FOUNDER,0.00,35.67,Waterfall Settlement Sweep - SCMA-FOUNDER (HMAC: AUTHENTICATE...)
VOUCHER-20261010-01362,2026-10-11T00:59:09,1010,Assets:Bank:PenFed FBO Operating Cash,30.53,0.00,Waterfall Settlement Sweep - SCMA-MEM-0001 (HMAC: AUTHENTICATE...)
VOUCHER-20261010-01362,2026-10-11T00:59:09,3020,Equity:Members:SCMA-MEM-0001,0.00,30.53,Waterfall Settlement Sweep - SCMA-MEM-0001 (HMAC: AUTHENTICATE...)
VOUCHER-20261010-01363,2026-10-11T00:59:09,1010,Assets:Bank:PenFed FBO Operating Cash,35.67,0.00,Waterfall Settlement Sweep - SCMA-FOUNDER (HMAC: AUTHENTICATE...)
VOUCHER-20261010-01363,2026-10-11T00:59:09,3010,Equity:Members:SCMA-FOUNDER,0.00,35.67,Waterfall Settlement Sweep - SCMA-FOUNDER (HMAC: AUTHENTICATE...)
VOUCHER-20261010-01364,2026-10-11T00:59:09,1010,Assets:Bank:PenFed FBO Operating Cash,30.53,0.00,Waterfall Settlement Sweep - SCMA-MEM-0001 (HMAC: AUTHENTICATE...)
VOUCHER-20261010-01364,2026-10-11T00:59:09,3020,Equity:Members:SCMA-MEM-0001,0.00,30.53,Waterfall Settlement Sweep - SCMA-MEM-0001 (HMAC: AUTHENTICATE...)
VOUCHER-20261010-01365,2026-10-11T00:59:09,1010,Assets:Bank:PenFed FBO Operating Cash,35.67,0.00,Waterfall Settlement Sweep - SCMA-FOUNDER (HMAC: AUTHENTICATE...)
VOUCHER-20261010-01365,2026-10-11T00:59:09,3010,Equity:Members:SCMA-FOUNDER,0.00,35.67,Waterfall Settlement Sweep - SCMA-FOUNDER (HMAC: AUTHENTICATE...)
VOUCHER-20261010-01366,2026-10-11T00:59:09,1010,Assets:Bank:PenFed FBO Operating Cash,30.53,0.00,Waterfall Settlement Sweep - SCMA-MEM-0001 (HMAC: AUTHENTICATE...)
VOUCHER-20261010-01366,2026-10-11T00:59:09,3020,Equity:Members:SCMA-MEM-0001,0.00,30.53,Waterfall Settlement Sweep - SCMA-MEM-0001 (HMAC: AUTHENTICATE...)
VOUCHER-20261010-01367,2026-10-11T00:59:09,1010,Assets:Bank:PenFed FBO Operating Cash,35.67,0.00,Waterfall Settlement Sweep - SCMA-FOUNDER (HMAC: AUTHENTICATE...)
VOUCHER-20261010-01367,2026-10-11T00:59:09,3010,Equity:Members:SCMA-FOUNDER,0.00,35.67,Waterfall Settlement Sweep - SCMA-FOUNDER (HMAC: AUTHENTICATE...)
VOUCHER-20261010-01368,2026-10-11T00:59:09,1010,Assets:Bank:PenFed FBO Operating Cash,30.53,0.00,Waterfall Settlement Sweep - SCMA-MEM-0001 (HMAC: AUTHENTICATE...)
VOUCHER-20261010-01368,2026-10-11T00:59:09,3020,Equity:Members:SCMA-MEM-0001,0.00,30.53,Waterfall Settlement Sweep - SCMA-MEM-0001 (HMAC: AUTHENTICATE...)
VOUCHER-20261010-01369,2026-10-11T00:59:09,1010,Assets:Bank:PenFed FBO Operating Cash,35.67,0.00,Waterfall Settlement Sweep - SCMA-FOUNDER (HMAC: AUTHENTICATE...)
VOUCHER-20261010-01369,2026-10-11T00:59:09,3010,Equity:Members:SCMA-FOUNDER,0.00,35.67,Waterfall Settlement Sweep - SCMA-FOUNDER (HMAC: AUTHENTICATE...)
VOUCHER-20261010-01370,2026-10-11T00:59:09,1010,Assets:Bank:PenFed FBO Operating Cash,30.53,0.00,Waterfall Settlement Sweep - SCMA-MEM-0001 (HMAC: AUTHENTICATE...)
VOUCHER-20261010-01370,2026-10-11T00:59:09,3020,Equity:Members:SCMA-MEM-0001,0.00,30.53,Waterfall Settlement Sweep - SCMA-MEM-0001 (HMAC: AUTHENTICATE...)
VOUCHER-20261010-01371,2026-10-11T00:59:09,1010,Assets:Bank:PenFed FBO Operating Cash,35.67,0.00,Waterfall Settlement Sweep - SCMA-FOUNDER (HMAC: AUTHENTICATE...)
VOUCHER-20261010-01371,2026-10-11T00:59:09,3010,Equity:Members:SCMA-FOUNDER,0.00,35.67,Waterfall Settlement Sweep - SCMA-FOUNDER (HMAC: AUTHENTICATE...)
VOUCHER-20261010-01372,2026-10-11T00:59:09,1010,Assets:Bank:PenFed FBO Operating Cash,30.53,0.00,Waterfall Settlement Sweep - SCMA-MEM-0001 (HMAC: AUTHENTICATE...)
VOUCHER-20261010-01372,2026-10-11T00:59:09,3020,Equity:Members:SCMA-MEM-0001,0.00,30.53,Waterfall Settlement Sweep - SCMA-MEM-0001 (HMAC: AUTHENTICATE...)
VOUCHER-20261010-01373,2026-10-11T00:59:09,1010,Assets:Bank:PenFed FBO Operating Cash,35.67,0.00,Waterfall Settlement Sweep - SCMA-FOUNDER (HMAC: AUTHENTICATE...)
VOUCHER-20261010-01373,2026-10-11T00:59:09,3010,Equity:Members:SCMA-FOUNDER,0.00,35.67,Waterfall Settlement Sweep - SCMA-FOUNDER (HMAC: AUTHENTICATE...)
VOUCHER-20261010-01374,2026-10-11T00:59:09,1010,Assets:Bank:PenFed FBO Operating Cash,30.53,0.00,Waterfall Settlement Sweep - SCMA-MEM-0001 (HMAC: AUTHENTICATE...)
VOUCHER-20261010-01374,2026-10-11T00:59:09,3020,Equity:Members:SCMA-MEM-0001,0.00,30.53,Waterfall Settlement Sweep - SCMA-MEM-0001 (HMAC: AUTHENTICATE...)
VOUCHER-20261010-01375,2026-10-11T00:59:09,1010,Assets:Bank:PenFed FBO Operating Cash,35.67,0.00,Waterfall Settlement Sweep - SCMA-FOUNDER (HMAC: AUTHENTICATE...)
VOUCHER-20261010-01375,2026-10-11T00:59:09,3010,Equity:Members:SCMA-FOUNDER,0.00,35.67,Waterfall Settlement Sweep - SCMA-FOUNDER (HMAC: AUTHENTICATE...)
VOUCHER-20261010-01376,2026-10-11T00:59:09,1010,Assets:Bank:PenFed FBO Operating Cash,30.53,0.00,Waterfall Settlement Sweep - SCMA-MEM-0001 (HMAC: AUTHENTICATE...)
VOUCHER-20261010-01376,2026-10-11T00:59:09,3020,Equity:Members:SCMA-MEM-0001,0.00,30.53,Waterfall Settlement Sweep - SCMA-MEM-0001 (HMAC: AUTHENTICATE...)
VOUCHER-20261010-01377,2026-10-11T00:59:09,1010,Assets:Bank:PenFed FBO Operating Cash,35.67,0.00,Waterfall Settlement Sweep - SCMA-FOUNDER (HMAC: AUTHENTICATE...)
VOUCHER-20261010-01377,2026-10-11T00:59:09,3010,Equity:Members:SCMA-FOUNDER,0.00,35.67,Waterfall Settlement Sweep - SCMA-FOUNDER (HMAC: AUTHENTICATE...)
VOUCHER-20261010-01378,2026-10-11T00:59:09,1010,Assets:Bank:PenFed FBO Operating Cash,30.53,0.00,Waterfall Settlement Sweep - SCMA-MEM-0001 (HMAC: AUTHENTICATE...)
VOUCHER-20261010-01378,2026-10-11T00:59:09,3020,Equity:Members:SCMA-MEM-0001,0.00,30.53,Waterfall Settlement Sweep - SCMA-MEM-0001 (HMAC: AUTHENTICATE...)
VOUCHER-20261010-01379,2026-10-11T00:59:09,1010,Assets:Bank:PenFed FBO Operating Cash,35.67,0.00,Waterfall Settlement Sweep - SCMA-FOUNDER (HMAC: AUTHENTICATE...)
VOUCHER-20261010-01379,2026-10-11T00:59:09,3010,Equity:Members:SCMA-FOUNDER,0.00,35.67,Waterfall Settlement Sweep - SCMA-FOUNDER (HMAC: AUTHENTICATE...)
VOUCHER-20261010-01380,2026-10-11T00:59:09,1010,Assets:Bank:PenFed FBO Operating Cash,30.53,0.00,Waterfall Settlement Sweep - SCMA-MEM-0001 (HMAC: AUTHENTICATE...)
VOUCHER-20261010-01380,2026-10-11T00:59:09,3020,Equity:Members:SCMA-MEM-0001,0.00,30.53,Waterfall Settlement Sweep - SCMA-MEM-0001 (HMAC: AUTHENTICATE...)
VOUCHER-20261010-01381,2026-10-11T00:59:09,1010,Assets:Bank:PenFed FBO Operating Cash,35.67,0.00,Waterfall Settlement Sweep - SCMA-FOUNDER (HMAC: AUTHENTICATE...)
VOUCHER-20261010-01381,2026-10-11T00:59:09,3010,Equity:Members:SCMA-FOUNDER,0.00,35.67,Waterfall Settlement Sweep - SCMA-FOUNDER (HMAC: AUTHENTICATE...)
VOUCHER-20261010-01382,2026-10-11T00:59:09,1010,Assets:Bank:PenFed FBO Operating Cash,30.53,0.00,Waterfall Settlement Sweep - SCMA-MEM-0001 (HMAC: AUTHENTICATE...)
VOUCHER-20261010-01382,2026-10-11T00:59:09,3020,Equity:Members:SCMA-MEM-0001,0.00,30.53,Waterfall Settlement Sweep - SCMA-MEM-0001 (HMAC: AUTHENTICATE...)
VOUCHER-20261010-01383,2026-10-11T00:59:09,1010,Assets:Bank:PenFed FBO Operating Cash,35.67,0.00,Waterfall Settlement Sweep - SCMA-FOUNDER (HMAC: AUTHENTICATE...)
VOUCHER-20261010-01383,2026-10-11T00:59:09,3010,Equity:Members:SCMA-FOUNDER,0.00,35.67,Waterfall Settlement Sweep - SCMA-FOUNDER (HMAC: AUTHENTICATE...)
VOUCHER-20261010-01384,2026-10-11T00:59:09,1010,Assets:Bank:PenFed FBO Operating Cash,30.53,0.00,Waterfall Settlement Sweep - SCMA-MEM-0001 (HMAC: AUTHENTICATE...)
VOUCHER-20261010-01384,2026-10-11T00:59:09,3020,Equity:Members:SCMA-MEM-0001,0.00,30.53,Waterfall Settlement Sweep - SCMA-MEM-0001 (HMAC: AUTHENTICATE...)
VOUCHER-20261010-01385,2026-10-11T00:59:09,1010,Assets:Bank:PenFed FBO Operating Cash,35.67,0.00,Waterfall Settlement Sweep - SCMA-FOUNDER (HMAC: AUTHENTICATE...)
VOUCHER-20261010-01385,2026-10-11T00:59:09,3010,Equity:Members:SCMA-FOUNDER,0.00,35.67,Waterfall Settlement Sweep - SCMA-FOUNDER (HMAC: AUTHENTICATE...)
VOUCHER-20261010-01386,2026-10-11T00:59:09,1010,Assets:Bank:PenFed FBO Operating Cash,30.53,0.00,Waterfall Settlement Sweep - SCMA-MEM-0001 (HMAC: AUTHENTICATE...)
VOUCHER-20261010-01386,2026-10-11T00:59:09,3020,Equity:Members:SCMA-MEM-0001,0.00,30.53,Waterfall Settlement Sweep - SCMA-MEM-0001 (HMAC: AUTHENTICATE...)
VOUCHER-20261010-01387,2026-10-11T00:59:09,1010,Assets:Bank:PenFed FBO Operating Cash,35.67,0.00,Waterfall Settlement Sweep - SCMA-FOUNDER (HMAC: AUTHENTICATE...)
VOUCHER-20261010-01387,2026-10-11T00:59:09,3010,Equity:Members:SCMA-FOUNDER,0.00,35.67,Waterfall Settlement Sweep - SCMA-FOUNDER (HMAC: AUTHENTICATE...)
VOUCHER-20261010-01388,2026-10-11T00:59:09,1010,Assets:Bank:PenFed FBO Operating Cash,30.53,0.00,Waterfall Settlement Sweep - SCMA-MEM-0001 (HMAC: AUTHENTICATE...)
VOUCHER-20261010-01388,2026-10-11T00:59:09,3020,Equity:Members:SCMA-MEM-0001,0.00,30.53,Waterfall Settlement Sweep - SCMA-MEM-0001 (HMAC: AUTHENTICATE...)
VOUCHER-20261010-01389,2026-10-11T00:59:09,1010,Assets:Bank:PenFed FBO Operating Cash,35.67,0.00,Waterfall Settlement Sweep - SCMA-FOUNDER (HMAC: AUTHENTICATE...)
VOUCHER-20261010-01389,2026-10-11T00:59:09,3010,Equity:Members:SCMA-FOUNDER,0.00,35.67,Waterfall Settlement Sweep - SCMA-FOUNDER (HMAC: AUTHENTICATE...)
VOUCHER-20261010-01390,2026-10-11T00:59:09,1010,Assets:Bank:PenFed FBO Operating Cash,30.53,0.00,Waterfall Settlement Sweep - SCMA-MEM-0001 (HMAC: AUTHENTICATE...)
VOUCHER-20261010-01390,2026-10-11T00:59:09,3020,Equity:Members:SCMA-MEM-0001,0.00,30.53,Waterfall Settlement Sweep - SCMA-MEM-0001 (HMAC: AUTHENTICATE...)
VOUCHER-20261010-01391,2026-10-11T00:59:09,1010,Assets:Bank:PenFed FBO Operating Cash,35.67,0.00,Waterfall Settlement Sweep - SCMA-FOUNDER (HMAC: AUTHENTICATE...)
VOUCHER-20261010-01391,2026-10-11T00:59:09,3010,Equity:Members:SCMA-FOUNDER,0.00,35.67,Waterfall Settlement Sweep - SCMA-FOUNDER (HMAC: AUTHENTICATE...)
VOUCHER-20261010-01392,2026-10-11T00:59:09,1010,Assets:Bank:PenFed FBO Operating Cash,30.53,0.00,Waterfall Settlement Sweep - SCMA-MEM-0001 (HMAC: AUTHENTICATE...)
VOUCHER-20261010-01392,2026-10-11T00:59:09,3020,Equity:Members:SCMA-MEM-0001,0.00,30.53,Waterfall Settlement Sweep - SCMA-MEM-0001 (HMAC: AUTHENTICATE...)
VOUCHER-20261010-01393,2026-10-11T00:59:09,1010,Assets:Bank:PenFed FBO Operating Cash,35.67,0.00,Waterfall Settlement Sweep - SCMA-FOUNDER (HMAC: AUTHENTICATE...)
VOUCHER-20261010-01393,2026-10-11T00:59:09,3010,Equity:Members:SCMA-FOUNDER,0.00,35.67,Waterfall Settlement Sweep - SCMA-FOUNDER (HMAC: AUTHENTICATE...)
VOUCHER-20261010-01394,2026-10-11T00:59:09,1010,Assets:Bank:PenFed FBO Operating Cash,30.53,0.00,Waterfall Settlement Sweep - SCMA-MEM-0001 (HMAC: AUTHENTICATE...)
VOUCHER-20261010-01394,2026-10-11T00:59:09,3020,Equity:Members:SCMA-MEM-0001,0.00,30.53,Waterfall Settlement Sweep - SCMA-MEM-0001 (HMAC: AUTHENTICATE...)
VOUCHER-20261010-01395,2026-10-11T00:59:09,1010,Assets:Bank:PenFed FBO Operating Cash,35.67,0.00,Waterfall Settlement Sweep - SCMA-FOUNDER (HMAC: AUTHENTICATE...)
VOUCHER-20261010-01395,2026-10-11T00:59:09,3010,Equity:Members:SCMA-FOUNDER,0.00,35.67,Waterfall Settlement Sweep - SCMA-FOUNDER (HMAC: AUTHENTICATE...)
VOUCHER-20261010-01396,2026-10-11T00:59:09,1010,Assets:Bank:PenFed FBO Operating Cash,30.53,0.00,Waterfall Settlement Sweep - SCMA-MEM-0001 (HMAC: AUTHENTICATE...)
VOUCHER-20261010-01396,2026-10-11T00:59:09,3020,Equity:Members:SCMA-MEM-0001,0.00,30.53,Waterfall Settlement Sweep - SCMA-MEM-0001 (HMAC: AUTHENTICATE...)
VOUCHER-20261010-01397,2026-10-11T00:59:09,1010,Assets:Bank:PenFed FBO Operating Cash,35.67,0.00,Waterfall Settlement Sweep - SCMA-FOUNDER (HMAC: AUTHENTICATE...)
VOUCHER-20261010-01397,2026-10-11T00:59:09,3010,Equity:Members:SCMA-FOUNDER,0.00,35.67,Waterfall Settlement Sweep - SCMA-FOUNDER (HMAC: AUTHENTICATE...)
VOUCHER-20261010-01398,2026-10-11T00:59:09,1010,Assets:Bank:PenFed FBO Operating Cash,30.53,0.00,Waterfall Settlement Sweep - SCMA-MEM-0001 (HMAC: AUTHENTICATE...)
VOUCHER-20261010-01398,2026-10-11T00:59:09,3020,Equity:Members:SCMA-MEM-0001,0.00,30.53,Waterfall Settlement Sweep - SCMA-MEM-0001 (HMAC: AUTHENTICATE...)
VOUCHER-20261010-01399,2026-10-11T00:59:09,1010,Assets:Bank:PenFed FBO Operating Cash,35.67,0.00,Waterfall Settlement Sweep - SCMA-FOUNDER (HMAC: AUTHENTICATE...)
VOUCHER-20261010-01399,2026-10-11T00:59:09,3010,Equity:Members:SCMA-FOUNDER,0.00,35.67,Waterfall Settlement Sweep - SCMA-FOUNDER (HMAC: AUTHENTICATE...)
VOUCHER-20261010-01400,2026-10-11T00:59:09,1010,Assets:Bank:PenFed FBO Operating Cash,30.53,0.00,Waterfall Settlement Sweep - SCMA-MEM-0001 (HMAC: AUTHENTICATE...)
VOUCHER-20261010-01400,2026-10-11T00:59:09,3020,Equity:Members:SCMA-MEM-0001,0.00,30.53,Waterfall Settlement Sweep - SCMA-MEM-0001 (HMAC: AUTHENTICATE...)
VOUCHER-20261010-01401,2026-10-11T00:59:09,1010,Assets:Bank:PenFed FBO Operating Cash,35.67,0.00,Waterfall Settlement Sweep - SCMA-FOUNDER (HMAC: AUTHENTICATE...)
VOUCHER-20261010-01401,2026-10-11T00:59:09,3010,Equity:Members:SCMA-FOUNDER,0.00,35.67,Waterfall Settlement Sweep - SCMA-FOUNDER (HMAC: AUTHENTICATE...)
VOUCHER-20261010-01402,2026-10-11T00:59:09,1010,Assets:Bank:PenFed FBO Operating Cash,30.53,0.00,Waterfall Settlement Sweep - SCMA-MEM-0001 (HMAC: AUTHENTICATE...)
VOUCHER-20261010-01402,2026-10-11T00:59:09,3020,Equity:Members:SCMA-MEM-0001,0.00,30.53,Waterfall Settlement Sweep - SCMA-MEM-0001 (HMAC: AUTHENTICATE...)
VOUCHER-20261010-01403,2026-10-11T00:59:09,1010,Assets:Bank:PenFed FBO Operating Cash,35.67,0.00,Waterfall Settlement Sweep - SCMA-FOUNDER (HMAC: AUTHENTICATE...)
VOUCHER-20261010-01403,2026-10-11T00:59:09,3010,Equity:Members:SCMA-FOUNDER,0.00,35.67,Waterfall Settlement Sweep - SCMA-FOUNDER (HMAC: AUTHENTICATE...)
VOUCHER-20261010-01404,2026-10-11T00:59:09,1010,Assets:Bank:PenFed FBO Operating Cash,30.53,0.00,Waterfall Settlement Sweep - SCMA-MEM-0001 (HMAC: AUTHENTICATE...)
VOUCHER-20261010-01404,2026-10-11T00:59:09,3020,Equity:Members:SCMA-MEM-0001,0.00,30.53,Waterfall Settlement Sweep - SCMA-MEM-0001 (HMAC: AUTHENTICATE...)
VOUCHER-20261010-01405,2026-10-11T00:59:09,1010,Assets:Bank:PenFed FBO Operating Cash,35.67,0.00,Waterfall Settlement Sweep - SCMA-FOUNDER (HMAC: AUTHENTICATE...)
VOUCHER-20261010-01405,2026-10-11T00:59:09,3010,Equity:Members:SCMA-FOUNDER,0.00,35.67,Waterfall Settlement Sweep - SCMA-FOUNDER (HMAC: AUTHENTICATE...)
VOUCHER-20261010-01406,2026-10-11T00:59:09,1010,Assets:Bank:PenFed FBO Operating Cash,30.53,0.00,Waterfall Settlement Sweep - SCMA-MEM-0001 (HMAC: AUTHENTICATE...)
VOUCHER-20261010-01406,2026-10-11T00:59:09,3020,Equity:Members:SCMA-MEM-0001,0.00,30.53,Waterfall Settlement Sweep - SCMA-MEM-0001 (HMAC: AUTHENTICATE...)
VOUCHER-20261010-01407,2026-10-11T00:59:09,1010,Assets:Bank:PenFed FBO Operating Cash,35.67,0.00,Waterfall Settlement Sweep - SCMA-FOUNDER (HMAC: AUTHENTICATE...)
VOUCHER-20261010-01407,2026-10-11T00:59:09,3010,Equity:Members:SCMA-FOUNDER,0.00,35.67,Waterfall Settlement Sweep - SCMA-FOUNDER (HMAC: AUTHENTICATE...)
VOUCHER-20261010-01408,2026-10-11T00:59:09,1010,Assets:Bank:PenFed FBO Operating Cash,30.53,0.00,Waterfall Settlement Sweep - SCMA-MEM-0001 (HMAC: AUTHENTICATE...)
VOUCHER-20261010-01408,2026-10-11T00:59:09,3020,Equity:Members:SCMA-MEM-0001,0.00,30.53,Waterfall Settlement Sweep - SCMA-MEM-0001 (HMAC: AUTHENTICATE...)
VOUCHER-20261010-01409,2026-10-11T00:59:09,1010,Assets:Bank:PenFed FBO Operating Cash,35.67,0.00,Waterfall Settlement Sweep - SCMA-FOUNDER (HMAC: AUTHENTICATE...)
VOUCHER-20261010-01409,2026-10-11T00:59:09,3010,Equity:Members:SCMA-FOUNDER,0.00,35.67,Waterfall Settlement Sweep - SCMA-FOUNDER (HMAC: AUTHENTICATE...)
VOUCHER-20261010-01410,2026-10-11T00:59:09,1010,Assets:Bank:PenFed FBO Operating Cash,30.53,0.00,Waterfall Settlement Sweep - SCMA-MEM-0001 (HMAC: AUTHENTICATE...)
VOUCHER-20261010-01410,2026-10-11T00:59:09,3020,Equity:Members:SCMA-MEM-0001,0.00,30.53,Waterfall Settlement Sweep - SCMA-MEM-0001 (HMAC: AUTHENTICATE...)
VOUCHER-20261010-01411,2026-10-11T00:59:09,1010,Assets:Bank:PenFed FBO Operating Cash,35.67,0.00,Waterfall Settlement Sweep - SCMA-FOUNDER (HMAC: AUTHENTICATE...)
VOUCHER-20261010-01411,2026-10-11T00:59:09,3010,Equity:Members:SCMA-FOUNDER,0.00,35.67,Waterfall Settlement Sweep - SCMA-FOUNDER (HMAC: AUTHENTICATE...)
VOUCHER-20261010-01412,2026-10-11T00:59:09,1010,Assets:Bank:PenFed FBO Operating Cash,30.53,0.00,Waterfall Settlement Sweep - SCMA-MEM-0001 (HMAC: AUTHENTICATE...)
VOUCHER-20261010-01412,2026-10-11T00:59:09,3020,Equity:Members:SCMA-MEM-0001,0.00,30.53,Waterfall Settlement Sweep - SCMA-MEM-0001 (HMAC: AUTHENTICATE...)
VOUCHER-20261010-01413,2026-10-11T00:59:09,1010,Assets:Bank:PenFed FBO Operating Cash,35.67,0.00,Waterfall Settlement Sweep - SCMA-FOUNDER (HMAC: AUTHENTICATE...)
VOUCHER-20261010-01413,2026-10-11T00:59:09,3010,Equity:Members:SCMA-FOUNDER,0.00,35.67,Waterfall Settlement Sweep - SCMA-FOUNDER (HMAC: AUTHENTICATE...)
VOUCHER-20261010-01414,2026-10-11T00:59:09,1010,Assets:Bank:PenFed FBO Operating Cash,30.53,0.00,Waterfall Settlement Sweep - SCMA-MEM-0001 (HMAC: AUTHENTICATE...)
VOUCHER-20261010-01414,2026-10-11T00:59:09,3020,Equity:Members:SCMA-MEM-0001,0.00,30.53,Waterfall Settlement Sweep - SCMA-MEM-0001 (HMAC: AUTHENTICATE...)
VOUCHER-20261010-01415,2026-10-11T00:59:09,1010,Assets:Bank:PenFed FBO Operating Cash,35.67,0.00,Waterfall Settlement Sweep - SCMA-FOUNDER (HMAC: AUTHENTICATE...)
VOUCHER-20261010-01415,2026-10-11T00:59:09,3010,Equity:Members:SCMA-FOUNDER,0.00,35.67,Waterfall Settlement Sweep - SCMA-FOUNDER (HMAC: AUTHENTICATE...)
VOUCHER-20261010-01416,2026-10-11T00:59:09,1010,Assets:Bank:PenFed FBO Operating Cash,30.53,0.00,Waterfall Settlement Sweep - SCMA-MEM-0001 (HMAC: AUTHENTICATE...)
VOUCHER-20261010-01416,2026-10-11T00:59:09,3020,Equity:Members:SCMA-MEM-0001,0.00,30.53,Waterfall Settlement Sweep - SCMA-MEM-0001 (HMAC: AUTHENTICATE...)
VOUCHER-20261010-01417,2026-10-11T00:59:09,1010,Assets:Bank:PenFed FBO Operating Cash,35.67,0.00,Waterfall Settlement Sweep - SCMA-FOUNDER (HMAC: AUTHENTICATE...)
VOUCHER-20261010-01417,2026-10-11T00:59:09,3010,Equity:Members:SCMA-FOUNDER,0.00,35.67,Waterfall Settlement Sweep - SCMA-FOUNDER (HMAC: AUTHENTICATE...)
VOUCHER-20261010-01418,2026-10-11T00:59:09,1010,Assets:Bank:PenFed FBO Operating Cash,30.53,0.00,Waterfall Settlement Sweep - SCMA-MEM-0001 (HMAC: AUTHENTICATE...)
VOUCHER-20261010-01418,2026-10-11T00:59:09,3020,Equity:Members:SCMA-MEM-0001,0.00,30.53,Waterfall Settlement Sweep - SCMA-MEM-0001 (HMAC: AUTHENTICATE...)
VOUCHER-20261010-01419,2026-10-11T00:59:09,1010,Assets:Bank:PenFed FBO Operating Cash,35.67,0.00,Waterfall Settlement Sweep - SCMA-FOUNDER (HMAC: AUTHENTICATE...)
VOUCHER-20261010-01419,2026-10-11T00:59:09,3010,Equity:Members:SCMA-FOUNDER,0.00,35.67,Waterfall Settlement Sweep - SCMA-FOUNDER (HMAC: AUTHENTICATE...)
VOUCHER-20261010-01420,2026-10-11T00:59:09,1010,Assets:Bank:PenFed FBO Operating Cash,30.53,0.00,Waterfall Settlement Sweep - SCMA-MEM-0001 (HMAC: AUTHENTICATE...)
VOUCHER-20261010-01420,2026-10-11T00:59:09,3020,Equity:Members:SCMA-MEM-0001,0.00,30.53,Waterfall Settlement Sweep - SCMA-MEM-0001 (HMAC: AUTHENTICATE...)
VOUCHER-20261010-01421,2026-10-11T00:59:09,1010,Assets:Bank:PenFed FBO Operating Cash,35.67,0.00,Waterfall Settlement Sweep - SCMA-FOUNDER (HMAC: AUTHENTICATE...)
VOUCHER-20261010-01421,2026-10-11T00:59:09,3010,Equity:Members:SCMA-FOUNDER,0.00,35.67,Waterfall Settlement Sweep - SCMA-FOUNDER (HMAC: AUTHENTICATE...)
VOUCHER-20261010-01422,2026-10-11T00:59:09,1010,Assets:Bank:PenFed FBO Operating Cash,30.53,0.00,Waterfall Settlement Sweep - SCMA-MEM-0001 (HMAC: AUTHENTICATE...)
VOUCHER-20261010-01422,2026-10-11T00:59:09,3020,Equity:Members:SCMA-MEM-0001,0.00,30.53,Waterfall Settlement Sweep - SCMA-MEM-0001 (HMAC: AUTHENTICATE...)
VOUCHER-20261010-01423,2026-10-11T00:59:09,1010,Assets:Bank:PenFed FBO Operating Cash,35.67,0.00,Waterfall Settlement Sweep - SCMA-FOUNDER (HMAC: AUTHENTICATE...)
VOUCHER-20261010-01423,2026-10-11T00:59:09,3010,Equity:Members:SCMA-FOUNDER,0.00,35.67,Waterfall Settlement Sweep - SCMA-FOUNDER (HMAC: AUTHENTICATE...)
VOUCHER-20261010-01424,2026-10-11T00:59:09,1010,Assets:Bank:PenFed FBO Operating Cash,30.53,0.00,Waterfall Settlement Sweep - SCMA-MEM-0001 (HMAC: AUTHENTICATE...)
VOUCHER-20261010-01424,2026-10-11T00:59:09,3020,Equity:Members:SCMA-MEM-0001,0.00,30.53,Waterfall Settlement Sweep - SCMA-MEM-0001 (HMAC: AUTHENTICATE...)
VOUCHER-20261010-01425,2026-10-11T00:59:09,1010,Assets:Bank:PenFed FBO Operating Cash,35.67,0.00,Waterfall Settlement Sweep - SCMA-FOUNDER (HMAC: AUTHENTICATE...)
VOUCHER-20261010-01425,2026-10-11T00:59:09,3010,Equity:Members:SCMA-FOUNDER,0.00,35.67,Waterfall Settlement Sweep - SCMA-FOUNDER (HMAC: AUTHENTICATE...)
VOUCHER-20261010-01426,2026-10-11T00:59:09,1010,Assets:Bank:PenFed FBO Operating Cash,30.53,0.00,Waterfall Settlement Sweep - SCMA-MEM-0001 (HMAC: AUTHENTICATE...)
VOUCHER-20261010-01426,2026-10-11T00:59:09,3020,Equity:Members:SCMA-MEM-0001,0.00,30.53,Waterfall Settlement Sweep - SCMA-MEM-0001 (HMAC: AUTHENTICATE...)
VOUCHER-20261010-01427,2026-10-11T00:59:09,1010,Assets:Bank:PenFed FBO Operating Cash,35.67,0.00,Waterfall Settlement Sweep - SCMA-FOUNDER (HMAC: AUTHENTICATE...)
VOUCHER-20261010-01427,2026-10-11T00:59:09,3010,Equity:Members:SCMA-FOUNDER,0.00,35.67,Waterfall Settlement Sweep - SCMA-FOUNDER (HMAC: AUTHENTICATE...)
VOUCHER-20261010-01428,2026-10-11T00:59:09,1010,Assets:Bank:PenFed FBO Operating Cash,30.53,0.00,Waterfall Settlement Sweep - SCMA-MEM-0001 (HMAC: AUTHENTICATE...)
VOUCHER-20261010-01428,2026-10-11T00:59:09,3020,Equity:Members:SCMA-MEM-0001,0.00,30.53,Waterfall Settlement Sweep - SCMA-MEM-0001 (HMAC: AUTHENTICATE...)
VOUCHER-20261010-01429,2026-10-11T00:59:09,1010,Assets:Bank:PenFed FBO Operating Cash,35.67,0.00,Waterfall Settlement Sweep - SCMA-FOUNDER (HMAC: AUTHENTICATE...)
VOUCHER-20261010-01429,2026-10-11T00:59:09,3010,Equity:Members:SCMA-FOUNDER,0.00,35.67,Waterfall Settlement Sweep - SCMA-FOUNDER (HMAC: AUTHENTICATE...)
VOUCHER-20261010-01430,2026-10-11T00:59:09,1010,Assets:Bank:PenFed FBO Operating Cash,30.53,0.00,Waterfall Settlement Sweep - SCMA-MEM-0001 (HMAC: AUTHENTICATE...)
VOUCHER-20261010-01430,2026-10-11T00:59:09,3020,Equity:Members:SCMA-MEM-0001,0.00,30.53,Waterfall Settlement Sweep - SCMA-MEM-0001 (HMAC: AUTHENTICATE...)
VOUCHER-20261010-01431,2026-10-11T00:59:09,1010,Assets:Bank:PenFed FBO Operating Cash,35.67,0.00,Waterfall Settlement Sweep - SCMA-FOUNDER (HMAC: AUTHENTICATE...)
VOUCHER-20261010-01431,2026-10-11T00:59:09,3010,Equity:Members:SCMA-FOUNDER,0.00,35.67,Waterfall Settlement Sweep - SCMA-FOUNDER (HMAC: AUTHENTICATE...)
VOUCHER-20261010-01432,2026-10-11T00:59:09,1010,Assets:Bank:PenFed FBO Operating Cash,30.53,0.00,Waterfall Settlement Sweep - SCMA-MEM-0001 (HMAC: AUTHENTICATE...)
VOUCHER-20261010-01432,2026-10-11T00:59:09,3020,Equity:Members:SCMA-MEM-0001,0.00,30.53,Waterfall Settlement Sweep - SCMA-MEM-0001 (HMAC: AUTHENTICATE...)
VOUCHER-20261010-01433,2026-10-11T00:59:09,1010,Assets:Bank:PenFed FBO Operating Cash,35.67,0.00,Waterfall Settlement Sweep - SCMA-FOUNDER (HMAC: AUTHENTICATE...)
VOUCHER-20261010-01433,2026-10-11T00:59:09,3010,Equity:Members:SCMA-FOUNDER,0.00,35.67,Waterfall Settlement Sweep - SCMA-FOUNDER (HMAC: AUTHENTICATE...)
VOUCHER-20261010-01434,2026-10-11T00:59:09,1010,Assets:Bank:PenFed FBO Operating Cash,30.53,0.00,Waterfall Settlement Sweep - SCMA-MEM-0001 (HMAC: AUTHENTICATE...)
VOUCHER-20261010-01434,2026-10-11T00:59:09,3020,Equity:Members:SCMA-MEM-0001,0.00,30.53,Waterfall Settlement Sweep - SCMA-MEM-0001 (HMAC: AUTHENTICATE...)
VOUCHER-20261010-01435,2026-10-11T00:59:09,1010,Assets:Bank:PenFed FBO Operating Cash,35.67,0.00,Waterfall Settlement Sweep - SCMA-FOUNDER (HMAC: AUTHENTICATE...)
VOUCHER-20261010-01435,2026-10-11T00:59:09,3010,Equity:Members:SCMA-FOUNDER,0.00,35.67,Waterfall Settlement Sweep - SCMA-FOUNDER (HMAC: AUTHENTICATE...)
VOUCHER-20261010-01436,2026-10-11T00:59:09,1010,Assets:Bank:PenFed FBO Operating Cash,30.53,0.00,Waterfall Settlement Sweep - SCMA-MEM-0001 (HMAC: AUTHENTICATE...)
VOUCHER-20261010-01436,2026-10-11T00:59:09,3020,Equity:Members:SCMA-MEM-0001,0.00,30.53,Waterfall Settlement Sweep - SCMA-MEM-0001 (HMAC: AUTHENTICATE...)
VOUCHER-20261010-01437,2026-10-11T00:59:09,1010,Assets:Bank:PenFed FBO Operating Cash,35.67,0.00,Waterfall Settlement Sweep - SCMA-FOUNDER (HMAC: AUTHENTICATE...)
VOUCHER-20261010-01437,2026-10-11T00:59:09,3010,Equity:Members:SCMA-FOUNDER,0.00,35.67,Waterfall Settlement Sweep - SCMA-FOUNDER (HMAC: AUTHENTICATE...)
VOUCHER-20261010-01438,2026-10-11T00:59:09,1010,Assets:Bank:PenFed FBO Operating Cash,30.53,0.00,Waterfall Settlement Sweep - SCMA-MEM-0001 (HMAC: AUTHENTICATE...)
VOUCHER-20261010-01438,2026-10-11T00:59:09,3020,Equity:Members:SCMA-MEM-0001,0.00,30.53,Waterfall Settlement Sweep - SCMA-MEM-0001 (HMAC: AUTHENTICATE...)
VOUCHER-20261010-01439,2026-10-11T00:59:09,1010,Assets:Bank:PenFed FBO Operating Cash,35.67,0.00,Waterfall Settlement Sweep - SCMA-FOUNDER (HMAC: AUTHENTICATE...)
VOUCHER-20261010-01439,2026-10-11T00:59:09,3010,Equity:Members:SCMA-FOUNDER,0.00,35.67,Waterfall Settlement Sweep - SCMA-FOUNDER (HMAC: AUTHENTICATE...)
VOUCHER-20261010-01440,2026-10-11T00:59:09,1010,Assets:Bank:PenFed FBO Operating Cash,30.53,0.00,Waterfall Settlement Sweep - SCMA-MEM-0001 (HMAC: AUTHENTICATE...)
VOUCHER-20261010-01440,2026-10-11T00:59:09,3020,Equity:Members:SCMA-MEM-0001,0.00,30.53,Waterfall Settlement Sweep - SCMA-MEM-0001 (HMAC: AUTHENTICATE...)
VOUCHER-20261010-01441,2026-10-11T00:59:09,1010,Assets:Bank:PenFed FBO Operating Cash,35.67,0.00,Waterfall Settlement Sweep - SCMA-FOUNDER (HMAC: AUTHENTICATE...)
VOUCHER-20261010-01441,2026-10-11T00:59:09,3010,Equity:Members:SCMA-FOUNDER,0.00,35.67,Waterfall Settlement Sweep - SCMA-FOUNDER (HMAC: AUTHENTICATE...)
VOUCHER-20261010-01442,2026-10-11T00:59:09,1010,Assets:Bank:PenFed FBO Operating Cash,30.53,0.00,Waterfall Settlement Sweep - SCMA-MEM-0001 (HMAC: AUTHENTICATE...)
VOUCHER-20261010-01442,2026-10-11T00:59:09,3020,Equity:Members:SCMA-MEM-0001,0.00,30.53,Waterfall Settlement Sweep - SCMA-MEM-0001 (HMAC: AUTHENTICATE...)
VOUCHER-20261010-01443,2026-10-11T00:59:09,1010,Assets:Bank:PenFed FBO Operating Cash,35.67,0.00,Waterfall Settlement Sweep - SCMA-FOUNDER (HMAC: AUTHENTICATE...)
VOUCHER-20261010-01443,2026-10-11T00:59:09,3010,Equity:Members:SCMA-FOUNDER,0.00,35.67,Waterfall Settlement Sweep - SCMA-FOUNDER (HMAC: AUTHENTICATE...)
VOUCHER-20261010-01444,2026-10-11T00:59:09,1010,Assets:Bank:PenFed FBO Operating Cash,30.53,0.00,Waterfall Settlement Sweep - SCMA-MEM-0001 (HMAC: AUTHENTICATE...)
VOUCHER-20261010-01444,2026-10-11T00:59:09,3020,Equity:Members:SCMA-MEM-0001,0.00,30.53,Waterfall Settlement Sweep - SCMA-MEM-0001 (HMAC: AUTHENTICATE...)
VOUCHER-20261010-01445,2026-10-11T00:59:09,1010,Assets:Bank:PenFed FBO Operating Cash,35.67,0.00,Waterfall Settlement Sweep - SCMA-FOUNDER (HMAC: AUTHENTICATE...)
VOUCHER-20261010-01445,2026-10-11T00:59:09,3010,Equity:Members:SCMA-FOUNDER,0.00,35.67,Waterfall Settlement Sweep - SCMA-FOUNDER (HMAC: AUTHENTICATE...)
VOUCHER-20261010-01446,2026-10-11T00:59:09,1010,Assets:Bank:PenFed FBO Operating Cash,30.53,0.00,Waterfall Settlement Sweep - SCMA-MEM-0001 (HMAC: AUTHENTICATE...)
VOUCHER-20261010-01446,2026-10-11T00:59:09,3020,Equity:Members:SCMA-MEM-0001,0.00,30.53,Waterfall Settlement Sweep - SCMA-MEM-0001 (HMAC: AUTHENTICATE...)
VOUCHER-20261010-01447,2026-10-11T00:59:09,1010,Assets:Bank:PenFed FBO Operating Cash,35.67,0.00,Waterfall Settlement Sweep - SCMA-FOUNDER (HMAC: AUTHENTICATE...)
VOUCHER-20261010-01447,2026-10-11T00:59:09,3010,Equity:Members:SCMA-FOUNDER,0.00,35.67,Waterfall Settlement Sweep - SCMA-FOUNDER (HMAC: AUTHENTICATE...)
VOUCHER-20261010-01448,2026-10-11T00:59:09,1010,Assets:Bank:PenFed FBO Operating Cash,30.53,0.00,Waterfall Settlement Sweep - SCMA-MEM-0001 (HMAC: AUTHENTICATE...)
VOUCHER-20261010-01448,2026-10-11T00:59:09,3020,Equity:Members:SCMA-MEM-0001,0.00,30.53,Waterfall Settlement Sweep - SCMA-MEM-0001 (HMAC: AUTHENTICATE...)
VOUCHER-20261010-01449,2026-10-11T00:59:09,1010,Assets:Bank:PenFed FBO Operating Cash,35.67,0.00,Waterfall Settlement Sweep - SCMA-FOUNDER (HMAC: AUTHENTICATE...)
VOUCHER-20261010-01449,2026-10-11T00:59:09,3010,Equity:Members:SCMA-FOUNDER,0.00,35.67,Waterfall Settlement Sweep - SCMA-FOUNDER (HMAC: AUTHENTICATE...)
VOUCHER-20261010-01450,2026-10-11T00:59:09,1010,Assets:Bank:PenFed FBO Operating Cash,30.53,0.00,Waterfall Settlement Sweep - SCMA-MEM-0001 (HMAC: AUTHENTICATE...)
VOUCHER-20261010-01450,2026-10-11T00:59:09,3020,Equity:Members:SCMA-MEM-0001,0.00,30.53,Waterfall Settlement Sweep - SCMA-MEM-0001 (HMAC: AUTHENTICATE...)
VOUCHER-20261010-01451,2026-10-11T00:59:09,1010,Assets:Bank:PenFed FBO Operating Cash,35.67,0.00,Waterfall Settlement Sweep - SCMA-FOUNDER (HMAC: AUTHENTICATE...)
VOUCHER-20261010-01451,2026-10-11T00:59:09,3010,Equity:Members:SCMA-FOUNDER,0.00,35.67,Waterfall Settlement Sweep - SCMA-FOUNDER (HMAC: AUTHENTICATE...)
VOUCHER-20261010-01452,2026-10-11T00:59:09,1010,Assets:Bank:PenFed FBO Operating Cash,30.53,0.00,Waterfall Settlement Sweep - SCMA-MEM-0001 (HMAC: AUTHENTICATE...)
VOUCHER-20261010-01452,2026-10-11T00:59:09,3020,Equity:Members:SCMA-MEM-0001,0.00,30.53,Waterfall Settlement Sweep - SCMA-MEM-0001 (HMAC: AUTHENTICATE...)
VOUCHER-20261010-01453,2026-10-11T00:59:09,1010,Assets:Bank:PenFed FBO Operating Cash,35.67,0.00,Waterfall Settlement Sweep - SCMA-FOUNDER (HMAC: AUTHENTICATE...)
VOUCHER-20261010-01453,2026-10-11T00:59:09,3010,Equity:Members:SCMA-FOUNDER,0.00,35.67,Waterfall Settlement Sweep - SCMA-FOUNDER (HMAC: AUTHENTICATE...)
VOUCHER-20261010-01454,2026-10-11T00:59:09,1010,Assets:Bank:PenFed FBO Operating Cash,30.53,0.00,Waterfall Settlement Sweep - SCMA-MEM-0001 (HMAC: AUTHENTICATE...)
VOUCHER-20261010-01454,2026-10-11T00:59:09,3020,Equity:Members:SCMA-MEM-0001,0.00,30.53,Waterfall Settlement Sweep - SCMA-MEM-0001 (HMAC: AUTHENTICATE...)
VOUCHER-20261010-01455,2026-10-11T00:59:09,1010,Assets:Bank:PenFed FBO Operating Cash,35.67,0.00,Waterfall Settlement Sweep - SCMA-FOUNDER (HMAC: AUTHENTICATE...)
VOUCHER-20261010-01455,2026-10-11T00:59:09,3010,Equity:Members:SCMA-FOUNDER,0.00,35.67,Waterfall Settlement Sweep - SCMA-FOUNDER (HMAC: AUTHENTICATE...)
VOUCHER-20261010-01456,2026-10-11T00:59:09,1010,Assets:Bank:PenFed FBO Operating Cash,30.53,0.00,Waterfall Settlement Sweep - SCMA-MEM-0001 (HMAC: AUTHENTICATE...)
VOUCHER-20261010-01456,2026-10-11T00:59:09,3020,Equity:Members:SCMA-MEM-0001,0.00,30.53,Waterfall Settlement Sweep - SCMA-MEM-0001 (HMAC: AUTHENTICATE...)
VOUCHER-20261010-01457,2026-10-11T00:59:09,1010,Assets:Bank:PenFed FBO Operating Cash,35.67,0.00,Waterfall Settlement Sweep - SCMA-FOUNDER (HMAC: AUTHENTICATE...)
VOUCHER-20261010-01457,2026-10-11T00:59:09,3010,Equity:Members:SCMA-FOUNDER,0.00,35.67,Waterfall Settlement Sweep - SCMA-FOUNDER (HMAC: AUTHENTICATE...)
VOUCHER-20261010-01458,2026-10-11T00:59:09,1010,Assets:Bank:PenFed FBO Operating Cash,30.53,0.00,Waterfall Settlement Sweep - SCMA-MEM-0001 (HMAC: AUTHENTICATE...)
VOUCHER-20261010-01458,2026-10-11T00:59:09,3020,Equity:Members:SCMA-MEM-0001,0.00,30.53,Waterfall Settlement Sweep - SCMA-MEM-0001 (HMAC: AUTHENTICATE...)
VOUCHER-20261010-01459,2026-10-11T00:59:09,1010,Assets:Bank:PenFed FBO Operating Cash,35.67,0.00,Waterfall Settlement Sweep - SCMA-FOUNDER (HMAC: AUTHENTICATE...)
VOUCHER-20261010-01459,2026-10-11T00:59:09,3010,Equity:Members:SCMA-FOUNDER,0.00,35.67,Waterfall Settlement Sweep - SCMA-FOUNDER (HMAC: AUTHENTICATE...)
VOUCHER-20261010-01460,2026-10-11T00:59:09,1010,Assets:Bank:PenFed FBO Operating Cash,30.53,0.00,Waterfall Settlement Sweep - SCMA-MEM-0001 (HMAC: AUTHENTICATE...)
VOUCHER-20261010-01460,2026-10-11T00:59:09,3020,Equity:Members:SCMA-MEM-0001,0.00,30.53,Waterfall Settlement Sweep - SCMA-MEM-0001 (HMAC: AUTHENTICATE...)
VOUCHER-20261010-01461,2026-10-11T00:59:09,1010,Assets:Bank:PenFed FBO Operating Cash,35.67,0.00,Waterfall Settlement Sweep - SCMA-FOUNDER (HMAC: AUTHENTICATE...)
VOUCHER-20261010-01461,2026-10-11T00:59:09,3010,Equity:Members:SCMA-FOUNDER,0.00,35.67,Waterfall Settlement Sweep - SCMA-FOUNDER (HMAC: AUTHENTICATE...)
VOUCHER-20261010-01462,2026-10-11T00:59:09,1010,Assets:Bank:PenFed FBO Operating Cash,30.53,0.00,Waterfall Settlement Sweep - SCMA-MEM-0001 (HMAC: AUTHENTICATE...)
VOUCHER-20261010-01462,2026-10-11T00:59:09,3020,Equity:Members:SCMA-MEM-0001,0.00,30.53,Waterfall Settlement Sweep - SCMA-MEM-0001 (HMAC: AUTHENTICATE...)
VOUCHER-20261010-01463,2026-10-11T00:59:09,1010,Assets:Bank:PenFed FBO Operating Cash,35.67,0.00,Waterfall Settlement Sweep - SCMA-FOUNDER (HMAC: AUTHENTICATE...)
VOUCHER-20261010-01463,2026-10-11T00:59:09,3010,Equity:Members:SCMA-FOUNDER,0.00,35.67,Waterfall Settlement Sweep - SCMA-FOUNDER (HMAC: AUTHENTICATE...)
VOUCHER-20261010-01464,2026-10-11T00:59:09,1010,Assets:Bank:PenFed FBO Operating Cash,30.53,0.00,Waterfall Settlement Sweep - SCMA-MEM-0001 (HMAC: AUTHENTICATE...)
VOUCHER-20261010-01464,2026-10-11T00:59:09,3020,Equity:Members:SCMA-MEM-0001,0.00,30.53,Waterfall Settlement Sweep - SCMA-MEM-0001 (HMAC: AUTHENTICATE...)
VOUCHER-20261010-01465,2026-10-11T00:59:09,1010,Assets:Bank:PenFed FBO Operating Cash,35.67,0.00,Waterfall Settlement Sweep - SCMA-FOUNDER (HMAC: AUTHENTICATE...)
VOUCHER-20261010-01465,2026-10-11T00:59:09,3010,Equity:Members:SCMA-FOUNDER,0.00,35.67,Waterfall Settlement Sweep - SCMA-FOUNDER (HMAC: AUTHENTICATE...)
VOUCHER-20261010-01466,2026-10-11T00:59:09,1010,Assets:Bank:PenFed FBO Operating Cash,30.53,0.00,Waterfall Settlement Sweep - SCMA-MEM-0001 (HMAC: AUTHENTICATE...)
VOUCHER-20261010-01466,2026-10-11T00:59:09,3020,Equity:Members:SCMA-MEM-0001,0.00,30.53,Waterfall Settlement Sweep - SCMA-MEM-0001 (HMAC: AUTHENTICATE...)
VOUCHER-20261010-01467,2026-10-11T00:59:09,1010,Assets:Bank:PenFed FBO Operating Cash,35.67,0.00,Waterfall Settlement Sweep - SCMA-FOUNDER (HMAC: AUTHENTICATE...)
VOUCHER-20261010-01467,2026-10-11T00:59:09,3010,Equity:Members:SCMA-FOUNDER,0.00,35.67,Waterfall Settlement Sweep - SCMA-FOUNDER (HMAC: AUTHENTICATE...)
VOUCHER-20261010-01468,2026-10-11T00:59:09,1010,Assets:Bank:PenFed FBO Operating Cash,30.53,0.00,Waterfall Settlement Sweep - SCMA-MEM-0001 (HMAC: AUTHENTICATE...)
VOUCHER-20261010-01468,2026-10-11T00:59:09,3020,Equity:Members:SCMA-MEM-0001,0.00,30.53,Waterfall Settlement Sweep - SCMA-MEM-0001 (HMAC: AUTHENTICATE...)
VOUCHER-20261010-01469,2026-10-11T00:59:09,1010,Assets:Bank:PenFed FBO Operating Cash,35.67,0.00,Waterfall Settlement Sweep - SCMA-FOUNDER (HMAC: AUTHENTICATE...)
VOUCHER-20261010-01469,2026-10-11T00:59:09,3010,Equity:Members:SCMA-FOUNDER,0.00,35.67,Waterfall Settlement Sweep - SCMA-FOUNDER (HMAC: AUTHENTICATE...)
VOUCHER-20261010-01470,2026-10-11T00:59:09,1010,Assets:Bank:PenFed FBO Operating Cash,30.53,0.00,Waterfall Settlement Sweep - SCMA-MEM-0001 (HMAC: AUTHENTICATE...)
VOUCHER-20261010-01470,2026-10-11T00:59:09,3020,Equity:Members:SCMA-MEM-0001,0.00,30.53,Waterfall Settlement Sweep - SCMA-MEM-0001 (HMAC: AUTHENTICATE...)
VOUCHER-20261010-01471,2026-10-11T00:59:09,1010,Assets:Bank:PenFed FBO Operating Cash,35.67,0.00,Waterfall Settlement Sweep - SCMA-FOUNDER (HMAC: AUTHENTICATE...)
VOUCHER-20261010-01471,2026-10-11T00:59:09,3010,Equity:Members:SCMA-FOUNDER,0.00,35.67,Waterfall Settlement Sweep - SCMA-FOUNDER (HMAC: AUTHENTICATE...)
VOUCHER-20261010-01472,2026-10-11T00:59:09,1010,Assets:Bank:PenFed FBO Operating Cash,30.53,0.00,Waterfall Settlement Sweep - SCMA-MEM-0001 (HMAC: AUTHENTICATE...)
VOUCHER-20261010-01472,2026-10-11T00:59:09,3020,Equity:Members:SCMA-MEM-0001,0.00,30.53,Waterfall Settlement Sweep - SCMA-MEM-0001 (HMAC: AUTHENTICATE...)
VOUCHER-20261010-01473,2026-10-11T00:59:09,1010,Assets:Bank:PenFed FBO Operating Cash,35.67,0.00,Waterfall Settlement Sweep - SCMA-FOUNDER (HMAC: AUTHENTICATE...)
VOUCHER-20261010-01473,2026-10-11T00:59:09,3010,Equity:Members:SCMA-FOUNDER,0.00,35.67,Waterfall Settlement Sweep - SCMA-FOUNDER (HMAC: AUTHENTICATE...)
VOUCHER-20261010-01474,2026-10-11T00:59:09,1010,Assets:Bank:PenFed FBO Operating Cash,30.53,0.00,Waterfall Settlement Sweep - SCMA-MEM-0001 (HMAC: AUTHENTICATE...)
VOUCHER-20261010-01474,2026-10-11T00:59:09,3020,Equity:Members:SCMA-MEM-0001,0.00,30.53,Waterfall Settlement Sweep - SCMA-MEM-0001 (HMAC: AUTHENTICATE...)
VOUCHER-20261010-01475,2026-10-11T00:59:09,1010,Assets:Bank:PenFed FBO Operating Cash,35.67,0.00,Waterfall Settlement Sweep - SCMA-FOUNDER (HMAC: AUTHENTICATE...)
VOUCHER-20261010-01475,2026-10-11T00:59:09,3010,Equity:Members:SCMA-FOUNDER,0.00,35.67,Waterfall Settlement Sweep - SCMA-FOUNDER (HMAC: AUTHENTICATE...)
VOUCHER-20261010-01476,2026-10-11T00:59:09,1010,Assets:Bank:PenFed FBO Operating Cash,30.53,0.00,Waterfall Settlement Sweep - SCMA-MEM-0001 (HMAC: AUTHENTICATE...)
VOUCHER-20261010-01476,2026-10-11T00:59:09,3020,Equity:Members:SCMA-MEM-0001,0.00,30.53,Waterfall Settlement Sweep - SCMA-MEM-0001 (HMAC: AUTHENTICATE...)
VOUCHER-20261010-01477,2026-10-11T00:59:09,1010,Assets:Bank:PenFed FBO Operating Cash,35.67,0.00,Waterfall Settlement Sweep - SCMA-FOUNDER (HMAC: AUTHENTICATE...)
VOUCHER-20261010-01477,2026-10-11T00:59:09,3010,Equity:Members:SCMA-FOUNDER,0.00,35.67,Waterfall Settlement Sweep - SCMA-FOUNDER (HMAC: AUTHENTICATE...)
VOUCHER-20261010-01478,2026-10-11T00:59:09,1010,Assets:Bank:PenFed FBO Operating Cash,30.53,0.00,Waterfall Settlement Sweep - SCMA-MEM-0001 (HMAC: AUTHENTICATE...)
VOUCHER-20261010-01478,2026-10-11T00:59:09,3020,Equity:Members:SCMA-MEM-0001,0.00,30.53,Waterfall Settlement Sweep - SCMA-MEM-0001 (HMAC: AUTHENTICATE...)
VOUCHER-20261010-01479,2026-10-11T00:59:09,1010,Assets:Bank:PenFed FBO Operating Cash,35.67,0.00,Waterfall Settlement Sweep - SCMA-FOUNDER (HMAC: AUTHENTICATE...)
VOUCHER-20261010-01479,2026-10-11T00:59:09,3010,Equity:Members:SCMA-FOUNDER,0.00,35.67,Waterfall Settlement Sweep - SCMA-FOUNDER (HMAC: AUTHENTICATE...)
VOUCHER-20261010-01480,2026-10-11T00:59:09,1010,Assets:Bank:PenFed FBO Operating Cash,30.53,0.00,Waterfall Settlement Sweep - SCMA-MEM-0001 (HMAC: AUTHENTICATE...)
VOUCHER-20261010-01480,2026-10-11T00:59:09,3020,Equity:Members:SCMA-MEM-0001,0.00,30.53,Waterfall Settlement Sweep - SCMA-MEM-0001 (HMAC: AUTHENTICATE...)
VOUCHER-20261010-01481,2026-10-11T00:59:09,1010,Assets:Bank:PenFed FBO Operating Cash,35.67,0.00,Waterfall Settlement Sweep - SCMA-FOUNDER (HMAC: AUTHENTICATE...)
VOUCHER-20261010-01481,2026-10-11T00:59:09,3010,Equity:Members:SCMA-FOUNDER,0.00,35.67,Waterfall Settlement Sweep - SCMA-FOUNDER (HMAC: AUTHENTICATE...)
VOUCHER-20261010-01482,2026-10-11T00:59:09,1010,Assets:Bank:PenFed FBO Operating Cash,30.53,0.00,Waterfall Settlement Sweep - SCMA-MEM-0001 (HMAC: AUTHENTICATE...)
VOUCHER-20261010-01482,2026-10-11T00:59:09,3020,Equity:Members:SCMA-MEM-0001,0.00,30.53,Waterfall Settlement Sweep - SCMA-MEM-0001 (HMAC: AUTHENTICATE...)
VOUCHER-20261010-01483,2026-10-11T00:59:09,1010,Assets:Bank:PenFed FBO Operating Cash,35.67,0.00,Waterfall Settlement Sweep - SCMA-FOUNDER (HMAC: AUTHENTICATE...)
VOUCHER-20261010-01483,2026-10-11T00:59:09,3010,Equity:Members:SCMA-FOUNDER,0.00,35.67,Waterfall Settlement Sweep - SCMA-FOUNDER (HMAC: AUTHENTICATE...)
VOUCHER-20261010-01484,2026-10-11T00:59:09,1010,Assets:Bank:PenFed FBO Operating Cash,30.53,0.00,Waterfall Settlement Sweep - SCMA-MEM-0001 (HMAC: AUTHENTICATE...)
VOUCHER-20261010-01484,2026-10-11T00:59:09,3020,Equity:Members:SCMA-MEM-0001,0.00,30.53,Waterfall Settlement Sweep - SCMA-MEM-0001 (HMAC: AUTHENTICATE...)
VOUCHER-20261010-01485,2026-10-11T00:59:09,1010,Assets:Bank:PenFed FBO Operating Cash,35.67,0.00,Waterfall Settlement Sweep - SCMA-FOUNDER (HMAC: AUTHENTICATE...)
VOUCHER-20261010-01485,2026-10-11T00:59:09,3010,Equity:Members:SCMA-FOUNDER,0.00,35.67,Waterfall Settlement Sweep - SCMA-FOUNDER (HMAC: AUTHENTICATE...)
VOUCHER-20261010-01486,2026-10-11T00:59:09,1010,Assets:Bank:PenFed FBO Operating Cash,30.53,0.00,Waterfall Settlement Sweep - SCMA-MEM-0001 (HMAC: AUTHENTICATE...)
VOUCHER-20261010-01486,2026-10-11T00:59:09,3020,Equity:Members:SCMA-MEM-0001,0.00,30.53,Waterfall Settlement Sweep - SCMA-MEM-0001 (HMAC: AUTHENTICATE...)
VOUCHER-20261010-01487,2026-10-11T00:59:09,1010,Assets:Bank:PenFed FBO Operating Cash,35.67,0.00,Waterfall Settlement Sweep - SCMA-FOUNDER (HMAC: AUTHENTICATE...)
VOUCHER-20261010-01487,2026-10-11T00:59:09,3010,Equity:Members:SCMA-FOUNDER,0.00,35.67,Waterfall Settlement Sweep - SCMA-FOUNDER (HMAC: AUTHENTICATE...)
VOUCHER-20261010-01488,2026-10-11T00:59:09,1010,Assets:Bank:PenFed FBO Operating Cash,30.53,0.00,Waterfall Settlement Sweep - SCMA-MEM-0001 (HMAC: AUTHENTICATE...)
VOUCHER-20261010-01488,2026-10-11T00:59:09,3020,Equity:Members:SCMA-MEM-0001,0.00,30.53,Waterfall Settlement Sweep - SCMA-MEM-0001 (HMAC: AUTHENTICATE...)
VOUCHER-20261010-01489,2026-10-11T00:59:09,1010,Assets:Bank:PenFed FBO Operating Cash,35.67,0.00,Waterfall Settlement Sweep - SCMA-FOUNDER (HMAC: AUTHENTICATE...)
VOUCHER-20261010-01489,2026-10-11T00:59:09,3010,Equity:Members:SCMA-FOUNDER,0.00,35.67,Waterfall Settlement Sweep - SCMA-FOUNDER (HMAC: AUTHENTICATE...)
VOUCHER-20261010-01490,2026-10-11T00:59:09,1010,Assets:Bank:PenFed FBO Operating Cash,30.53,0.00,Waterfall Settlement Sweep - SCMA-MEM-0001 (HMAC: AUTHENTICATE...)
VOUCHER-20261010-01490,2026-10-11T00:59:09,3020,Equity:Members:SCMA-MEM-0001,0.00,30.53,Waterfall Settlement Sweep - SCMA-MEM-0001 (HMAC: AUTHENTICATE...)
VOUCHER-20261010-01491,2026-10-11T00:59:09,1010,Assets:Bank:PenFed FBO Operating Cash,35.67,0.00,Waterfall Settlement Sweep - SCMA-FOUNDER (HMAC: AUTHENTICATE...)
VOUCHER-20261010-01491,2026-10-11T00:59:09,3010,Equity:Members:SCMA-FOUNDER,0.00,35.67,Waterfall Settlement Sweep - SCMA-FOUNDER (HMAC: AUTHENTICATE...)
VOUCHER-20261010-01492,2026-10-11T00:59:09,1010,Assets:Bank:PenFed FBO Operating Cash,30.53,0.00,Waterfall Settlement Sweep - SCMA-MEM-0001 (HMAC: AUTHENTICATE...)
VOUCHER-20261010-01492,2026-10-11T00:59:09,3020,Equity:Members:SCMA-MEM-0001,0.00,30.53,Waterfall Settlement Sweep - SCMA-MEM-0001 (HMAC: AUTHENTICATE...)
VOUCHER-20261010-01493,2026-10-11T00:59:09,1010,Assets:Bank:PenFed FBO Operating Cash,35.67,0.00,Waterfall Settlement Sweep - SCMA-FOUNDER (HMAC: AUTHENTICATE...)
VOUCHER-20261010-01493,2026-10-11T00:59:09,3010,Equity:Members:SCMA-FOUNDER,0.00,35.67,Waterfall Settlement Sweep - SCMA-FOUNDER (HMAC: AUTHENTICATE...)
VOUCHER-20261010-01494,2026-10-11T00:59:09,1010,Assets:Bank:PenFed FBO Operating Cash,30.53,0.00,Waterfall Settlement Sweep - SCMA-MEM-0001 (HMAC: AUTHENTICATE...)
VOUCHER-20261010-01494,2026-10-11T00:59:09,3020,Equity:Members:SCMA-MEM-0001,0.00,30.53,Waterfall Settlement Sweep - SCMA-MEM-0001 (HMAC: AUTHENTICATE...)
VOUCHER-20261010-01495,2026-10-11T00:59:09,1010,Assets:Bank:PenFed FBO Operating Cash,35.67,0.00,Waterfall Settlement Sweep - SCMA-FOUNDER (HMAC: AUTHENTICATE...)
VOUCHER-20261010-01495,2026-10-11T00:59:09,3010,Equity:Members:SCMA-FOUNDER,0.00,35.67,Waterfall Settlement Sweep - SCMA-FOUNDER (HMAC: AUTHENTICATE...)
VOUCHER-20261010-01496,2026-10-11T00:59:09,1010,Assets:Bank:PenFed FBO Operating Cash,30.53,0.00,Waterfall Settlement Sweep - SCMA-MEM-0001 (HMAC: AUTHENTICATE...)
VOUCHER-20261010-01496,2026-10-11T00:59:09,3020,Equity:Members:SCMA-MEM-0001,0.00,30.53,Waterfall Settlement Sweep - SCMA-MEM-0001 (HMAC: AUTHENTICATE...)
VOUCHER-20261010-01497,2026-10-11T00:59:09,1010,Assets:Bank:PenFed FBO Operating Cash,35.67,0.00,Waterfall Settlement Sweep - SCMA-FOUNDER (HMAC: AUTHENTICATE...)
VOUCHER-20261010-01497,2026-10-11T00:59:09,3010,Equity:Members:SCMA-FOUNDER,0.00,35.67,Waterfall Settlement Sweep - SCMA-FOUNDER (HMAC: AUTHENTICATE...)
VOUCHER-20261010-01498,2026-10-11T00:59:09,1010,Assets:Bank:PenFed FBO Operating Cash,30.53,0.00,Waterfall Settlement Sweep - SCMA-MEM-0001 (HMAC: AUTHENTICATE...)
VOUCHER-20261010-01498,2026-10-11T00:59:09,3020,Equity:Members:SCMA-MEM-0001,0.00,30.53,Waterfall Settlement Sweep - SCMA-MEM-0001 (HMAC: AUTHENTICATE...)
VOUCHER-20261010-01499,2026-10-11T00:59:09,1010,Assets:Bank:PenFed FBO Operating Cash,35.67,0.00,Waterfall Settlement Sweep - SCMA-FOUNDER (HMAC: AUTHENTICATE...)
VOUCHER-20261010-01499,2026-10-11T00:59:09,3010,Equity:Members:SCMA-FOUNDER,0.00,35.67,Waterfall Settlement Sweep - SCMA-FOUNDER (HMAC: AUTHENTICATE...)
VOUCHER-20261010-01500,2026-10-11T00:59:09,1010,Assets:Bank:PenFed FBO Operating Cash,30.53,0.00,Waterfall Settlement Sweep - SCMA-MEM-0001 (HMAC: AUTHENTICATE...)
VOUCHER-20261010-01500,2026-10-11T00:59:09,3020,Equity:Members:SCMA-MEM-0001,0.00,30.53,Waterfall Settlement Sweep - SCMA-MEM-0001 (HMAC: AUTHENTICATE...)
VOUCHER-20261010-01501,2026-10-11T00:59:09,1010,Assets:Bank:PenFed FBO Operating Cash,35.67,0.00,Waterfall Settlement Sweep - SCMA-FOUNDER (HMAC: AUTHENTICATE...)
VOUCHER-20261010-01501,2026-10-11T00:59:09,3010,Equity:Members:SCMA-FOUNDER,0.00,35.67,Waterfall Settlement Sweep - SCMA-FOUNDER (HMAC: AUTHENTICATE...)
VOUCHER-20261010-01502,2026-10-11T00:59:09,1010,Assets:Bank:PenFed FBO Operating Cash,30.53,0.00,Waterfall Settlement Sweep - SCMA-MEM-0001 (HMAC: AUTHENTICATE...)
VOUCHER-20261010-01502,2026-10-11T00:59:09,3020,Equity:Members:SCMA-MEM-0001,0.00,30.53,Waterfall Settlement Sweep - SCMA-MEM-0001 (HMAC: AUTHENTICATE...)
VOUCHER-20261010-01503,2026-10-11T00:59:09,1010,Assets:Bank:PenFed FBO Operating Cash,35.67,0.00,Waterfall Settlement Sweep - SCMA-FOUNDER (HMAC: AUTHENTICATE...)
VOUCHER-20261010-01503,2026-10-11T00:59:09,3010,Equity:Members:SCMA-FOUNDER,0.00,35.67,Waterfall Settlement Sweep - SCMA-FOUNDER (HMAC: AUTHENTICATE...)
VOUCHER-20261010-01504,2026-10-11T00:59:09,1010,Assets:Bank:PenFed FBO Operating Cash,30.53,0.00,Waterfall Settlement Sweep - SCMA-MEM-0001 (HMAC: AUTHENTICATE...)
VOUCHER-20261010-01504,2026-10-11T00:59:09,3020,Equity:Members:SCMA-MEM-0001,0.00,30.53,Waterfall Settlement Sweep - SCMA-MEM-0001 (HMAC: AUTHENTICATE...)
VOUCHER-20261010-01505,2026-10-11T00:59:09,1010,Assets:Bank:PenFed FBO Operating Cash,35.67,0.00,Waterfall Settlement Sweep - SCMA-FOUNDER (HMAC: AUTHENTICATE...)
VOUCHER-20261010-01505,2026-10-11T00:59:09,3010,Equity:Members:SCMA-FOUNDER,0.00,35.67,Waterfall Settlement Sweep - SCMA-FOUNDER (HMAC: AUTHENTICATE...)
VOUCHER-20261010-01506,2026-10-11T00:59:09,1010,Assets:Bank:PenFed FBO Operating Cash,30.53,0.00,Waterfall Settlement Sweep - SCMA-MEM-0001 (HMAC: AUTHENTICATE...)
VOUCHER-20261010-01506,2026-10-11T00:59:09,3020,Equity:Members:SCMA-MEM-0001,0.00,30.53,Waterfall Settlement Sweep - SCMA-MEM-0001 (HMAC: AUTHENTICATE...)
VOUCHER-20261010-01507,2026-10-11T00:59:09,1010,Assets:Bank:PenFed FBO Operating Cash,35.67,0.00,Waterfall Settlement Sweep - SCMA-FOUNDER (HMAC: AUTHENTICATE...)
VOUCHER-20261010-01507,2026-10-11T00:59:09,3010,Equity:Members:SCMA-FOUNDER,0.00,35.67,Waterfall Settlement Sweep - SCMA-FOUNDER (HMAC: AUTHENTICATE...)
VOUCHER-20261010-01508,2026-10-11T00:59:09,1010,Assets:Bank:PenFed FBO Operating Cash,30.53,0.00,Waterfall Settlement Sweep - SCMA-MEM-0001 (HMAC: AUTHENTICATE...)
VOUCHER-20261010-01508,2026-10-11T00:59:09,3020,Equity:Members:SCMA-MEM-0001,0.00,30.53,Waterfall Settlement Sweep - SCMA-MEM-0001 (HMAC: AUTHENTICATE...)
VOUCHER-20261010-01509,2026-10-11T00:59:09,1010,Assets:Bank:PenFed FBO Operating Cash,35.67,0.00,Waterfall Settlement Sweep - SCMA-FOUNDER (HMAC: AUTHENTICATE...)
VOUCHER-20261010-01509,2026-10-11T00:59:09,3010,Equity:Members:SCMA-FOUNDER,0.00,35.67,Waterfall Settlement Sweep - SCMA-FOUNDER (HMAC: AUTHENTICATE...)
VOUCHER-20261010-01510,2026-10-11T00:59:09,1010,Assets:Bank:PenFed FBO Operating Cash,30.53,0.00,Waterfall Settlement Sweep - SCMA-MEM-0001 (HMAC: AUTHENTICATE...)
VOUCHER-20261010-01510,2026-10-11T00:59:09,3020,Equity:Members:SCMA-MEM-0001,0.00,30.53,Waterfall Settlement Sweep - SCMA-MEM-0001 (HMAC: AUTHENTICATE...)
VOUCHER-20261010-01511,2026-10-11T00:59:09,1010,Assets:Bank:PenFed FBO Operating Cash,35.67,0.00,Waterfall Settlement Sweep - SCMA-FOUNDER (HMAC: AUTHENTICATE...)
VOUCHER-20261010-01511,2026-10-11T00:59:09,3010,Equity:Members:SCMA-FOUNDER,0.00,35.67,Waterfall Settlement Sweep - SCMA-FOUNDER (HMAC: AUTHENTICATE...)
VOUCHER-20261010-01512,2026-10-11T00:59:09,1010,Assets:Bank:PenFed FBO Operating Cash,30.53,0.00,Waterfall Settlement Sweep - SCMA-MEM-0001 (HMAC: AUTHENTICATE...)
VOUCHER-20261010-01512,2026-10-11T00:59:09,3020,Equity:Members:SCMA-MEM-0001,0.00,30.53,Waterfall Settlement Sweep - SCMA-MEM-0001 (HMAC: AUTHENTICATE...)
VOUCHER-20261010-01513,2026-10-11T00:59:09,1010,Assets:Bank:PenFed FBO Operating Cash,35.67,0.00,Waterfall Settlement Sweep - SCMA-FOUNDER (HMAC: AUTHENTICATE...)
VOUCHER-20261010-01513,2026-10-11T00:59:09,3010,Equity:Members:SCMA-FOUNDER,0.00,35.67,Waterfall Settlement Sweep - SCMA-FOUNDER (HMAC: AUTHENTICATE...)
VOUCHER-20261010-01514,2026-10-11T00:59:09,1010,Assets:Bank:PenFed FBO Operating Cash,30.53,0.00,Waterfall Settlement Sweep - SCMA-MEM-0001 (HMAC: AUTHENTICATE...)
VOUCHER-20261010-01514,2026-10-11T00:59:09,3020,Equity:Members:SCMA-MEM-0001,0.00,30.53,Waterfall Settlement Sweep - SCMA-MEM-0001 (HMAC: AUTHENTICATE...)
VOUCHER-20261010-01515,2026-10-11T00:59:09,1010,Assets:Bank:PenFed FBO Operating Cash,35.67,0.00,Waterfall Settlement Sweep - SCMA-FOUNDER (HMAC: AUTHENTICATE...)
VOUCHER-20261010-01515,2026-10-11T00:59:09,3010,Equity:Members:SCMA-FOUNDER,0.00,35.67,Waterfall Settlement Sweep - SCMA-FOUNDER (HMAC: AUTHENTICATE...)
VOUCHER-20261010-01516,2026-10-11T00:59:09,1010,Assets:Bank:PenFed FBO Operating Cash,30.53,0.00,Waterfall Settlement Sweep - SCMA-MEM-0001 (HMAC: AUTHENTICATE...)
VOUCHER-20261010-01516,2026-10-11T00:59:09,3020,Equity:Members:SCMA-MEM-0001,0.00,30.53,Waterfall Settlement Sweep - SCMA-MEM-0001 (HMAC: AUTHENTICATE...)
VOUCHER-20261010-01517,2026-10-11T00:59:09,1010,Assets:Bank:PenFed FBO Operating Cash,35.67,0.00,Waterfall Settlement Sweep - SCMA-FOUNDER (HMAC: AUTHENTICATE...)
VOUCHER-20261010-01517,2026-10-11T00:59:09,3010,Equity:Members:SCMA-FOUNDER,0.00,35.67,Waterfall Settlement Sweep - SCMA-FOUNDER (HMAC: AUTHENTICATE...)
VOUCHER-20261010-01518,2026-10-11T00:59:09,1010,Assets:Bank:PenFed FBO Operating Cash,30.53,0.00,Waterfall Settlement Sweep - SCMA-MEM-0001 (HMAC: AUTHENTICATE...)
VOUCHER-20261010-01518,2026-10-11T00:59:09,3020,Equity:Members:SCMA-MEM-0001,0.00,30.53,Waterfall Settlement Sweep - SCMA-MEM-0001 (HMAC: AUTHENTICATE...)
VOUCHER-20261010-01519,2026-10-11T00:59:09,1010,Assets:Bank:PenFed FBO Operating Cash,35.67,0.00,Waterfall Settlement Sweep - SCMA-FOUNDER (HMAC: AUTHENTICATE...)
VOUCHER-20261010-01519,2026-10-11T00:59:09,3010,Equity:Members:SCMA-FOUNDER,0.00,35.67,Waterfall Settlement Sweep - SCMA-FOUNDER (HMAC: AUTHENTICATE...)
VOUCHER-20261010-01520,2026-10-11T00:59:09,1010,Assets:Bank:PenFed FBO Operating Cash,30.53,0.00,Waterfall Settlement Sweep - SCMA-MEM-0001 (HMAC: AUTHENTICATE...)
VOUCHER-20261010-01520,2026-10-11T00:59:09,3020,Equity:Members:SCMA-MEM-0001,0.00,30.53,Waterfall Settlement Sweep - SCMA-MEM-0001 (HMAC: AUTHENTICATE...)
VOUCHER-20261010-01521,2026-10-11T00:59:09,1010,Assets:Bank:PenFed FBO Operating Cash,35.67,0.00,Waterfall Settlement Sweep - SCMA-FOUNDER (HMAC: AUTHENTICATE...)
VOUCHER-20261010-01521,2026-10-11T00:59:09,3010,Equity:Members:SCMA-FOUNDER,0.00,35.67,Waterfall Settlement Sweep - SCMA-FOUNDER (HMAC: AUTHENTICATE...)
VOUCHER-20261010-01522,2026-10-11T00:59:09,1010,Assets:Bank:PenFed FBO Operating Cash,30.53,0.00,Waterfall Settlement Sweep - SCMA-MEM-0001 (HMAC: AUTHENTICATE...)
VOUCHER-20261010-01522,2026-10-11T00:59:09,3020,Equity:Members:SCMA-MEM-0001,0.00,30.53,Waterfall Settlement Sweep - SCMA-MEM-0001 (HMAC: AUTHENTICATE...)
VOUCHER-20261010-01523,2026-10-11T00:59:09,1010,Assets:Bank:PenFed FBO Operating Cash,35.67,0.00,Waterfall Settlement Sweep - SCMA-FOUNDER (HMAC: AUTHENTICATE...)
VOUCHER-20261010-01523,2026-10-11T00:59:09,3010,Equity:Members:SCMA-FOUNDER,0.00,35.67,Waterfall Settlement Sweep - SCMA-FOUNDER (HMAC: AUTHENTICATE...)
VOUCHER-20261010-01524,2026-10-11T00:59:09,1010,Assets:Bank:PenFed FBO Operating Cash,30.53,0.00,Waterfall Settlement Sweep - SCMA-MEM-0001 (HMAC: AUTHENTICATE...)
VOUCHER-20261010-01524,2026-10-11T00:59:09,3020,Equity:Members:SCMA-MEM-0001,0.00,30.53,Waterfall Settlement Sweep - SCMA-MEM-0001 (HMAC: AUTHENTICATE...)
VOUCHER-20261010-01525,2026-10-11T00:59:09,1010,Assets:Bank:PenFed FBO Operating Cash,35.67,0.00,Waterfall Settlement Sweep - SCMA-FOUNDER (HMAC: AUTHENTICATE...)
VOUCHER-20261010-01525,2026-10-11T00:59:09,3010,Equity:Members:SCMA-FOUNDER,0.00,35.67,Waterfall Settlement Sweep - SCMA-FOUNDER (HMAC: AUTHENTICATE...)
VOUCHER-20261010-01526,2026-10-11T00:59:09,1010,Assets:Bank:PenFed FBO Operating Cash,30.53,0.00,Waterfall Settlement Sweep - SCMA-MEM-0001 (HMAC: AUTHENTICATE...)
VOUCHER-20261010-01526,2026-10-11T00:59:09,3020,Equity:Members:SCMA-MEM-0001,0.00,30.53,Waterfall Settlement Sweep - SCMA-MEM-0001 (HMAC: AUTHENTICATE...)
VOUCHER-20261010-01527,2026-10-11T00:59:09,1010,Assets:Bank:PenFed FBO Operating Cash,35.67,0.00,Waterfall Settlement Sweep - SCMA-FOUNDER (HMAC: AUTHENTICATE...)
VOUCHER-20261010-01527,2026-10-11T00:59:09,3010,Equity:Members:SCMA-FOUNDER,0.00,35.67,Waterfall Settlement Sweep - SCMA-FOUNDER (HMAC: AUTHENTICATE...)
VOUCHER-20261010-01528,2026-10-11T00:59:09,1010,Assets:Bank:PenFed FBO Operating Cash,30.53,0.00,Waterfall Settlement Sweep - SCMA-MEM-0001 (HMAC: AUTHENTICATE...)
VOUCHER-20261010-01528,2026-10-11T00:59:09,3020,Equity:Members:SCMA-MEM-0001,0.00,30.53,Waterfall Settlement Sweep - SCMA-MEM-0001 (HMAC: AUTHENTICATE...)
